[05-Jun-2025 18:07:46 Europe/Berlin] PHP Warning:  Constant DB_HOST already defined in C:\Users\cumbe\OneDrive\Desktop\PGRS Portal\webGNIS Sample Data\250418 Drei\WebGNIS Files\config.php on line 10
[05-Jun-2025 18:07:46 Europe/Berlin] PHP Warning:  Constant DB_USER already defined in C:\Users\cumbe\OneDrive\Desktop\PGRS Portal\webGNIS Sample Data\250418 Drei\WebGNIS Files\config.php on line 11
[05-Jun-2025 18:07:46 Europe/Berlin] PHP Warning:  Constant DB_PASS already defined in C:\Users\cumbe\OneDrive\Desktop\PGRS Portal\webGNIS Sample Data\250418 Drei\WebGNIS Files\config.php on line 12
[05-Jun-2025 18:07:46 Europe/Berlin] PHP Warning:  Constant DB_NAME already defined in C:\Users\cumbe\OneDrive\Desktop\PGRS Portal\webGNIS Sample Data\250418 Drei\WebGNIS Files\config.php on line 13
[05-Jun-2025 18:07:46 Europe/Berlin] PHP Warning:  Constant DB_CHARSET already defined in C:\Users\cumbe\OneDrive\Desktop\PGRS Portal\webGNIS Sample Data\250418 Drei\WebGNIS Files\config.php on line 14
[05-Jun-2025 18:07:46 Europe/Berlin] [CONFIG] Database connection successful
[06-Jun-2025 00:07:46 Asia/Manila] PHP Warning:  Constant JWT_SECRET already defined in C:\Users\cumbe\OneDrive\Desktop\PGRS Portal\webGNIS Sample Data\250418 Drei\WebGNIS Files\config.php on line 90
[06-Jun-2025 00:07:46 Asia/Manila] PHP Warning:  Constant TOKEN_EXPIRY already defined in C:\Users\cumbe\OneDrive\Desktop\PGRS Portal\webGNIS Sample Data\250418 Drei\WebGNIS Files\config.php on line 91
[05-Jun-2025 18:07:46 Europe/Berlin] PHP Warning:  Constant DB_HOST already defined in C:\Users\cumbe\OneDrive\Desktop\PGRS Portal\webGNIS Sample Data\250418 Drei\WebGNIS Files\config.php on line 10
[05-Jun-2025 18:07:46 Europe/Berlin] PHP Warning:  Constant DB_USER already defined in C:\Users\cumbe\OneDrive\Desktop\PGRS Portal\webGNIS Sample Data\250418 Drei\WebGNIS Files\config.php on line 11
[05-Jun-2025 18:07:46 Europe/Berlin] PHP Warning:  Constant DB_PASS already defined in C:\Users\cumbe\OneDrive\Desktop\PGRS Portal\webGNIS Sample Data\250418 Drei\WebGNIS Files\config.php on line 12
[05-Jun-2025 18:07:46 Europe/Berlin] PHP Warning:  Constant DB_NAME already defined in C:\Users\cumbe\OneDrive\Desktop\PGRS Portal\webGNIS Sample Data\250418 Drei\WebGNIS Files\config.php on line 13
[05-Jun-2025 18:07:46 Europe/Berlin] PHP Warning:  Constant DB_CHARSET already defined in C:\Users\cumbe\OneDrive\Desktop\PGRS Portal\webGNIS Sample Data\250418 Drei\WebGNIS Files\config.php on line 14
[05-Jun-2025 18:07:46 Europe/Berlin] [CONFIG] Database connection successful
[06-Jun-2025 00:07:46 Asia/Manila] PHP Warning:  Constant JWT_SECRET already defined in C:\Users\cumbe\OneDrive\Desktop\PGRS Portal\webGNIS Sample Data\250418 Drei\WebGNIS Files\config.php on line 90
[06-Jun-2025 00:07:46 Asia/Manila] PHP Warning:  Constant TOKEN_EXPIRY already defined in C:\Users\cumbe\OneDrive\Desktop\PGRS Portal\webGNIS Sample Data\250418 Drei\WebGNIS Files\config.php on line 91
[05-Jun-2025 18:07:53 Europe/Berlin] PHP Warning:  Constant DB_HOST already defined in C:\Users\cumbe\OneDrive\Desktop\PGRS Portal\webGNIS Sample Data\250418 Drei\WebGNIS Files\config.php on line 10
[05-Jun-2025 18:07:53 Europe/Berlin] PHP Warning:  Constant DB_USER already defined in C:\Users\cumbe\OneDrive\Desktop\PGRS Portal\webGNIS Sample Data\250418 Drei\WebGNIS Files\config.php on line 11
[05-Jun-2025 18:07:53 Europe/Berlin] PHP Warning:  Constant DB_PASS already defined in C:\Users\cumbe\OneDrive\Desktop\PGRS Portal\webGNIS Sample Data\250418 Drei\WebGNIS Files\config.php on line 12
[05-Jun-2025 18:07:53 Europe/Berlin] PHP Warning:  Constant DB_NAME already defined in C:\Users\cumbe\OneDrive\Desktop\PGRS Portal\webGNIS Sample Data\250418 Drei\WebGNIS Files\config.php on line 13
[05-Jun-2025 18:07:53 Europe/Berlin] PHP Warning:  Constant DB_CHARSET already defined in C:\Users\cumbe\OneDrive\Desktop\PGRS Portal\webGNIS Sample Data\250418 Drei\WebGNIS Files\config.php on line 14
[05-Jun-2025 18:07:53 Europe/Berlin] [CONFIG] Database connection successful
[06-Jun-2025 00:07:53 Asia/Manila] PHP Warning:  Constant JWT_SECRET already defined in C:\Users\cumbe\OneDrive\Desktop\PGRS Portal\webGNIS Sample Data\250418 Drei\WebGNIS Files\config.php on line 90
[06-Jun-2025 00:07:53 Asia/Manila] PHP Warning:  Constant TOKEN_EXPIRY already defined in C:\Users\cumbe\OneDrive\Desktop\PGRS Portal\webGNIS Sample Data\250418 Drei\WebGNIS Files\config.php on line 91
[06-Jun-2025 00:07:54 Asia/Manila] [2025-06-06 00:07:54] getAllPayments called by user_id: 1
[06-Jun-2025 00:07:54 Asia/Manila] [2025-06-06 00:07:54] Running query: SELECT t.*,
                pm.method_name, 
                r.user_id, r.transaction_code,
                u.username, u.email,
                rs.status_name
                FROM transactions t
                LEFT JOIN payment_methods pm ON t.payment_method_id = pm.payment_method_id
                LEFT JOIN requests r ON t.request_id = r.request_id
                LEFT JOIN users u ON r.user_id = u.user_id
                LEFT JOIN request_statuses rs ON t.status_id = rs.status_id
                ORDER BY t.payment_date DESC
                LIMIT :offset, :per_page
[06-Jun-2025 00:07:54 Asia/Manila] [2025-06-06 00:07:54] Found 4 transactions
[06-Jun-2025 00:14:17 Asia/Manila] [2025-06-06 00:14:17] getAllPayments called by user_id: 1
[06-Jun-2025 00:14:17 Asia/Manila] [2025-06-06 00:14:17] Running query: SELECT t.*,
                pm.method_name, 
                r.user_id, r.transaction_code,
                u.username, u.email,
                rs.status_name
                FROM transactions t
                LEFT JOIN payment_methods pm ON t.payment_method_id = pm.payment_method_id
                LEFT JOIN requests r ON t.request_id = r.request_id
                LEFT JOIN users u ON r.user_id = u.user_id
                LEFT JOIN request_statuses rs ON t.status_id = rs.status_id
                ORDER BY t.payment_date DESC
                LIMIT :offset, :per_page
[06-Jun-2025 00:14:17 Asia/Manila] [2025-06-06 00:14:17] Found 4 transactions
[05-Jun-2025 18:14:19 Europe/Berlin] PHP Warning:  Constant DB_HOST already defined in C:\Users\cumbe\OneDrive\Desktop\PGRS Portal\webGNIS Sample Data\250418 Drei\WebGNIS Files\config.php on line 10
[05-Jun-2025 18:14:19 Europe/Berlin] PHP Warning:  Constant DB_USER already defined in C:\Users\cumbe\OneDrive\Desktop\PGRS Portal\webGNIS Sample Data\250418 Drei\WebGNIS Files\config.php on line 11
[05-Jun-2025 18:14:19 Europe/Berlin] PHP Warning:  Constant DB_PASS already defined in C:\Users\cumbe\OneDrive\Desktop\PGRS Portal\webGNIS Sample Data\250418 Drei\WebGNIS Files\config.php on line 12
[05-Jun-2025 18:14:19 Europe/Berlin] PHP Warning:  Constant DB_NAME already defined in C:\Users\cumbe\OneDrive\Desktop\PGRS Portal\webGNIS Sample Data\250418 Drei\WebGNIS Files\config.php on line 13
[05-Jun-2025 18:14:19 Europe/Berlin] PHP Warning:  Constant DB_CHARSET already defined in C:\Users\cumbe\OneDrive\Desktop\PGRS Portal\webGNIS Sample Data\250418 Drei\WebGNIS Files\config.php on line 14
[05-Jun-2025 18:14:19 Europe/Berlin] [CONFIG] Database connection successful
[06-Jun-2025 00:14:19 Asia/Manila] PHP Warning:  Constant JWT_SECRET already defined in C:\Users\cumbe\OneDrive\Desktop\PGRS Portal\webGNIS Sample Data\250418 Drei\WebGNIS Files\config.php on line 90
[06-Jun-2025 00:14:19 Asia/Manila] PHP Warning:  Constant TOKEN_EXPIRY already defined in C:\Users\cumbe\OneDrive\Desktop\PGRS Portal\webGNIS Sample Data\250418 Drei\WebGNIS Files\config.php on line 91
[05-Jun-2025 18:14:30 Europe/Berlin] PHP Warning:  Constant DB_HOST already defined in C:\Users\cumbe\OneDrive\Desktop\PGRS Portal\webGNIS Sample Data\250418 Drei\WebGNIS Files\config.php on line 10
[05-Jun-2025 18:14:30 Europe/Berlin] PHP Warning:  Constant DB_USER already defined in C:\Users\cumbe\OneDrive\Desktop\PGRS Portal\webGNIS Sample Data\250418 Drei\WebGNIS Files\config.php on line 11
[05-Jun-2025 18:14:30 Europe/Berlin] PHP Warning:  Constant DB_PASS already defined in C:\Users\cumbe\OneDrive\Desktop\PGRS Portal\webGNIS Sample Data\250418 Drei\WebGNIS Files\config.php on line 12
[05-Jun-2025 18:14:30 Europe/Berlin] PHP Warning:  Constant DB_NAME already defined in C:\Users\cumbe\OneDrive\Desktop\PGRS Portal\webGNIS Sample Data\250418 Drei\WebGNIS Files\config.php on line 13
[05-Jun-2025 18:14:30 Europe/Berlin] PHP Warning:  Constant DB_CHARSET already defined in C:\Users\cumbe\OneDrive\Desktop\PGRS Portal\webGNIS Sample Data\250418 Drei\WebGNIS Files\config.php on line 14
[05-Jun-2025 18:14:30 Europe/Berlin] [CONFIG] Database connection successful
[06-Jun-2025 00:14:30 Asia/Manila] PHP Warning:  Constant JWT_SECRET already defined in C:\Users\cumbe\OneDrive\Desktop\PGRS Portal\webGNIS Sample Data\250418 Drei\WebGNIS Files\config.php on line 90
[06-Jun-2025 00:14:30 Asia/Manila] PHP Warning:  Constant TOKEN_EXPIRY already defined in C:\Users\cumbe\OneDrive\Desktop\PGRS Portal\webGNIS Sample Data\250418 Drei\WebGNIS Files\config.php on line 91
[06-Jun-2025 00:14:31 Asia/Manila] [2025-06-06 00:14:31] getAllPayments called by user_id: 1
[06-Jun-2025 00:14:31 Asia/Manila] [2025-06-06 00:14:31] Running query: SELECT t.*,
                pm.method_name, 
                r.user_id, r.transaction_code,
                u.username, u.email,
                rs.status_name
                FROM transactions t
                LEFT JOIN payment_methods pm ON t.payment_method_id = pm.payment_method_id
                LEFT JOIN requests r ON t.request_id = r.request_id
                LEFT JOIN users u ON r.user_id = u.user_id
                LEFT JOIN request_statuses rs ON t.status_id = rs.status_id
                ORDER BY t.payment_date DESC
                LIMIT :offset, :per_page
[06-Jun-2025 00:14:31 Asia/Manila] [2025-06-06 00:14:31] Found 4 transactions
[06-Jun-2025 00:15:12 Asia/Manila] [2025-06-06 00:15:12] getAllPayments called by user_id: 1
[06-Jun-2025 00:15:12 Asia/Manila] [2025-06-06 00:15:12] Running query: SELECT t.*,
                pm.method_name, 
                r.user_id, r.transaction_code,
                u.username, u.email,
                rs.status_name
                FROM transactions t
                LEFT JOIN payment_methods pm ON t.payment_method_id = pm.payment_method_id
                LEFT JOIN requests r ON t.request_id = r.request_id
                LEFT JOIN users u ON r.user_id = u.user_id
                LEFT JOIN request_statuses rs ON t.status_id = rs.status_id
                ORDER BY t.payment_date DESC
                LIMIT :offset, :per_page
[06-Jun-2025 00:15:12 Asia/Manila] [2025-06-06 00:15:12] Found 4 transactions
[06-Jun-2025 00:16:27 Asia/Manila] [2025-06-06 00:16:27] getAllPayments called by user_id: 1
[06-Jun-2025 00:16:27 Asia/Manila] [2025-06-06 00:16:27] Running query: SELECT t.*,
                pm.method_name, 
                r.user_id, r.transaction_code,
                u.username, u.email,
                rs.status_name
                FROM transactions t
                LEFT JOIN payment_methods pm ON t.payment_method_id = pm.payment_method_id
                LEFT JOIN requests r ON t.request_id = r.request_id
                LEFT JOIN users u ON r.user_id = u.user_id
                LEFT JOIN request_statuses rs ON t.status_id = rs.status_id
                ORDER BY t.payment_date DESC
                LIMIT :offset, :per_page
[06-Jun-2025 00:16:27 Asia/Manila] [2025-06-06 00:16:27] Found 4 transactions
[05-Jun-2025 18:16:31 Europe/Berlin] PHP Warning:  Constant DB_HOST already defined in C:\Users\cumbe\OneDrive\Desktop\PGRS Portal\webGNIS Sample Data\250418 Drei\WebGNIS Files\config.php on line 10
[05-Jun-2025 18:16:31 Europe/Berlin] PHP Warning:  Constant DB_USER already defined in C:\Users\cumbe\OneDrive\Desktop\PGRS Portal\webGNIS Sample Data\250418 Drei\WebGNIS Files\config.php on line 11
[05-Jun-2025 18:16:31 Europe/Berlin] PHP Warning:  Constant DB_PASS already defined in C:\Users\cumbe\OneDrive\Desktop\PGRS Portal\webGNIS Sample Data\250418 Drei\WebGNIS Files\config.php on line 12
[05-Jun-2025 18:16:31 Europe/Berlin] PHP Warning:  Constant DB_NAME already defined in C:\Users\cumbe\OneDrive\Desktop\PGRS Portal\webGNIS Sample Data\250418 Drei\WebGNIS Files\config.php on line 13
[05-Jun-2025 18:16:31 Europe/Berlin] PHP Warning:  Constant DB_CHARSET already defined in C:\Users\cumbe\OneDrive\Desktop\PGRS Portal\webGNIS Sample Data\250418 Drei\WebGNIS Files\config.php on line 14
[05-Jun-2025 18:16:31 Europe/Berlin] [CONFIG] Database connection successful
[06-Jun-2025 00:16:31 Asia/Manila] PHP Warning:  Constant JWT_SECRET already defined in C:\Users\cumbe\OneDrive\Desktop\PGRS Portal\webGNIS Sample Data\250418 Drei\WebGNIS Files\config.php on line 90
[06-Jun-2025 00:16:31 Asia/Manila] PHP Warning:  Constant TOKEN_EXPIRY already defined in C:\Users\cumbe\OneDrive\Desktop\PGRS Portal\webGNIS Sample Data\250418 Drei\WebGNIS Files\config.php on line 91
[06-Jun-2025 00:16:32 Asia/Manila] [2025-06-06 00:16:32] getAllPayments called by user_id: 1
[06-Jun-2025 00:16:32 Asia/Manila] [2025-06-06 00:16:32] Running query: SELECT t.*,
                pm.method_name, 
                r.user_id, r.transaction_code,
                u.username, u.email,
                rs.status_name
                FROM transactions t
                LEFT JOIN payment_methods pm ON t.payment_method_id = pm.payment_method_id
                LEFT JOIN requests r ON t.request_id = r.request_id
                LEFT JOIN users u ON r.user_id = u.user_id
                LEFT JOIN request_statuses rs ON t.status_id = rs.status_id
                ORDER BY t.payment_date DESC
                LIMIT :offset, :per_page
[06-Jun-2025 00:16:32 Asia/Manila] [2025-06-06 00:16:32] Found 4 transactions
[06-Jun-2025 00:16:44 Asia/Manila] getUserRequests called with userId: 1
[06-Jun-2025 00:16:44 Asia/Manila] verifyToken called with requiredRole: null
[06-Jun-2025 00:16:44 Asia/Manila] Authorization header present: yes (Bearer eyJ0eXAi...)
[06-Jun-2025 00:16:44 Asia/Manila] JWT token for verification (length: 198): eyJ0eXAiOiJKV1QiLCJh...
[06-Jun-2025 00:16:44 Asia/Manila] Token payload decoded successfully. User ID: 1, Type: admin
[06-Jun-2025 00:16:44 Asia/Manila] Token user_id: 1, type: integer
[06-Jun-2025 00:16:44 Asia/Manila] Requested user_id: 1, type: integer
[06-Jun-2025 00:16:44 Asia/Manila] Found 2 requests for user 1
[06-Jun-2025 00:16:44 Asia/Manila] getUserRequests called with userId: 1
[06-Jun-2025 00:16:44 Asia/Manila] verifyToken called with requiredRole: null
[06-Jun-2025 00:16:44 Asia/Manila] Authorization header present: yes (Bearer eyJ0eXAi...)
[06-Jun-2025 00:16:44 Asia/Manila] JWT token for verification (length: 198): eyJ0eXAiOiJKV1QiLCJh...
[06-Jun-2025 00:16:44 Asia/Manila] Token payload decoded successfully. User ID: 1, Type: admin
[06-Jun-2025 00:16:44 Asia/Manila] Token user_id: 1, type: integer
[06-Jun-2025 00:16:44 Asia/Manila] Requested user_id: 1, type: integer
[06-Jun-2025 00:16:44 Asia/Manila] Found 2 requests for user 1
[06-Jun-2025 00:23:53 Asia/Manila] getUserRequests called with userId: 1
[06-Jun-2025 00:23:53 Asia/Manila] verifyToken called with requiredRole: null
[06-Jun-2025 00:23:53 Asia/Manila] Authorization header present: yes (Bearer eyJ0eXAi...)
[06-Jun-2025 00:23:53 Asia/Manila] JWT token for verification (length: 198): eyJ0eXAiOiJKV1QiLCJh...
[06-Jun-2025 00:23:53 Asia/Manila] Token payload decoded successfully. User ID: 1, Type: admin
[06-Jun-2025 00:23:53 Asia/Manila] Token user_id: 1, type: integer
[06-Jun-2025 00:23:53 Asia/Manila] Requested user_id: 1, type: integer
[06-Jun-2025 00:23:53 Asia/Manila] Found 2 requests for user 1
[06-Jun-2025 00:23:53 Asia/Manila] getUserRequests called with userId: 1
[06-Jun-2025 00:23:53 Asia/Manila] verifyToken called with requiredRole: null
[06-Jun-2025 00:23:53 Asia/Manila] Authorization header present: yes (Bearer eyJ0eXAi...)
[06-Jun-2025 00:23:53 Asia/Manila] JWT token for verification (length: 198): eyJ0eXAiOiJKV1QiLCJh...
[06-Jun-2025 00:23:53 Asia/Manila] Token payload decoded successfully. User ID: 1, Type: admin
[06-Jun-2025 00:23:53 Asia/Manila] Token user_id: 1, type: integer
[06-Jun-2025 00:23:53 Asia/Manila] Requested user_id: 1, type: integer
[06-Jun-2025 00:23:53 Asia/Manila] Found 2 requests for user 1
[06-Jun-2025 00:23:58 Asia/Manila] getUserRequests called with userId: 1
[06-Jun-2025 00:23:58 Asia/Manila] verifyToken called with requiredRole: null
[06-Jun-2025 00:23:58 Asia/Manila] Authorization header present: yes (Bearer eyJ0eXAi...)
[06-Jun-2025 00:23:58 Asia/Manila] JWT token for verification (length: 198): eyJ0eXAiOiJKV1QiLCJh...
[06-Jun-2025 00:23:58 Asia/Manila] Token payload decoded successfully. User ID: 1, Type: admin
[06-Jun-2025 00:23:58 Asia/Manila] Token user_id: 1, type: integer
[06-Jun-2025 00:23:58 Asia/Manila] Requested user_id: 1, type: integer
[06-Jun-2025 00:23:58 Asia/Manila] Found 2 requests for user 1
[06-Jun-2025 00:23:58 Asia/Manila] getUserRequests called with userId: 1
[06-Jun-2025 00:23:58 Asia/Manila] verifyToken called with requiredRole: null
[06-Jun-2025 00:23:58 Asia/Manila] Authorization header present: yes (Bearer eyJ0eXAi...)
[06-Jun-2025 00:23:58 Asia/Manila] JWT token for verification (length: 198): eyJ0eXAiOiJKV1QiLCJh...
[06-Jun-2025 00:23:58 Asia/Manila] Token payload decoded successfully. User ID: 1, Type: admin
[06-Jun-2025 00:23:58 Asia/Manila] Token user_id: 1, type: integer
[06-Jun-2025 00:23:58 Asia/Manila] Requested user_id: 1, type: integer
[06-Jun-2025 00:23:58 Asia/Manila] Found 2 requests for user 1
[05-Jun-2025 18:23:59 Europe/Berlin] PHP Warning:  Constant DB_HOST already defined in C:\Users\cumbe\OneDrive\Desktop\PGRS Portal\webGNIS Sample Data\250418 Drei\WebGNIS Files\config.php on line 10
[05-Jun-2025 18:23:59 Europe/Berlin] PHP Warning:  Constant DB_USER already defined in C:\Users\cumbe\OneDrive\Desktop\PGRS Portal\webGNIS Sample Data\250418 Drei\WebGNIS Files\config.php on line 11
[05-Jun-2025 18:23:59 Europe/Berlin] PHP Warning:  Constant DB_PASS already defined in C:\Users\cumbe\OneDrive\Desktop\PGRS Portal\webGNIS Sample Data\250418 Drei\WebGNIS Files\config.php on line 12
[05-Jun-2025 18:23:59 Europe/Berlin] PHP Warning:  Constant DB_NAME already defined in C:\Users\cumbe\OneDrive\Desktop\PGRS Portal\webGNIS Sample Data\250418 Drei\WebGNIS Files\config.php on line 13
[05-Jun-2025 18:23:59 Europe/Berlin] PHP Warning:  Constant DB_CHARSET already defined in C:\Users\cumbe\OneDrive\Desktop\PGRS Portal\webGNIS Sample Data\250418 Drei\WebGNIS Files\config.php on line 14
[05-Jun-2025 18:23:59 Europe/Berlin] [CONFIG] Database connection successful
[06-Jun-2025 00:23:59 Asia/Manila] PHP Warning:  Constant JWT_SECRET already defined in C:\Users\cumbe\OneDrive\Desktop\PGRS Portal\webGNIS Sample Data\250418 Drei\WebGNIS Files\config.php on line 90
[06-Jun-2025 00:23:59 Asia/Manila] PHP Warning:  Constant TOKEN_EXPIRY already defined in C:\Users\cumbe\OneDrive\Desktop\PGRS Portal\webGNIS Sample Data\250418 Drei\WebGNIS Files\config.php on line 91
[05-Jun-2025 18:24:05 Europe/Berlin] PHP Warning:  Constant DB_HOST already defined in C:\Users\cumbe\OneDrive\Desktop\PGRS Portal\webGNIS Sample Data\250418 Drei\WebGNIS Files\config.php on line 10
[05-Jun-2025 18:24:05 Europe/Berlin] PHP Warning:  Constant DB_USER already defined in C:\Users\cumbe\OneDrive\Desktop\PGRS Portal\webGNIS Sample Data\250418 Drei\WebGNIS Files\config.php on line 11
[05-Jun-2025 18:24:05 Europe/Berlin] PHP Warning:  Constant DB_PASS already defined in C:\Users\cumbe\OneDrive\Desktop\PGRS Portal\webGNIS Sample Data\250418 Drei\WebGNIS Files\config.php on line 12
[05-Jun-2025 18:24:05 Europe/Berlin] PHP Warning:  Constant DB_NAME already defined in C:\Users\cumbe\OneDrive\Desktop\PGRS Portal\webGNIS Sample Data\250418 Drei\WebGNIS Files\config.php on line 13
[05-Jun-2025 18:24:05 Europe/Berlin] PHP Warning:  Constant DB_CHARSET already defined in C:\Users\cumbe\OneDrive\Desktop\PGRS Portal\webGNIS Sample Data\250418 Drei\WebGNIS Files\config.php on line 14
[05-Jun-2025 18:24:05 Europe/Berlin] [CONFIG] Database connection successful
[06-Jun-2025 00:24:05 Asia/Manila] PHP Warning:  Constant JWT_SECRET already defined in C:\Users\cumbe\OneDrive\Desktop\PGRS Portal\webGNIS Sample Data\250418 Drei\WebGNIS Files\config.php on line 90
[06-Jun-2025 00:24:05 Asia/Manila] PHP Warning:  Constant TOKEN_EXPIRY already defined in C:\Users\cumbe\OneDrive\Desktop\PGRS Portal\webGNIS Sample Data\250418 Drei\WebGNIS Files\config.php on line 91
[13-Jun-2025 04:37:26 Europe/Berlin] No authentication token provided in request
[13-Jun-2025 10:37:26 Asia/Manila] API Request: /api/stations/horizontal
[13-Jun-2025 10:37:26 Asia/Manila] API Request: /api/stations/horizontal
[13-Jun-2025 04:38:23 Europe/Berlin] No authentication token provided in request
[13-Jun-2025 10:38:23 Asia/Manila] API Request: /api/stations/horizontal
[13-Jun-2025 10:38:23 Asia/Manila] API Request: /api/stations/horizontal
[13-Jun-2025 10:39:17 Asia/Manila] API Request: /api/stations/horizontal
[13-Jun-2025 04:39:17 Europe/Berlin] No authentication token provided in request
[13-Jun-2025 10:39:17 Asia/Manila] API Request: /api/stations/horizontal
[13-Jun-2025 04:40:37 Europe/Berlin] No authentication token provided in request
[13-Jun-2025 10:40:37 Asia/Manila] API Request: /api/stations/horizontal
[13-Jun-2025 10:40:37 Asia/Manila] API Request: /api/stations/horizontal
[13-Jun-2025 04:45:24 Europe/Berlin] No authentication token provided in request
[13-Jun-2025 10:45:24 Asia/Manila] API Request: /api/stations/horizontal
[13-Jun-2025 10:45:24 Asia/Manila] API Request: /api/stations/horizontal
[13-Jun-2025 04:55:22 Europe/Berlin] No authentication token provided in request
[13-Jun-2025 10:55:22 Asia/Manila] API Request: /api/stations/horizontal
[13-Jun-2025 10:55:22 Asia/Manila] API Request: /api/stations/horizontal
[13-Jun-2025 04:55:37 Europe/Berlin] No authentication token provided in request
[13-Jun-2025 10:55:37 Asia/Manila] API Request: /api/stations/horizontal
[13-Jun-2025 10:55:37 Asia/Manila] API Request: /api/stations/horizontal
[13-Jun-2025 04:59:07 Europe/Berlin] No authentication token provided in request
[13-Jun-2025 10:59:07 Asia/Manila] API Request: /api/stations/horizontal
[13-Jun-2025 10:59:07 Asia/Manila] API Request: /api/stations/horizontal
[13-Jun-2025 05:02:06 Europe/Berlin] No authentication token provided in request
[13-Jun-2025 11:02:06 Asia/Manila] API Request: /api/stations/horizontal
[13-Jun-2025 11:02:06 Asia/Manila] API Request: /api/stations/horizontal
[13-Jun-2025 05:03:07 Europe/Berlin] No authentication token provided in request
[13-Jun-2025 11:03:07 Asia/Manila] API Request: /api/stations/horizontal
[13-Jun-2025 11:03:07 Asia/Manila] API Request: /api/stations/horizontal
[13-Jun-2025 05:24:39 Europe/Berlin] No authentication token provided in request
[13-Jun-2025 11:24:39 Asia/Manila] API Request: /api/stations/horizontal
[13-Jun-2025 11:24:39 Asia/Manila] API Request: /api/stations/horizontal
[13-Jun-2025 11:25:02 Asia/Manila] API Request: /api/stations/horizontal
[13-Jun-2025 05:25:02 Europe/Berlin] No authentication token provided in request
[13-Jun-2025 11:25:02 Asia/Manila] API Request: /api/stations/horizontal
[13-Jun-2025 05:25:49 Europe/Berlin] No authentication token provided in request
[13-Jun-2025 11:25:49 Asia/Manila] API Request: /api/stations/horizontal
[13-Jun-2025 11:25:49 Asia/Manila] API Request: /api/stations/horizontal
[13-Jun-2025 05:26:20 Europe/Berlin] No authentication token provided in request
[13-Jun-2025 11:26:20 Asia/Manila] API Request: /api/stations/horizontal
[13-Jun-2025 11:26:21 Asia/Manila] API Request: /api/stations/horizontal
[13-Jun-2025 11:27:11 Asia/Manila] API Request: /api/stations/horizontal
[13-Jun-2025 05:27:11 Europe/Berlin] No authentication token provided in request
[13-Jun-2025 11:27:11 Asia/Manila] API Request: /api/stations/horizontal
[13-Jun-2025 05:27:55 Europe/Berlin] No authentication token provided in request
[13-Jun-2025 11:27:55 Asia/Manila] API Request: /api/stations/horizontal
[13-Jun-2025 11:27:55 Asia/Manila] API Request: /api/stations/horizontal
[13-Jun-2025 05:28:47 Europe/Berlin] No authentication token provided in request
[13-Jun-2025 11:28:47 Asia/Manila] API Request: /api/stations/horizontal
[13-Jun-2025 11:28:47 Asia/Manila] API Request: /api/stations/horizontal
[13-Jun-2025 05:29:00 Europe/Berlin] No authentication token provided in request
[13-Jun-2025 11:29:00 Asia/Manila] API Request: /api/stations/horizontal
[13-Jun-2025 11:29:00 Asia/Manila] API Request: /api/stations/horizontal
[13-Jun-2025 05:31:15 Europe/Berlin] No authentication token provided in request
[13-Jun-2025 11:31:15 Asia/Manila] API Request: /api/stations/horizontal
[13-Jun-2025 11:31:15 Asia/Manila] API Request: /api/stations/horizontal
[13-Jun-2025 05:31:48 Europe/Berlin] No authentication token provided in request
[13-Jun-2025 11:31:48 Asia/Manila] API Request: /api/stations/horizontal
[13-Jun-2025 11:31:48 Asia/Manila] API Request: /api/stations/horizontal
[13-Jun-2025 11:32:12 Asia/Manila] API Request: /api/stations/horizontal
[13-Jun-2025 11:32:12 Asia/Manila] API Request: /api/stations/horizontal
[13-Jun-2025 05:32:12 Europe/Berlin] No authentication token provided in request
[13-Jun-2025 05:32:25 Europe/Berlin] No authentication token provided in request
[13-Jun-2025 11:32:25 Asia/Manila] API Request: /api/stations/horizontal
[13-Jun-2025 11:32:25 Asia/Manila] API Request: /api/stations/horizontal
[13-Jun-2025 05:34:36 Europe/Berlin] No authentication token provided in request
[13-Jun-2025 11:34:36 Asia/Manila] API Request: /api/stations/horizontal
[13-Jun-2025 11:34:36 Asia/Manila] API Request: /api/stations/horizontal
[13-Jun-2025 11:34:46 Asia/Manila] API Request: /api/stations/horizontal
[13-Jun-2025 05:34:46 Europe/Berlin] No authentication token provided in request
[13-Jun-2025 11:34:46 Asia/Manila] API Request: /api/stations/horizontal
[13-Jun-2025 05:37:37 Europe/Berlin] No authentication token provided in request
[13-Jun-2025 11:37:37 Asia/Manila] API Request: /api/stations/horizontal
[13-Jun-2025 11:37:37 Asia/Manila] API Request: /api/stations/horizontal
[13-Jun-2025 11:44:47 Asia/Manila] API Request: /api/stations/horizontal
[13-Jun-2025 05:44:47 Europe/Berlin] No authentication token provided in request
[13-Jun-2025 11:44:47 Asia/Manila] API Request: /api/stations/horizontal
[25-Jun-2025 06:13:06 Europe/Berlin] No authentication token provided in request
[25-Jun-2025 12:13:06 Asia/Manila] API Request: /api/stations/horizontal
[25-Jun-2025 12:13:06 Asia/Manila] Table 'hgcp_stations_new' does not exist
[25-Jun-2025 12:13:06 Asia/Manila] Exception in API: Table not found in C:\Users\cumbe\OneDrive\Desktop\PGRS Portal\webGNIS Sample Data\250418 Drei\WebGNIS Files\api.php on line 77\nStack trace:\n#0 {main}
[25-Jun-2025 12:13:06 Asia/Manila] API Request: /api/stations/horizontal
[25-Jun-2025 12:13:06 Asia/Manila] Stations API Request: , Type: horizontal
[25-Jun-2025 12:13:06 Asia/Manila] Table 'hgcp_stations_new' does not exist
[25-Jun-2025 12:13:06 Asia/Manila] Exception in API: Table not found in C:\Users\cumbe\OneDrive\Desktop\PGRS Portal\webGNIS Sample Data\250418 Drei\WebGNIS Files\api.php on line 77\nStack trace:\n#0 {main}
[25-Jun-2025 12:13:06 Asia/Manila] Table 'hgcp_stations_new' does not exist
[25-Jun-2025 12:13:06 Asia/Manila] Exception in stations-api: Table not found in C:\Users\cumbe\OneDrive\Desktop\PGRS Portal\webGNIS Sample Data\250418 Drei\WebGNIS Files\stations-api.php on line 92\nStack trace:\n#0 {main}
[25-Jun-2025 12:13:06 Asia/Manila] Stations API Request: , Type: horizontal
[25-Jun-2025 12:13:06 Asia/Manila] Table 'hgcp_stations_new' does not exist
[25-Jun-2025 12:13:06 Asia/Manila] Exception in stations-api: Table not found in C:\Users\cumbe\OneDrive\Desktop\PGRS Portal\webGNIS Sample Data\250418 Drei\WebGNIS Files\stations-api.php on line 92\nStack trace:\n#0 {main}
[25-Jun-2025 06:29:20 Europe/Berlin] No authentication token provided in request
[25-Jun-2025 12:29:20 Asia/Manila] API Request: /api/stations/horizontal
[25-Jun-2025 12:29:20 Asia/Manila] No data found in table 'hgcp_stations_new'
[25-Jun-2025 12:29:20 Asia/Manila] API Request: /api/stations/horizontal
[25-Jun-2025 12:29:20 Asia/Manila] No data found in table 'hgcp_stations_new'
[25-Jun-2025 12:30:09 Asia/Manila] API Request: /api/stations/vertical
[25-Jun-2025 12:30:09 Asia/Manila] No data found in table 'vgcp_stations_new'
[25-Jun-2025 12:30:10 Asia/Manila] API Request: /api/stations/gravity
[25-Jun-2025 12:30:10 Asia/Manila] No data found in table 'grav_stations_new'
[25-Jun-2025 12:30:11 Asia/Manila] API Request: /api/stations/vertical
[25-Jun-2025 12:30:11 Asia/Manila] No data found in table 'vgcp_stations_new'
[25-Jun-2025 12:30:12 Asia/Manila] API Request: /api/stations/horizontal
[25-Jun-2025 12:30:12 Asia/Manila] No data found in table 'hgcp_stations_new'
[25-Jun-2025 12:30:12 Asia/Manila] API Request: /api/stations/vertical
[25-Jun-2025 12:30:12 Asia/Manila] No data found in table 'vgcp_stations_new'
[25-Jun-2025 06:30:18 Europe/Berlin] addToCart received data: stdClass Object
(
    [station_id] => v016
    [station_type] => vertical
    [station_name] => VERTICAL-16
    [session_id] => guest_1748312233305_znevapgoxr
)

[25-Jun-2025 06:30:18 Europe/Berlin] No authentication token provided in request
[25-Jun-2025 06:30:18 Europe/Berlin] Getting cart for user_id: NULL, session_id: guest_1748312233305_znevapgoxr
[25-Jun-2025 06:30:18 Europe/Berlin] Creating new guest cart for session: guest_1748312233305_znevapgoxr
[25-Jun-2025 06:30:18 Europe/Berlin] Created new guest cart ID: 12
[25-Jun-2025 06:30:18 Europe/Berlin] Executing INSERT for cart_item with cart_id: 12, station_id: v016, station_name: VERTICAL-16, station_type: vertical
[25-Jun-2025 06:30:21 Europe/Berlin] No authentication token provided in request
[25-Jun-2025 12:30:22 Asia/Manila] API Request: /api/stations/horizontal
[25-Jun-2025 12:30:22 Asia/Manila] No data found in table 'hgcp_stations_new'
[25-Jun-2025 06:30:25 Europe/Berlin] addToCart received data: stdClass Object
(
    [station_id] => h004
    [station_type] => vertical
    [station_name] => HORIZONTAL-4
    [session_id] => guest_1748312233305_znevapgoxr
)

[25-Jun-2025 06:30:25 Europe/Berlin] No authentication token provided in request
[25-Jun-2025 06:30:25 Europe/Berlin] Getting cart for user_id: NULL, session_id: guest_1748312233305_znevapgoxr
[25-Jun-2025 06:30:25 Europe/Berlin] Found existing guest cart ID: 12
[25-Jun-2025 06:30:25 Europe/Berlin] Executing INSERT for cart_item with cart_id: 12, station_id: h004, station_name: HORIZONTAL-4, station_type: vertical
[25-Jun-2025 06:30:27 Europe/Berlin] No authentication token provided in request
[25-Jun-2025 06:30:30 Europe/Berlin] No authentication token provided in request
[25-Jun-2025 06:30:30 Europe/Berlin] getCartItems raw fetched items: Array
(
)

[25-Jun-2025 12:30:30 Asia/Manila] API Request: /api/stations/horizontal
[25-Jun-2025 12:30:30 Asia/Manila] No data found in table 'hgcp_stations_new'
[25-Jun-2025 12:30:30 Asia/Manila] API Request: /api/stations/horizontal
[25-Jun-2025 12:30:30 Asia/Manila] No data found in table 'hgcp_stations_new'
[25-Jun-2025 07:15:09 Europe/Berlin] No authentication token provided in request
[25-Jun-2025 13:15:09 Asia/Manila] API Request: /api/stations/horizontal
[25-Jun-2025 13:15:09 Asia/Manila] No data found in table 'hgcp_stations_new'
[25-Jun-2025 07:15:09 Europe/Berlin] getCartItems raw fetched items: Array
(
)

[25-Jun-2025 13:15:09 Asia/Manila] API Request: /api/stations/horizontal
[25-Jun-2025 13:15:09 Asia/Manila] No data found in table 'hgcp_stations_new'
[07-Jul-2025 07:42:30 Europe/Berlin] No authentication token provided in request
[07-Jul-2025 13:42:30 Asia/Manila] API Request: /api/stations/horizontal
[07-Jul-2025 07:42:30 Europe/Berlin] getCartItems raw fetched items: Array
(
)

[07-Jul-2025 13:42:30 Asia/Manila] API Request: /api/stations/horizontal
[07-Jul-2025 07:45:06 Europe/Berlin] No authentication token provided in request
[07-Jul-2025 13:45:06 Asia/Manila] API Request: /api/stations/horizontal
[07-Jul-2025 07:45:06 Europe/Berlin] getCartItems raw fetched items: Array
(
)

[07-Jul-2025 13:45:07 Asia/Manila] API Request: /api/stations/horizontal
[07-Jul-2025 09:38:15 Europe/Berlin] No authentication token provided in request
[07-Jul-2025 15:38:15 Asia/Manila] API Request: /api/provinces
[07-Jul-2025 15:38:15 Asia/Manila] API Request: /api/stations/horizontal
[07-Jul-2025 09:40:21 Europe/Berlin] No authentication token provided in request
[07-Jul-2025 15:40:21 Asia/Manila] API Request: /api/provinces
[07-Jul-2025 15:40:21 Asia/Manila] API Request: /api/stations/horizontal
[16-Jul-2025 10:55:42 Europe/Berlin] No authentication token provided in request
[16-Jul-2025 10:55:42 Europe/Berlin] getCartItems raw fetched items: Array
(
)

[16-Jul-2025 16:55:42 Asia/Manila] Stations API Request: , Type: horizontal
[16-Jul-2025 11:28:15 Europe/Berlin] No authentication token provided in request
[16-Jul-2025 11:28:15 Europe/Berlin] getCartItems raw fetched items: Array
(
)

[16-Jul-2025 11:28:21 Europe/Berlin] No authentication token provided in request
[16-Jul-2025 11:28:21 Europe/Berlin] getCartItems raw fetched items: Array
(
)

[16-Jul-2025 11:33:20 Europe/Berlin] No authentication token provided in request
[16-Jul-2025 11:33:20 Europe/Berlin] getCartItems raw fetched items: Array
(
)

[16-Jul-2025 11:33:27 Europe/Berlin] No authentication token provided in request
[16-Jul-2025 11:33:27 Europe/Berlin] getCartItems raw fetched items: Array
(
)

[16-Jul-2025 11:33:29 Europe/Berlin] No authentication token provided in request
[16-Jul-2025 11:33:29 Europe/Berlin] getCartItems raw fetched items: Array
(
)

[16-Jul-2025 11:36:31 Europe/Berlin] No authentication token provided in request
[16-Jul-2025 11:36:31 Europe/Berlin] getCartItems raw fetched items: Array
(
)

[16-Jul-2025 11:36:34 Europe/Berlin] No authentication token provided in request
[16-Jul-2025 11:36:34 Europe/Berlin] getCartItems raw fetched items: Array
(
)

[16-Jul-2025 11:40:36 Europe/Berlin] No authentication token provided in request
[16-Jul-2025 11:40:36 Europe/Berlin] getCartItems raw fetched items: Array
(
)

[16-Jul-2025 11:41:34 Europe/Berlin] Verifying token: eyJ0eXAiOi...
[16-Jul-2025 11:41:34 Europe/Berlin] Token belongs to user_id: 1
[16-Jul-2025 11:41:34 Europe/Berlin] getCartItems raw fetched items: Array
(
)

[16-Jul-2025 11:41:34 Europe/Berlin] Verifying token: eyJ0eXAiOi...
[16-Jul-2025 11:41:34 Europe/Berlin] Token belongs to user_id: 1
[16-Jul-2025 11:41:34 Europe/Berlin] getCartItems raw fetched items: Array
(
)

[16-Jul-2025 11:41:35 Europe/Berlin] Verifying token: eyJ0eXAiOi...
[16-Jul-2025 11:41:35 Europe/Berlin] Token belongs to user_id: 1
[16-Jul-2025 11:41:35 Europe/Berlin] getCartItems raw fetched items: Array
(
)

[16-Jul-2025 11:41:35 Europe/Berlin] Verifying token: eyJ0eXAiOi...
[16-Jul-2025 11:41:35 Europe/Berlin] Token belongs to user_id: 1
[16-Jul-2025 11:41:35 Europe/Berlin] Starting cart sync for user_id: 1
[16-Jul-2025 11:41:35 Europe/Berlin] Syncing from guest session: guest_1748312233305_znevapgoxr to user: 1
[16-Jul-2025 11:41:35 Europe/Berlin] Found guest cart ID: 12
[16-Jul-2025 11:41:35 Europe/Berlin] Found existing user cart ID: 11
[16-Jul-2025 11:41:35 Europe/Berlin] Found 0 items to sync from guest cart to user cart
[16-Jul-2025 11:41:35 Europe/Berlin] Deleted items from guest cart ID: 12
[16-Jul-2025 11:41:35 Europe/Berlin] Deleted guest cart ID: 12
[16-Jul-2025 11:41:35 Europe/Berlin] Verifying token: eyJ0eXAiOi...
[16-Jul-2025 11:41:35 Europe/Berlin] Token belongs to user_id: 1
[16-Jul-2025 11:41:35 Europe/Berlin] getCartItems raw fetched items: Array
(
)

[16-Jul-2025 11:41:38 Europe/Berlin] Verifying token: eyJ0eXAiOi...
[16-Jul-2025 11:41:38 Europe/Berlin] Token belongs to user_id: 1
[16-Jul-2025 11:41:38 Europe/Berlin] getCartItems raw fetched items: Array
(
)

[16-Jul-2025 11:41:38 Europe/Berlin] Verifying token: eyJ0eXAiOi...
[16-Jul-2025 11:41:38 Europe/Berlin] Token belongs to user_id: 1
[16-Jul-2025 11:41:38 Europe/Berlin] getCartItems raw fetched items: Array
(
)

[16-Jul-2025 11:41:39 Europe/Berlin] Verifying token: eyJ0eXAiOi...
[16-Jul-2025 11:41:39 Europe/Berlin] Token belongs to user_id: 1
[16-Jul-2025 11:41:39 Europe/Berlin] Starting cart sync for user_id: 1
[16-Jul-2025 11:41:39 Europe/Berlin] Syncing from guest session: guest_1748312233305_znevapgoxr to user: 1
[16-Jul-2025 11:41:39 Europe/Berlin] No guest cart found for session_id: guest_1748312233305_znevapgoxr
[16-Jul-2025 11:41:39 Europe/Berlin] Verifying token: eyJ0eXAiOi...
[16-Jul-2025 11:41:39 Europe/Berlin] Token belongs to user_id: 1
[16-Jul-2025 11:41:39 Europe/Berlin] getCartItems raw fetched items: Array
(
)

[16-Jul-2025 11:43:49 Europe/Berlin] Verifying token: eyJ0eXAiOi...
[16-Jul-2025 11:43:49 Europe/Berlin] Token belongs to user_id: 1
[16-Jul-2025 11:43:49 Europe/Berlin] getCartItems raw fetched items: Array
(
)

[16-Jul-2025 11:43:50 Europe/Berlin] Verifying token: eyJ0eXAiOi...
[16-Jul-2025 11:43:50 Europe/Berlin] Token belongs to user_id: 1
[16-Jul-2025 11:43:50 Europe/Berlin] getCartItems raw fetched items: Array
(
)

[16-Jul-2025 11:43:50 Europe/Berlin] Verifying token: eyJ0eXAiOi...
[16-Jul-2025 11:43:50 Europe/Berlin] Token belongs to user_id: 1
[16-Jul-2025 11:43:50 Europe/Berlin] Starting cart sync for user_id: 1
[16-Jul-2025 11:43:50 Europe/Berlin] Syncing from guest session: guest_1748312233305_znevapgoxr to user: 1
[16-Jul-2025 11:43:50 Europe/Berlin] No guest cart found for session_id: guest_1748312233305_znevapgoxr
[16-Jul-2025 11:43:50 Europe/Berlin] Verifying token: eyJ0eXAiOi...
[16-Jul-2025 11:43:50 Europe/Berlin] Token belongs to user_id: 1
[16-Jul-2025 11:43:50 Europe/Berlin] getCartItems raw fetched items: Array
(
)

[16-Jul-2025 11:45:09 Europe/Berlin] Verifying token: eyJ0eXAiOi...
[16-Jul-2025 11:45:09 Europe/Berlin] Token belongs to user_id: 1
[16-Jul-2025 11:45:09 Europe/Berlin] getCartItems raw fetched items: Array
(
)

[16-Jul-2025 11:45:09 Europe/Berlin] Verifying token: eyJ0eXAiOi...
[16-Jul-2025 11:45:09 Europe/Berlin] Token belongs to user_id: 1
[16-Jul-2025 11:45:09 Europe/Berlin] getCartItems raw fetched items: Array
(
)

[16-Jul-2025 11:45:10 Europe/Berlin] Verifying token: eyJ0eXAiOi...
[16-Jul-2025 11:45:10 Europe/Berlin] Token belongs to user_id: 1
[16-Jul-2025 11:45:10 Europe/Berlin] Starting cart sync for user_id: 1
[16-Jul-2025 11:45:10 Europe/Berlin] Syncing from guest session: guest_1748312233305_znevapgoxr to user: 1
[16-Jul-2025 11:45:10 Europe/Berlin] No guest cart found for session_id: guest_1748312233305_znevapgoxr
[16-Jul-2025 11:45:10 Europe/Berlin] Verifying token: eyJ0eXAiOi...
[16-Jul-2025 11:45:10 Europe/Berlin] Token belongs to user_id: 1
[16-Jul-2025 11:45:10 Europe/Berlin] getCartItems raw fetched items: Array
(
)

[16-Jul-2025 11:47:04 Europe/Berlin] Verifying token: eyJ0eXAiOi...
[16-Jul-2025 11:47:04 Europe/Berlin] Token belongs to user_id: 1
[16-Jul-2025 11:47:04 Europe/Berlin] getCartItems raw fetched items: Array
(
)

[16-Jul-2025 11:47:04 Europe/Berlin] Verifying token: eyJ0eXAiOi...
[16-Jul-2025 11:47:04 Europe/Berlin] Token belongs to user_id: 1
[16-Jul-2025 11:47:04 Europe/Berlin] getCartItems raw fetched items: Array
(
)

[16-Jul-2025 11:47:05 Europe/Berlin] Verifying token: eyJ0eXAiOi...
[16-Jul-2025 11:47:05 Europe/Berlin] Token belongs to user_id: 1
[16-Jul-2025 11:47:05 Europe/Berlin] Starting cart sync for user_id: 1
[16-Jul-2025 11:47:05 Europe/Berlin] Syncing from guest session: guest_1748312233305_znevapgoxr to user: 1
[16-Jul-2025 11:47:05 Europe/Berlin] No guest cart found for session_id: guest_1748312233305_znevapgoxr
[16-Jul-2025 11:47:05 Europe/Berlin] Verifying token: eyJ0eXAiOi...
[16-Jul-2025 11:47:05 Europe/Berlin] Token belongs to user_id: 1
[16-Jul-2025 11:47:05 Europe/Berlin] getCartItems raw fetched items: Array
(
)

[16-Jul-2025 11:47:12 Europe/Berlin] Verifying token: eyJ0eXAiOi...
[16-Jul-2025 11:47:12 Europe/Berlin] Token belongs to user_id: 1
[16-Jul-2025 11:47:12 Europe/Berlin] getCartItems raw fetched items: Array
(
)

[16-Jul-2025 11:47:12 Europe/Berlin] Verifying token: eyJ0eXAiOi...
[16-Jul-2025 11:47:12 Europe/Berlin] Token belongs to user_id: 1
[16-Jul-2025 11:47:12 Europe/Berlin] getCartItems raw fetched items: Array
(
)

[16-Jul-2025 11:47:13 Europe/Berlin] Verifying token: eyJ0eXAiOi...
[16-Jul-2025 11:47:13 Europe/Berlin] Token belongs to user_id: 1
[16-Jul-2025 11:47:13 Europe/Berlin] Starting cart sync for user_id: 1
[16-Jul-2025 11:47:13 Europe/Berlin] Syncing from guest session: guest_1748312233305_znevapgoxr to user: 1
[16-Jul-2025 11:47:13 Europe/Berlin] No guest cart found for session_id: guest_1748312233305_znevapgoxr
[16-Jul-2025 11:47:13 Europe/Berlin] Verifying token: eyJ0eXAiOi...
[16-Jul-2025 11:47:13 Europe/Berlin] Token belongs to user_id: 1
[16-Jul-2025 11:47:13 Europe/Berlin] getCartItems raw fetched items: Array
(
)

[16-Jul-2025 11:48:26 Europe/Berlin] Verifying token: eyJ0eXAiOi...
[16-Jul-2025 11:48:26 Europe/Berlin] Token belongs to user_id: 1
[16-Jul-2025 11:48:26 Europe/Berlin] getCartItems raw fetched items: Array
(
)

[16-Jul-2025 17:48:27 Asia/Manila] API Route: api/locations/tree
[16-Jul-2025 17:48:27 Asia/Manila] Executing getLocationsTree
[16-Jul-2025 17:48:27 Asia/Manila] Locations tree retrieved successfully. Regions count: 9
[16-Jul-2025 11:48:27 Europe/Berlin] Verifying token: eyJ0eXAiOi...
[16-Jul-2025 11:48:27 Europe/Berlin] Verifying token: eyJ0eXAiOi...
[16-Jul-2025 11:48:27 Europe/Berlin] Token belongs to user_id: 1
[16-Jul-2025 11:48:27 Europe/Berlin] Token belongs to user_id: 1
[16-Jul-2025 11:48:27 Europe/Berlin] getCartItems raw fetched items: Array
(
)

[16-Jul-2025 11:48:27 Europe/Berlin] getCartItems raw fetched items: Array
(
)

[16-Jul-2025 11:48:28 Europe/Berlin] Verifying token: eyJ0eXAiOi...
[16-Jul-2025 11:48:28 Europe/Berlin] Token belongs to user_id: 1
[16-Jul-2025 11:48:28 Europe/Berlin] Starting cart sync for user_id: 1
[16-Jul-2025 11:48:28 Europe/Berlin] Syncing from guest session: guest_1748312233305_znevapgoxr to user: 1
[16-Jul-2025 11:48:28 Europe/Berlin] No guest cart found for session_id: guest_1748312233305_znevapgoxr
[16-Jul-2025 11:48:28 Europe/Berlin] Verifying token: eyJ0eXAiOi...
[16-Jul-2025 11:48:28 Europe/Berlin] Token belongs to user_id: 1
[16-Jul-2025 11:48:28 Europe/Berlin] Starting cart sync for user_id: 1
[16-Jul-2025 11:48:28 Europe/Berlin] Syncing from guest session: guest_1748312233305_znevapgoxr to user: 1
[16-Jul-2025 11:48:28 Europe/Berlin] No guest cart found for session_id: guest_1748312233305_znevapgoxr
[16-Jul-2025 17:48:52 Asia/Manila] API Route: api/locations/tree
[16-Jul-2025 17:48:52 Asia/Manila] Executing getLocationsTree
[16-Jul-2025 11:48:52 Europe/Berlin] Verifying token: eyJ0eXAiOi...
[16-Jul-2025 11:48:52 Europe/Berlin] Token belongs to user_id: 1
[16-Jul-2025 11:48:52 Europe/Berlin] getCartItems raw fetched items: Array
(
)

[16-Jul-2025 17:48:52 Asia/Manila] Locations tree retrieved successfully. Regions count: 9
[16-Jul-2025 11:48:52 Europe/Berlin] Verifying token: eyJ0eXAiOi...
[16-Jul-2025 11:48:52 Europe/Berlin] Token belongs to user_id: 1
[16-Jul-2025 11:48:52 Europe/Berlin] getCartItems raw fetched items: Array
(
)

[16-Jul-2025 11:48:52 Europe/Berlin] Verifying token: eyJ0eXAiOi...
[16-Jul-2025 11:48:52 Europe/Berlin] Token belongs to user_id: 1
[16-Jul-2025 11:48:52 Europe/Berlin] getCartItems raw fetched items: Array
(
)

[16-Jul-2025 11:48:53 Europe/Berlin] Verifying token: eyJ0eXAiOi...
[16-Jul-2025 11:48:53 Europe/Berlin] Token belongs to user_id: 1
[16-Jul-2025 11:48:53 Europe/Berlin] Starting cart sync for user_id: 1
[16-Jul-2025 11:48:53 Europe/Berlin] Syncing from guest session: guest_1748312233305_znevapgoxr to user: 1
[16-Jul-2025 11:48:53 Europe/Berlin] No guest cart found for session_id: guest_1748312233305_znevapgoxr
[16-Jul-2025 11:48:53 Europe/Berlin] Verifying token: eyJ0eXAiOi...
[16-Jul-2025 11:48:53 Europe/Berlin] Token belongs to user_id: 1
[16-Jul-2025 11:48:53 Europe/Berlin] Starting cart sync for user_id: 1
[16-Jul-2025 11:48:53 Europe/Berlin] Syncing from guest session: guest_1748312233305_znevapgoxr to user: 1
[16-Jul-2025 11:48:53 Europe/Berlin] No guest cart found for session_id: guest_1748312233305_znevapgoxr
[16-Jul-2025 11:53:28 Europe/Berlin] Verifying token: eyJ0eXAiOi...
[16-Jul-2025 11:53:28 Europe/Berlin] Token belongs to user_id: 1
[16-Jul-2025 11:53:28 Europe/Berlin] getCartItems raw fetched items: Array
(
)

[16-Jul-2025 17:53:28 Asia/Manila] API Route: api/locations/tree
[16-Jul-2025 17:53:28 Asia/Manila] Executing getLocationsTree
[16-Jul-2025 17:53:28 Asia/Manila] Locations tree retrieved successfully. Regions count: 9
[16-Jul-2025 11:53:29 Europe/Berlin] Verifying token: eyJ0eXAiOi...
[16-Jul-2025 11:53:29 Europe/Berlin] Token belongs to user_id: 1
[16-Jul-2025 11:53:29 Europe/Berlin] getCartItems raw fetched items: Array
(
)

[16-Jul-2025 11:53:29 Europe/Berlin] Verifying token: eyJ0eXAiOi...
[16-Jul-2025 11:53:29 Europe/Berlin] Token belongs to user_id: 1
[16-Jul-2025 11:53:29 Europe/Berlin] getCartItems raw fetched items: Array
(
)

[16-Jul-2025 11:53:29 Europe/Berlin] Verifying token: eyJ0eXAiOi...
[16-Jul-2025 11:53:29 Europe/Berlin] Token belongs to user_id: 1
[16-Jul-2025 11:53:29 Europe/Berlin] Starting cart sync for user_id: 1
[16-Jul-2025 11:53:29 Europe/Berlin] Syncing from guest session: guest_1748312233305_znevapgoxr to user: 1
[16-Jul-2025 11:53:29 Europe/Berlin] No guest cart found for session_id: guest_1748312233305_znevapgoxr
[16-Jul-2025 11:53:29 Europe/Berlin] Verifying token: eyJ0eXAiOi...
[16-Jul-2025 11:53:29 Europe/Berlin] Token belongs to user_id: 1
[16-Jul-2025 11:53:29 Europe/Berlin] Starting cart sync for user_id: 1
[16-Jul-2025 11:53:29 Europe/Berlin] Syncing from guest session: guest_1748312233305_znevapgoxr to user: 1
[16-Jul-2025 11:53:29 Europe/Berlin] No guest cart found for session_id: guest_1748312233305_znevapgoxr
[16-Jul-2025 17:53:32 Asia/Manila] API Route: api/stations/horizontal?type=horizontal
[16-Jul-2025 17:53:36 Asia/Manila] API Route: api/stations/horizontal?type=horizontal
[16-Jul-2025 11:56:04 Europe/Berlin] Verifying token: eyJ0eXAiOi...
[16-Jul-2025 11:56:04 Europe/Berlin] Token belongs to user_id: 1
[16-Jul-2025 17:56:04 Asia/Manila] API Route: api/locations/tree
[16-Jul-2025 17:56:04 Asia/Manila] Executing getLocationsTree
[16-Jul-2025 11:56:04 Europe/Berlin] getCartItems raw fetched items: Array
(
)

[16-Jul-2025 17:56:04 Asia/Manila] Locations tree retrieved successfully. Regions count: 9
[16-Jul-2025 11:56:04 Europe/Berlin] Verifying token: eyJ0eXAiOi...
[16-Jul-2025 11:56:04 Europe/Berlin] Token belongs to user_id: 1
[16-Jul-2025 11:56:04 Europe/Berlin] getCartItems raw fetched items: Array
(
)

[16-Jul-2025 11:56:04 Europe/Berlin] Verifying token: eyJ0eXAiOi...
[16-Jul-2025 11:56:04 Europe/Berlin] Token belongs to user_id: 1
[16-Jul-2025 11:56:04 Europe/Berlin] getCartItems raw fetched items: Array
(
)

[16-Jul-2025 11:56:05 Europe/Berlin] Verifying token: eyJ0eXAiOi...
[16-Jul-2025 11:56:05 Europe/Berlin] Token belongs to user_id: 1
[16-Jul-2025 11:56:05 Europe/Berlin] Starting cart sync for user_id: 1
[16-Jul-2025 11:56:05 Europe/Berlin] Syncing from guest session: guest_1748312233305_znevapgoxr to user: 1
[16-Jul-2025 11:56:05 Europe/Berlin] No guest cart found for session_id: guest_1748312233305_znevapgoxr
[16-Jul-2025 11:56:05 Europe/Berlin] Verifying token: eyJ0eXAiOi...
[16-Jul-2025 11:56:05 Europe/Berlin] Token belongs to user_id: 1
[16-Jul-2025 11:56:05 Europe/Berlin] Starting cart sync for user_id: 1
[16-Jul-2025 11:56:05 Europe/Berlin] Syncing from guest session: guest_1748312233305_znevapgoxr to user: 1
[16-Jul-2025 11:56:05 Europe/Berlin] No guest cart found for session_id: guest_1748312233305_znevapgoxr
[16-Jul-2025 17:56:31 Asia/Manila] API Route: api/stations/horizontal?type=horizontal
[16-Jul-2025 12:00:43 Europe/Berlin] Verifying token: eyJ0eXAiOi...
[16-Jul-2025 12:00:43 Europe/Berlin] Token belongs to user_id: 1
[16-Jul-2025 18:00:43 Asia/Manila] API Route: api/locations/tree
[16-Jul-2025 18:00:43 Asia/Manila] Executing getLocationsTree
[16-Jul-2025 12:00:43 Europe/Berlin] getCartItems raw fetched items: Array
(
)

[16-Jul-2025 18:00:43 Asia/Manila] Locations tree retrieved successfully. Regions count: 7
[16-Jul-2025 12:00:44 Europe/Berlin] Verifying token: eyJ0eXAiOi...
[16-Jul-2025 12:00:44 Europe/Berlin] Token belongs to user_id: 1
[16-Jul-2025 12:00:44 Europe/Berlin] getCartItems raw fetched items: Array
(
)

[16-Jul-2025 12:00:44 Europe/Berlin] Verifying token: eyJ0eXAiOi...
[16-Jul-2025 12:00:44 Europe/Berlin] Token belongs to user_id: 1
[16-Jul-2025 12:00:44 Europe/Berlin] getCartItems raw fetched items: Array
(
)

[16-Jul-2025 12:00:44 Europe/Berlin] Verifying token: eyJ0eXAiOi...
[16-Jul-2025 12:00:44 Europe/Berlin] Token belongs to user_id: 1
[16-Jul-2025 12:00:44 Europe/Berlin] Starting cart sync for user_id: 1
[16-Jul-2025 12:00:44 Europe/Berlin] Syncing from guest session: guest_1748312233305_znevapgoxr to user: 1
[16-Jul-2025 12:00:44 Europe/Berlin] No guest cart found for session_id: guest_1748312233305_znevapgoxr
[16-Jul-2025 12:00:44 Europe/Berlin] Verifying token: eyJ0eXAiOi...
[16-Jul-2025 12:00:44 Europe/Berlin] Token belongs to user_id: 1
[16-Jul-2025 12:00:44 Europe/Berlin] Starting cart sync for user_id: 1
[16-Jul-2025 12:00:44 Europe/Berlin] Syncing from guest session: guest_1748312233305_znevapgoxr to user: 1
[16-Jul-2025 12:00:44 Europe/Berlin] No guest cart found for session_id: guest_1748312233305_znevapgoxr
[16-Jul-2025 18:00:47 Asia/Manila] API Route: api/stations
[16-Jul-2025 18:00:53 Asia/Manila] API Route: api/stations
[16-Jul-2025 18:00:57 Asia/Manila] API Route: api/stations
[16-Jul-2025 18:00:57 Asia/Manila] Error fetching stations: Unknown column 'city' in 'where clause'
[16-Jul-2025 18:01:02 Asia/Manila] API Route: api/stations
[16-Jul-2025 18:01:02 Asia/Manila] Error fetching stations: Unknown column 'city' in 'where clause'
[16-Jul-2025 18:01:07 Asia/Manila] API Route: api/stations
[16-Jul-2025 18:01:37 Asia/Manila] API Route: api/stations
[16-Jul-2025 18:01:37 Asia/Manila] Error fetching stations: Unknown column 'city' in 'where clause'
[16-Jul-2025 18:02:09 Asia/Manila] API Route: api/stations
[16-Jul-2025 18:02:09 Asia/Manila] Error fetching stations: Unknown column 'city' in 'where clause'
[16-Jul-2025 18:02:12 Asia/Manila] API Route: api/stations
[16-Jul-2025 18:02:12 Asia/Manila] Error fetching stations: Unknown column 'city' in 'where clause'
[16-Jul-2025 18:02:15 Asia/Manila] API Route: api/stations
[16-Jul-2025 18:02:15 Asia/Manila] Error fetching stations: Unknown column 'city' in 'where clause'
[16-Jul-2025 12:02:27 Europe/Berlin] Verifying token: eyJ0eXAiOi...
[16-Jul-2025 18:02:27 Asia/Manila] API Route: api/locations/tree
[16-Jul-2025 12:02:27 Europe/Berlin] Token belongs to user_id: 1
[16-Jul-2025 18:02:27 Asia/Manila] Executing getLocationsTree
[16-Jul-2025 12:02:27 Europe/Berlin] getCartItems raw fetched items: Array
(
)

[16-Jul-2025 18:02:27 Asia/Manila] Locations tree retrieved successfully. Regions count: 7
[16-Jul-2025 12:02:28 Europe/Berlin] Verifying token: eyJ0eXAiOi...
[16-Jul-2025 12:02:28 Europe/Berlin] Token belongs to user_id: 1
[16-Jul-2025 12:02:28 Europe/Berlin] getCartItems raw fetched items: Array
(
)

[16-Jul-2025 12:02:28 Europe/Berlin] Verifying token: eyJ0eXAiOi...
[16-Jul-2025 12:02:28 Europe/Berlin] Token belongs to user_id: 1
[16-Jul-2025 12:02:28 Europe/Berlin] getCartItems raw fetched items: Array
(
)

[16-Jul-2025 12:02:28 Europe/Berlin] Verifying token: eyJ0eXAiOi...
[16-Jul-2025 12:02:28 Europe/Berlin] Token belongs to user_id: 1
[16-Jul-2025 12:02:28 Europe/Berlin] Starting cart sync for user_id: 1
[16-Jul-2025 12:02:28 Europe/Berlin] Syncing from guest session: guest_1748312233305_znevapgoxr to user: 1
[16-Jul-2025 12:02:28 Europe/Berlin] No guest cart found for session_id: guest_1748312233305_znevapgoxr
[16-Jul-2025 12:02:28 Europe/Berlin] Verifying token: eyJ0eXAiOi...
[16-Jul-2025 12:02:28 Europe/Berlin] Token belongs to user_id: 1
[16-Jul-2025 12:02:28 Europe/Berlin] Starting cart sync for user_id: 1
[16-Jul-2025 12:02:28 Europe/Berlin] Syncing from guest session: guest_1748312233305_znevapgoxr to user: 1
[16-Jul-2025 12:02:28 Europe/Berlin] No guest cart found for session_id: guest_1748312233305_znevapgoxr
[16-Jul-2025 18:02:32 Asia/Manila] API Route: api/stations
[16-Jul-2025 18:02:35 Asia/Manila] API Route: api/stations
[16-Jul-2025 18:02:35 Asia/Manila] Error fetching stations: Unknown column 'city' in 'where clause'
[16-Jul-2025 18:02:38 Asia/Manila] API Route: api/stations
[16-Jul-2025 18:02:38 Asia/Manila] Error fetching stations: Unknown column 'city' in 'where clause'
[16-Jul-2025 18:02:44 Asia/Manila] API Route: api/stations
[16-Jul-2025 12:03:35 Europe/Berlin] Verifying token: eyJ0eXAiOi...
[16-Jul-2025 12:03:35 Europe/Berlin] Token belongs to user_id: 1
[16-Jul-2025 12:03:35 Europe/Berlin] getCartItems raw fetched items: Array
(
)

[16-Jul-2025 18:03:35 Asia/Manila] API Route: api/locations/tree
[16-Jul-2025 18:03:35 Asia/Manila] Executing getLocationsTree
[16-Jul-2025 18:03:35 Asia/Manila] Locations tree retrieved successfully. Regions count: 7
[16-Jul-2025 12:03:35 Europe/Berlin] Verifying token: eyJ0eXAiOi...
[16-Jul-2025 12:03:35 Europe/Berlin] Token belongs to user_id: 1
[16-Jul-2025 12:03:35 Europe/Berlin] getCartItems raw fetched items: Array
(
)

[16-Jul-2025 12:03:35 Europe/Berlin] Verifying token: eyJ0eXAiOi...
[16-Jul-2025 12:03:35 Europe/Berlin] Token belongs to user_id: 1
[16-Jul-2025 12:03:35 Europe/Berlin] getCartItems raw fetched items: Array
(
)

[16-Jul-2025 12:03:36 Europe/Berlin] Verifying token: eyJ0eXAiOi...
[16-Jul-2025 12:03:36 Europe/Berlin] Token belongs to user_id: 1
[16-Jul-2025 12:03:36 Europe/Berlin] Starting cart sync for user_id: 1
[16-Jul-2025 12:03:36 Europe/Berlin] Syncing from guest session: guest_1748312233305_znevapgoxr to user: 1
[16-Jul-2025 12:03:36 Europe/Berlin] No guest cart found for session_id: guest_1748312233305_znevapgoxr
[16-Jul-2025 12:03:36 Europe/Berlin] Verifying token: eyJ0eXAiOi...
[16-Jul-2025 12:03:36 Europe/Berlin] Token belongs to user_id: 1
[16-Jul-2025 12:03:36 Europe/Berlin] Starting cart sync for user_id: 1
[16-Jul-2025 12:03:36 Europe/Berlin] Syncing from guest session: guest_1748312233305_znevapgoxr to user: 1
[16-Jul-2025 12:03:36 Europe/Berlin] No guest cart found for session_id: guest_1748312233305_znevapgoxr
[16-Jul-2025 18:03:38 Asia/Manila] API Route: api/stations
[16-Jul-2025 18:03:40 Asia/Manila] API Route: api/stations
[16-Jul-2025 18:03:42 Asia/Manila] API Route: api/stations
[16-Jul-2025 18:03:45 Asia/Manila] API Route: api/stations
[16-Jul-2025 18:03:47 Asia/Manila] API Route: api/stations
[16-Jul-2025 18:03:48 Asia/Manila] API Route: api/stations
[16-Jul-2025 18:03:49 Asia/Manila] API Route: api/stations
[16-Jul-2025 18:03:54 Asia/Manila] API Route: api/locations/tree
[16-Jul-2025 18:03:54 Asia/Manila] Executing getLocationsTree
[16-Jul-2025 18:03:54 Asia/Manila] Locations tree retrieved successfully. Regions count: 7
[16-Jul-2025 12:03:56 Europe/Berlin] Verifying token: eyJ0eXAiOi...
[16-Jul-2025 12:03:56 Europe/Berlin] Token belongs to user_id: 1
[16-Jul-2025 12:03:56 Europe/Berlin] getCartItems raw fetched items: Array
(
)

[16-Jul-2025 18:03:56 Asia/Manila] API Route: api/locations/tree
[16-Jul-2025 18:03:56 Asia/Manila] Executing getLocationsTree
[16-Jul-2025 18:03:56 Asia/Manila] Locations tree retrieved successfully. Regions count: 7
[16-Jul-2025 12:03:57 Europe/Berlin] Verifying token: eyJ0eXAiOi...
[16-Jul-2025 12:03:57 Europe/Berlin] Token belongs to user_id: 1
[16-Jul-2025 12:03:57 Europe/Berlin] getCartItems raw fetched items: Array
(
)

[16-Jul-2025 12:03:57 Europe/Berlin] Verifying token: eyJ0eXAiOi...
[16-Jul-2025 12:03:57 Europe/Berlin] Token belongs to user_id: 1
[16-Jul-2025 12:03:57 Europe/Berlin] getCartItems raw fetched items: Array
(
)

[16-Jul-2025 12:03:57 Europe/Berlin] Verifying token: eyJ0eXAiOi...
[16-Jul-2025 12:03:57 Europe/Berlin] Token belongs to user_id: 1
[16-Jul-2025 12:03:57 Europe/Berlin] Starting cart sync for user_id: 1
[16-Jul-2025 12:03:57 Europe/Berlin] Syncing from guest session: guest_1748312233305_znevapgoxr to user: 1
[16-Jul-2025 12:03:57 Europe/Berlin] No guest cart found for session_id: guest_1748312233305_znevapgoxr
[16-Jul-2025 12:03:57 Europe/Berlin] Verifying token: eyJ0eXAiOi...
[16-Jul-2025 12:03:57 Europe/Berlin] Token belongs to user_id: 1
[16-Jul-2025 12:03:57 Europe/Berlin] Starting cart sync for user_id: 1
[16-Jul-2025 12:03:57 Europe/Berlin] Syncing from guest session: guest_1748312233305_znevapgoxr to user: 1
[16-Jul-2025 12:03:57 Europe/Berlin] No guest cart found for session_id: guest_1748312233305_znevapgoxr
[16-Jul-2025 12:06:57 Europe/Berlin] Verifying token: eyJ0eXAiOi...
[16-Jul-2025 12:06:57 Europe/Berlin] Token belongs to user_id: 1
[16-Jul-2025 12:06:57 Europe/Berlin] getCartItems raw fetched items: Array
(
)

[16-Jul-2025 18:06:57 Asia/Manila] API Route: api/locations/tree
[16-Jul-2025 18:06:57 Asia/Manila] Executing getLocationsTree
[16-Jul-2025 18:06:57 Asia/Manila] Locations tree retrieved successfully. Regions count: 7
[16-Jul-2025 12:06:58 Europe/Berlin] Verifying token: eyJ0eXAiOi...
[16-Jul-2025 12:06:58 Europe/Berlin] Token belongs to user_id: 1
[16-Jul-2025 12:06:58 Europe/Berlin] getCartItems raw fetched items: Array
(
)

[16-Jul-2025 12:06:58 Europe/Berlin] Verifying token: eyJ0eXAiOi...
[16-Jul-2025 12:06:58 Europe/Berlin] Token belongs to user_id: 1
[16-Jul-2025 12:06:58 Europe/Berlin] getCartItems raw fetched items: Array
(
)

[16-Jul-2025 12:06:58 Europe/Berlin] Verifying token: eyJ0eXAiOi...
[16-Jul-2025 12:06:58 Europe/Berlin] Token belongs to user_id: 1
[16-Jul-2025 12:06:58 Europe/Berlin] Starting cart sync for user_id: 1
[16-Jul-2025 12:06:58 Europe/Berlin] Syncing from guest session: guest_1748312233305_znevapgoxr to user: 1
[16-Jul-2025 12:06:58 Europe/Berlin] No guest cart found for session_id: guest_1748312233305_znevapgoxr
[16-Jul-2025 12:06:58 Europe/Berlin] Verifying token: eyJ0eXAiOi...
[16-Jul-2025 12:06:58 Europe/Berlin] Token belongs to user_id: 1
[16-Jul-2025 12:06:58 Europe/Berlin] Starting cart sync for user_id: 1
[16-Jul-2025 12:06:58 Europe/Berlin] Syncing from guest session: guest_1748312233305_znevapgoxr to user: 1
[16-Jul-2025 12:06:58 Europe/Berlin] No guest cart found for session_id: guest_1748312233305_znevapgoxr
[16-Jul-2025 18:07:04 Asia/Manila] API Route: api/stations
[16-Jul-2025 18:07:12 Asia/Manila] API Route: api/stations
[16-Jul-2025 18:07:19 Asia/Manila] API Route: api/stations
[16-Jul-2025 18:07:19 Asia/Manila] Error fetching stations: Unknown column 'city' in 'where clause'
[16-Jul-2025 18:07:21 Asia/Manila] API Route: api/stations
[16-Jul-2025 18:07:21 Asia/Manila] Error fetching stations: Unknown column 'city' in 'where clause'
[16-Jul-2025 18:07:24 Asia/Manila] API Route: api/stations
[16-Jul-2025 18:07:24 Asia/Manila] Error fetching stations: Unknown column 'city' in 'where clause'
[16-Jul-2025 18:07:31 Asia/Manila] API Route: api/locations/tree
[16-Jul-2025 18:07:31 Asia/Manila] Executing getLocationsTree
[16-Jul-2025 18:07:31 Asia/Manila] Locations tree retrieved successfully. Regions count: 7
[16-Jul-2025 18:07:41 Asia/Manila] API Route: api/stations
[16-Jul-2025 18:07:41 Asia/Manila] Error fetching stations: Unknown column 'city' in 'where clause'
[16-Jul-2025 18:07:45 Asia/Manila] API Route: api/stations
[16-Jul-2025 18:07:49 Asia/Manila] API Route: api/stations
[16-Jul-2025 18:07:51 Asia/Manila] API Route: api/stations
[16-Jul-2025 18:07:55 Asia/Manila] API Route: api/stations
[16-Jul-2025 18:07:57 Asia/Manila] API Route: api/stations
[16-Jul-2025 18:08:04 Asia/Manila] API Route: api/stations
[16-Jul-2025 18:08:14 Asia/Manila] API Route: api/locations/tree
[16-Jul-2025 18:08:14 Asia/Manila] Executing getLocationsTree
[16-Jul-2025 18:08:14 Asia/Manila] Locations tree retrieved successfully. Regions count: 7
[16-Jul-2025 12:08:16 Europe/Berlin] Verifying token: eyJ0eXAiOi...
[16-Jul-2025 12:08:16 Europe/Berlin] Token belongs to user_id: 1
[16-Jul-2025 18:08:16 Asia/Manila] API Route: api/locations/tree
[16-Jul-2025 12:08:16 Europe/Berlin] getCartItems raw fetched items: Array
(
)

[16-Jul-2025 18:08:16 Asia/Manila] Executing getLocationsTree
[16-Jul-2025 18:08:16 Asia/Manila] Locations tree retrieved successfully. Regions count: 7
[16-Jul-2025 12:08:17 Europe/Berlin] Verifying token: eyJ0eXAiOi...
[16-Jul-2025 12:08:17 Europe/Berlin] Token belongs to user_id: 1
[16-Jul-2025 12:08:17 Europe/Berlin] getCartItems raw fetched items: Array
(
)

[16-Jul-2025 12:08:17 Europe/Berlin] Verifying token: eyJ0eXAiOi...
[16-Jul-2025 12:08:17 Europe/Berlin] Token belongs to user_id: 1
[16-Jul-2025 12:08:17 Europe/Berlin] getCartItems raw fetched items: Array
(
)

[16-Jul-2025 12:08:17 Europe/Berlin] Verifying token: eyJ0eXAiOi...
[16-Jul-2025 12:08:17 Europe/Berlin] Verifying token: eyJ0eXAiOi...
[16-Jul-2025 12:08:17 Europe/Berlin] Token belongs to user_id: 1
[16-Jul-2025 12:08:17 Europe/Berlin] Token belongs to user_id: 1
[16-Jul-2025 12:08:17 Europe/Berlin] Starting cart sync for user_id: 1
[16-Jul-2025 12:08:17 Europe/Berlin] Starting cart sync for user_id: 1
[16-Jul-2025 12:08:17 Europe/Berlin] Syncing from guest session: guest_1748312233305_znevapgoxr to user: 1
[16-Jul-2025 12:08:17 Europe/Berlin] Syncing from guest session: guest_1748312233305_znevapgoxr to user: 1
[16-Jul-2025 12:08:17 Europe/Berlin] No guest cart found for session_id: guest_1748312233305_znevapgoxr
[16-Jul-2025 12:08:17 Europe/Berlin] No guest cart found for session_id: guest_1748312233305_znevapgoxr
[16-Jul-2025 18:08:18 Asia/Manila] API Route: api/stations
[16-Jul-2025 12:08:21 Europe/Berlin] Verifying token: eyJ0eXAiOi...
[16-Jul-2025 18:08:21 Asia/Manila] API Route: api/locations/tree
[16-Jul-2025 12:08:21 Europe/Berlin] Token belongs to user_id: 1
[16-Jul-2025 18:08:21 Asia/Manila] Executing getLocationsTree
[16-Jul-2025 12:08:21 Europe/Berlin] getCartItems raw fetched items: Array
(
)

[16-Jul-2025 18:08:22 Asia/Manila] Locations tree retrieved successfully. Regions count: 7
[16-Jul-2025 12:08:22 Europe/Berlin] Verifying token: eyJ0eXAiOi...
[16-Jul-2025 12:08:22 Europe/Berlin] Token belongs to user_id: 1
[16-Jul-2025 12:08:22 Europe/Berlin] getCartItems raw fetched items: Array
(
)

[16-Jul-2025 12:08:22 Europe/Berlin] Verifying token: eyJ0eXAiOi...
[16-Jul-2025 12:08:22 Europe/Berlin] Token belongs to user_id: 1
[16-Jul-2025 12:08:22 Europe/Berlin] getCartItems raw fetched items: Array
(
)

[16-Jul-2025 12:08:22 Europe/Berlin] Verifying token: eyJ0eXAiOi...
[16-Jul-2025 12:08:22 Europe/Berlin] Token belongs to user_id: 1
[16-Jul-2025 12:08:22 Europe/Berlin] Starting cart sync for user_id: 1
[16-Jul-2025 12:08:22 Europe/Berlin] Syncing from guest session: guest_1748312233305_znevapgoxr to user: 1
[16-Jul-2025 12:08:22 Europe/Berlin] No guest cart found for session_id: guest_1748312233305_znevapgoxr
[16-Jul-2025 12:08:22 Europe/Berlin] Verifying token: eyJ0eXAiOi...
[16-Jul-2025 12:08:22 Europe/Berlin] Token belongs to user_id: 1
[16-Jul-2025 12:08:22 Europe/Berlin] Starting cart sync for user_id: 1
[16-Jul-2025 12:08:22 Europe/Berlin] Syncing from guest session: guest_1748312233305_znevapgoxr to user: 1
[16-Jul-2025 12:08:22 Europe/Berlin] No guest cart found for session_id: guest_1748312233305_znevapgoxr
[16-Jul-2025 18:08:23 Asia/Manila] API Route: api/stations
[16-Jul-2025 18:08:26 Asia/Manila] API Route: api/stations
[16-Jul-2025 12:08:34 Europe/Berlin] Verifying token: eyJ0eXAiOi...
[16-Jul-2025 12:08:34 Europe/Berlin] Token belongs to user_id: 1
[16-Jul-2025 12:08:34 Europe/Berlin] getCartItems raw fetched items: Array
(
)

[16-Jul-2025 18:08:34 Asia/Manila] API Route: api/locations/tree
[16-Jul-2025 18:08:34 Asia/Manila] Executing getLocationsTree
[16-Jul-2025 18:08:34 Asia/Manila] Locations tree retrieved successfully. Regions count: 7
[16-Jul-2025 12:08:35 Europe/Berlin] Verifying token: eyJ0eXAiOi...
[16-Jul-2025 12:08:35 Europe/Berlin] Token belongs to user_id: 1
[16-Jul-2025 12:08:35 Europe/Berlin] getCartItems raw fetched items: Array
(
)

[16-Jul-2025 12:08:35 Europe/Berlin] Verifying token: eyJ0eXAiOi...
[16-Jul-2025 12:08:35 Europe/Berlin] Token belongs to user_id: 1
[16-Jul-2025 12:08:35 Europe/Berlin] getCartItems raw fetched items: Array
(
)

[16-Jul-2025 12:08:35 Europe/Berlin] Verifying token: eyJ0eXAiOi...
[16-Jul-2025 12:08:35 Europe/Berlin] Token belongs to user_id: 1
[16-Jul-2025 12:08:35 Europe/Berlin] Starting cart sync for user_id: 1
[16-Jul-2025 12:08:35 Europe/Berlin] Syncing from guest session: guest_1748312233305_znevapgoxr to user: 1
[16-Jul-2025 12:08:35 Europe/Berlin] No guest cart found for session_id: guest_1748312233305_znevapgoxr
[16-Jul-2025 12:08:35 Europe/Berlin] Verifying token: eyJ0eXAiOi...
[16-Jul-2025 12:08:35 Europe/Berlin] Token belongs to user_id: 1
[16-Jul-2025 12:08:35 Europe/Berlin] Starting cart sync for user_id: 1
[16-Jul-2025 12:08:35 Europe/Berlin] Syncing from guest session: guest_1748312233305_znevapgoxr to user: 1
[16-Jul-2025 12:08:35 Europe/Berlin] No guest cart found for session_id: guest_1748312233305_znevapgoxr
[16-Jul-2025 18:08:42 Asia/Manila] API Route: api/stations
[16-Jul-2025 18:08:45 Asia/Manila] API Route: api/stations
[16-Jul-2025 18:08:47 Asia/Manila] API Route: api/stations
[16-Jul-2025 12:09:03 Europe/Berlin] Verifying token: eyJ0eXAiOi...
[16-Jul-2025 18:09:03 Asia/Manila] API Route: api/locations/tree
[16-Jul-2025 12:09:03 Europe/Berlin] Token belongs to user_id: 1
[16-Jul-2025 18:09:03 Asia/Manila] Executing getLocationsTree
[16-Jul-2025 12:09:03 Europe/Berlin] getCartItems raw fetched items: Array
(
)

[16-Jul-2025 18:09:03 Asia/Manila] Locations tree retrieved successfully. Regions count: 7
[16-Jul-2025 12:09:04 Europe/Berlin] Verifying token: eyJ0eXAiOi...
[16-Jul-2025 12:09:04 Europe/Berlin] Token belongs to user_id: 1
[16-Jul-2025 12:09:04 Europe/Berlin] getCartItems raw fetched items: Array
(
)

[16-Jul-2025 12:09:04 Europe/Berlin] Verifying token: eyJ0eXAiOi...
[16-Jul-2025 12:09:04 Europe/Berlin] Token belongs to user_id: 1
[16-Jul-2025 12:09:04 Europe/Berlin] getCartItems raw fetched items: Array
(
)

[16-Jul-2025 12:09:04 Europe/Berlin] Verifying token: eyJ0eXAiOi...
[16-Jul-2025 12:09:04 Europe/Berlin] Token belongs to user_id: 1
[16-Jul-2025 12:09:04 Europe/Berlin] Starting cart sync for user_id: 1
[16-Jul-2025 12:09:04 Europe/Berlin] Syncing from guest session: guest_1748312233305_znevapgoxr to user: 1
[16-Jul-2025 12:09:04 Europe/Berlin] No guest cart found for session_id: guest_1748312233305_znevapgoxr
[16-Jul-2025 12:09:04 Europe/Berlin] Verifying token: eyJ0eXAiOi...
[16-Jul-2025 12:09:04 Europe/Berlin] Token belongs to user_id: 1
[16-Jul-2025 12:09:04 Europe/Berlin] Starting cart sync for user_id: 1
[16-Jul-2025 12:09:04 Europe/Berlin] Syncing from guest session: guest_1748312233305_znevapgoxr to user: 1
[16-Jul-2025 12:09:04 Europe/Berlin] No guest cart found for session_id: guest_1748312233305_znevapgoxr
[16-Jul-2025 18:09:06 Asia/Manila] API Route: api/locations/tree
[16-Jul-2025 18:09:06 Asia/Manila] Executing getLocationsTree
[16-Jul-2025 12:09:06 Europe/Berlin] Verifying token: eyJ0eXAiOi...
[16-Jul-2025 12:09:06 Europe/Berlin] Token belongs to user_id: 1
[16-Jul-2025 12:09:06 Europe/Berlin] getCartItems raw fetched items: Array
(
)

[16-Jul-2025 18:09:06 Asia/Manila] Locations tree retrieved successfully. Regions count: 7
[16-Jul-2025 12:09:06 Europe/Berlin] Verifying token: eyJ0eXAiOi...
[16-Jul-2025 12:09:06 Europe/Berlin] Token belongs to user_id: 1
[16-Jul-2025 12:09:06 Europe/Berlin] getCartItems raw fetched items: Array
(
)

[16-Jul-2025 12:09:06 Europe/Berlin] Verifying token: eyJ0eXAiOi...
[16-Jul-2025 12:09:06 Europe/Berlin] Token belongs to user_id: 1
[16-Jul-2025 12:09:06 Europe/Berlin] getCartItems raw fetched items: Array
(
)

[16-Jul-2025 12:09:07 Europe/Berlin] Verifying token: eyJ0eXAiOi...
[16-Jul-2025 12:09:07 Europe/Berlin] Token belongs to user_id: 1
[16-Jul-2025 12:09:07 Europe/Berlin] Starting cart sync for user_id: 1
[16-Jul-2025 12:09:07 Europe/Berlin] Syncing from guest session: guest_1748312233305_znevapgoxr to user: 1
[16-Jul-2025 12:09:07 Europe/Berlin] No guest cart found for session_id: guest_1748312233305_znevapgoxr
[16-Jul-2025 12:09:07 Europe/Berlin] Verifying token: eyJ0eXAiOi...
[16-Jul-2025 12:09:07 Europe/Berlin] Token belongs to user_id: 1
[16-Jul-2025 12:09:07 Europe/Berlin] Starting cart sync for user_id: 1
[16-Jul-2025 12:09:07 Europe/Berlin] Syncing from guest session: guest_1748312233305_znevapgoxr to user: 1
[16-Jul-2025 12:09:07 Europe/Berlin] No guest cart found for session_id: guest_1748312233305_znevapgoxr
[16-Jul-2025 12:09:07 Europe/Berlin] Verifying token: eyJ0eXAiOi...
[16-Jul-2025 12:09:07 Europe/Berlin] Token belongs to user_id: 1
[16-Jul-2025 12:09:07 Europe/Berlin] getCartItems raw fetched items: Array
(
)

[16-Jul-2025 18:09:08 Asia/Manila] API Route: api/locations/tree
[16-Jul-2025 18:09:08 Asia/Manila] Executing getLocationsTree
[16-Jul-2025 18:09:08 Asia/Manila] Locations tree retrieved successfully. Regions count: 7
[16-Jul-2025 12:09:08 Europe/Berlin] Verifying token: eyJ0eXAiOi...
[16-Jul-2025 12:09:08 Europe/Berlin] Token belongs to user_id: 1
[16-Jul-2025 18:09:08 Asia/Manila] API Route: api/locations/tree
[16-Jul-2025 12:09:08 Europe/Berlin] getCartItems raw fetched items: Array
(
)

[16-Jul-2025 18:09:08 Asia/Manila] Executing getLocationsTree
[16-Jul-2025 18:09:08 Asia/Manila] Locations tree retrieved successfully. Regions count: 7
[16-Jul-2025 12:09:09 Europe/Berlin] Verifying token: eyJ0eXAiOi...
[16-Jul-2025 12:09:09 Europe/Berlin] Token belongs to user_id: 1
[16-Jul-2025 12:09:09 Europe/Berlin] getCartItems raw fetched items: Array
(
)

[16-Jul-2025 18:09:09 Asia/Manila] API Route: api/locations/tree
[16-Jul-2025 18:09:09 Asia/Manila] Executing getLocationsTree
[16-Jul-2025 18:09:09 Asia/Manila] Locations tree retrieved successfully. Regions count: 7
[16-Jul-2025 12:09:09 Europe/Berlin] Verifying token: eyJ0eXAiOi...
[16-Jul-2025 12:09:09 Europe/Berlin] Token belongs to user_id: 1
[16-Jul-2025 12:09:09 Europe/Berlin] getCartItems raw fetched items: Array
(
)

[16-Jul-2025 12:09:09 Europe/Berlin] Verifying token: eyJ0eXAiOi...
[16-Jul-2025 12:09:09 Europe/Berlin] Token belongs to user_id: 1
[16-Jul-2025 12:09:09 Europe/Berlin] getCartItems raw fetched items: Array
(
)

[16-Jul-2025 12:09:10 Europe/Berlin] Verifying token: eyJ0eXAiOi...
[16-Jul-2025 12:09:10 Europe/Berlin] Token belongs to user_id: 1
[16-Jul-2025 12:09:10 Europe/Berlin] Starting cart sync for user_id: 1
[16-Jul-2025 12:09:10 Europe/Berlin] Syncing from guest session: guest_1748312233305_znevapgoxr to user: 1
[16-Jul-2025 12:09:10 Europe/Berlin] No guest cart found for session_id: guest_1748312233305_znevapgoxr
[16-Jul-2025 12:09:10 Europe/Berlin] Verifying token: eyJ0eXAiOi...
[16-Jul-2025 12:09:10 Europe/Berlin] Token belongs to user_id: 1
[16-Jul-2025 12:09:10 Europe/Berlin] Starting cart sync for user_id: 1
[16-Jul-2025 12:09:10 Europe/Berlin] Syncing from guest session: guest_1748312233305_znevapgoxr to user: 1
[16-Jul-2025 12:09:10 Europe/Berlin] No guest cart found for session_id: guest_1748312233305_znevapgoxr
[16-Jul-2025 18:09:11 Asia/Manila] API Route: api/stations
[16-Jul-2025 12:09:17 Europe/Berlin] Verifying token: eyJ0eXAiOi...
[16-Jul-2025 12:09:17 Europe/Berlin] Token belongs to user_id: 1
[16-Jul-2025 18:09:17 Asia/Manila] API Route: api/locations/tree
[16-Jul-2025 18:09:17 Asia/Manila] Executing getLocationsTree
[16-Jul-2025 12:09:17 Europe/Berlin] getCartItems raw fetched items: Array
(
)

[16-Jul-2025 18:09:17 Asia/Manila] Locations tree retrieved successfully. Regions count: 7
[16-Jul-2025 12:09:17 Europe/Berlin] Verifying token: eyJ0eXAiOi...
[16-Jul-2025 12:09:17 Europe/Berlin] Token belongs to user_id: 1
[16-Jul-2025 12:09:17 Europe/Berlin] getCartItems raw fetched items: Array
(
)

[16-Jul-2025 12:09:17 Europe/Berlin] Verifying token: eyJ0eXAiOi...
[16-Jul-2025 12:09:17 Europe/Berlin] Token belongs to user_id: 1
[16-Jul-2025 12:09:17 Europe/Berlin] getCartItems raw fetched items: Array
(
)

[16-Jul-2025 12:09:18 Europe/Berlin] Verifying token: eyJ0eXAiOi...
[16-Jul-2025 12:09:18 Europe/Berlin] Token belongs to user_id: 1
[16-Jul-2025 12:09:18 Europe/Berlin] Starting cart sync for user_id: 1
[16-Jul-2025 12:09:18 Europe/Berlin] Syncing from guest session: guest_1748312233305_znevapgoxr to user: 1
[16-Jul-2025 12:09:18 Europe/Berlin] No guest cart found for session_id: guest_1748312233305_znevapgoxr
[16-Jul-2025 12:09:18 Europe/Berlin] Verifying token: eyJ0eXAiOi...
[16-Jul-2025 12:09:18 Europe/Berlin] Token belongs to user_id: 1
[16-Jul-2025 12:09:18 Europe/Berlin] Starting cart sync for user_id: 1
[16-Jul-2025 12:09:18 Europe/Berlin] Syncing from guest session: guest_1748312233305_znevapgoxr to user: 1
[16-Jul-2025 12:09:18 Europe/Berlin] No guest cart found for session_id: guest_1748312233305_znevapgoxr
[16-Jul-2025 18:09:22 Asia/Manila] API Route: api/stations
[16-Jul-2025 12:10:06 Europe/Berlin] Verifying token: eyJ0eXAiOi...
[16-Jul-2025 18:10:06 Asia/Manila] API Route: api/locations/tree
[16-Jul-2025 12:10:06 Europe/Berlin] Token belongs to user_id: 1
[16-Jul-2025 18:10:06 Asia/Manila] Executing getLocationsTree
[16-Jul-2025 12:10:06 Europe/Berlin] getCartItems raw fetched items: Array
(
)

[16-Jul-2025 18:10:06 Asia/Manila] Locations tree retrieved successfully. Regions count: 7
[16-Jul-2025 12:10:06 Europe/Berlin] Verifying token: eyJ0eXAiOi...
[16-Jul-2025 12:10:06 Europe/Berlin] Token belongs to user_id: 1
[16-Jul-2025 12:10:06 Europe/Berlin] getCartItems raw fetched items: Array
(
)

[16-Jul-2025 12:10:06 Europe/Berlin] Verifying token: eyJ0eXAiOi...
[16-Jul-2025 12:10:06 Europe/Berlin] Token belongs to user_id: 1
[16-Jul-2025 12:10:06 Europe/Berlin] getCartItems raw fetched items: Array
(
)

[16-Jul-2025 12:10:07 Europe/Berlin] Verifying token: eyJ0eXAiOi...
[16-Jul-2025 12:10:07 Europe/Berlin] Verifying token: eyJ0eXAiOi...
[16-Jul-2025 12:10:07 Europe/Berlin] Token belongs to user_id: 1
[16-Jul-2025 12:10:07 Europe/Berlin] Starting cart sync for user_id: 1
[16-Jul-2025 12:10:07 Europe/Berlin] Syncing from guest session: guest_1748312233305_znevapgoxr to user: 1
[16-Jul-2025 12:10:07 Europe/Berlin] No guest cart found for session_id: guest_1748312233305_znevapgoxr
[16-Jul-2025 12:10:07 Europe/Berlin] Token belongs to user_id: 1
[16-Jul-2025 12:10:07 Europe/Berlin] Starting cart sync for user_id: 1
[16-Jul-2025 12:10:07 Europe/Berlin] Syncing from guest session: guest_1748312233305_znevapgoxr to user: 1
[16-Jul-2025 12:10:07 Europe/Berlin] No guest cart found for session_id: guest_1748312233305_znevapgoxr
[16-Jul-2025 12:10:07 Europe/Berlin] Verifying token: eyJ0eXAiOi...
[16-Jul-2025 12:10:07 Europe/Berlin] Token belongs to user_id: 1
[16-Jul-2025 12:10:07 Europe/Berlin] getCartItems raw fetched items: Array
(
)

[16-Jul-2025 18:10:07 Asia/Manila] API Route: api/locations/tree
[16-Jul-2025 18:10:07 Asia/Manila] Executing getLocationsTree
[16-Jul-2025 18:10:07 Asia/Manila] Locations tree retrieved successfully. Regions count: 7
[16-Jul-2025 12:10:08 Europe/Berlin] Verifying token: eyJ0eXAiOi...
[16-Jul-2025 12:10:08 Europe/Berlin] Token belongs to user_id: 1
[16-Jul-2025 12:10:08 Europe/Berlin] getCartItems raw fetched items: Array
(
)

[16-Jul-2025 12:10:08 Europe/Berlin] Verifying token: eyJ0eXAiOi...
[16-Jul-2025 12:10:08 Europe/Berlin] Token belongs to user_id: 1
[16-Jul-2025 12:10:08 Europe/Berlin] getCartItems raw fetched items: Array
(
)

[16-Jul-2025 12:10:08 Europe/Berlin] Verifying token: eyJ0eXAiOi...
[16-Jul-2025 12:10:08 Europe/Berlin] Token belongs to user_id: 1
[16-Jul-2025 12:10:08 Europe/Berlin] Starting cart sync for user_id: 1
[16-Jul-2025 12:10:08 Europe/Berlin] Syncing from guest session: guest_1748312233305_znevapgoxr to user: 1
[16-Jul-2025 12:10:08 Europe/Berlin] No guest cart found for session_id: guest_1748312233305_znevapgoxr
[16-Jul-2025 12:10:08 Europe/Berlin] Verifying token: eyJ0eXAiOi...
[16-Jul-2025 12:10:08 Europe/Berlin] Token belongs to user_id: 1
[16-Jul-2025 12:10:08 Europe/Berlin] Starting cart sync for user_id: 1
[16-Jul-2025 12:10:08 Europe/Berlin] Syncing from guest session: guest_1748312233305_znevapgoxr to user: 1
[16-Jul-2025 12:10:08 Europe/Berlin] No guest cart found for session_id: guest_1748312233305_znevapgoxr
[16-Jul-2025 18:10:09 Asia/Manila] API Route: api/locations/tree
[16-Jul-2025 18:10:09 Asia/Manila] Executing getLocationsTree
[16-Jul-2025 12:10:09 Europe/Berlin] Verifying token: eyJ0eXAiOi...
[16-Jul-2025 12:10:09 Europe/Berlin] Token belongs to user_id: 1
[16-Jul-2025 12:10:09 Europe/Berlin] getCartItems raw fetched items: Array
(
)

[16-Jul-2025 18:10:09 Asia/Manila] Locations tree retrieved successfully. Regions count: 7
[16-Jul-2025 12:10:10 Europe/Berlin] Verifying token: eyJ0eXAiOi...
[16-Jul-2025 12:10:10 Europe/Berlin] Token belongs to user_id: 1
[16-Jul-2025 12:10:10 Europe/Berlin] getCartItems raw fetched items: Array
(
)

[16-Jul-2025 12:10:10 Europe/Berlin] Verifying token: eyJ0eXAiOi...
[16-Jul-2025 12:10:10 Europe/Berlin] Token belongs to user_id: 1
[16-Jul-2025 12:10:10 Europe/Berlin] getCartItems raw fetched items: Array
(
)

[16-Jul-2025 12:10:10 Europe/Berlin] Verifying token: eyJ0eXAiOi...
[16-Jul-2025 12:10:10 Europe/Berlin] Verifying token: eyJ0eXAiOi...
[16-Jul-2025 12:10:10 Europe/Berlin] Token belongs to user_id: 1
[16-Jul-2025 12:10:10 Europe/Berlin] Starting cart sync for user_id: 1
[16-Jul-2025 12:10:10 Europe/Berlin] Syncing from guest session: guest_1748312233305_znevapgoxr to user: 1
[16-Jul-2025 12:10:10 Europe/Berlin] No guest cart found for session_id: guest_1748312233305_znevapgoxr
[16-Jul-2025 12:10:10 Europe/Berlin] Token belongs to user_id: 1
[16-Jul-2025 12:10:10 Europe/Berlin] Starting cart sync for user_id: 1
[16-Jul-2025 12:10:10 Europe/Berlin] Syncing from guest session: guest_1748312233305_znevapgoxr to user: 1
[16-Jul-2025 12:10:10 Europe/Berlin] No guest cart found for session_id: guest_1748312233305_znevapgoxr
[16-Jul-2025 18:10:12 Asia/Manila] API Route: api/stations
[16-Jul-2025 12:10:16 Europe/Berlin] Verifying token: eyJ0eXAiOi...
[16-Jul-2025 12:10:16 Europe/Berlin] Token belongs to user_id: 1
[16-Jul-2025 12:10:16 Europe/Berlin] getCartItems raw fetched items: Array
(
)

[16-Jul-2025 18:10:16 Asia/Manila] API Route: api/locations/tree
[16-Jul-2025 18:10:16 Asia/Manila] Executing getLocationsTree
[16-Jul-2025 18:10:16 Asia/Manila] Locations tree retrieved successfully. Regions count: 7
[16-Jul-2025 12:10:17 Europe/Berlin] Verifying token: eyJ0eXAiOi...
[16-Jul-2025 12:10:17 Europe/Berlin] Verifying token: eyJ0eXAiOi...
[16-Jul-2025 12:10:17 Europe/Berlin] Token belongs to user_id: 1
[16-Jul-2025 12:10:17 Europe/Berlin] Token belongs to user_id: 1
[16-Jul-2025 12:10:17 Europe/Berlin] getCartItems raw fetched items: Array
(
)

[16-Jul-2025 12:10:17 Europe/Berlin] getCartItems raw fetched items: Array
(
)

[16-Jul-2025 12:10:17 Europe/Berlin] Verifying token: eyJ0eXAiOi...
[16-Jul-2025 12:10:17 Europe/Berlin] Verifying token: eyJ0eXAiOi...
[16-Jul-2025 12:10:17 Europe/Berlin] Token belongs to user_id: 1
[16-Jul-2025 12:10:17 Europe/Berlin] Token belongs to user_id: 1
[16-Jul-2025 12:10:17 Europe/Berlin] Starting cart sync for user_id: 1
[16-Jul-2025 12:10:17 Europe/Berlin] Starting cart sync for user_id: 1
[16-Jul-2025 12:10:17 Europe/Berlin] Syncing from guest session: guest_1748312233305_znevapgoxr to user: 1
[16-Jul-2025 12:10:17 Europe/Berlin] No guest cart found for session_id: guest_1748312233305_znevapgoxr
[16-Jul-2025 12:10:17 Europe/Berlin] Syncing from guest session: guest_1748312233305_znevapgoxr to user: 1
[16-Jul-2025 12:10:17 Europe/Berlin] No guest cart found for session_id: guest_1748312233305_znevapgoxr
[16-Jul-2025 12:10:18 Europe/Berlin] Verifying token: eyJ0eXAiOi...
[16-Jul-2025 18:10:18 Asia/Manila] API Route: api/locations/tree
[16-Jul-2025 18:10:18 Asia/Manila] Executing getLocationsTree
[16-Jul-2025 12:10:18 Europe/Berlin] Token belongs to user_id: 1
[16-Jul-2025 12:10:18 Europe/Berlin] getCartItems raw fetched items: Array
(
)

[16-Jul-2025 18:10:18 Asia/Manila] Locations tree retrieved successfully. Regions count: 7
[16-Jul-2025 12:10:18 Europe/Berlin] Verifying token: eyJ0eXAiOi...
[16-Jul-2025 12:10:18 Europe/Berlin] Verifying token: eyJ0eXAiOi...
[16-Jul-2025 12:10:18 Europe/Berlin] Token belongs to user_id: 1
[16-Jul-2025 12:10:18 Europe/Berlin] Token belongs to user_id: 1
[16-Jul-2025 12:10:18 Europe/Berlin] getCartItems raw fetched items: Array
(
)

[16-Jul-2025 12:10:18 Europe/Berlin] getCartItems raw fetched items: Array
(
)

[16-Jul-2025 12:10:19 Europe/Berlin] Verifying token: eyJ0eXAiOi...
[16-Jul-2025 12:10:19 Europe/Berlin] Token belongs to user_id: 1
[16-Jul-2025 12:10:19 Europe/Berlin] Starting cart sync for user_id: 1
[16-Jul-2025 12:10:19 Europe/Berlin] Syncing from guest session: guest_1748312233305_znevapgoxr to user: 1
[16-Jul-2025 12:10:19 Europe/Berlin] No guest cart found for session_id: guest_1748312233305_znevapgoxr
[16-Jul-2025 12:10:19 Europe/Berlin] Verifying token: eyJ0eXAiOi...
[16-Jul-2025 12:10:19 Europe/Berlin] Token belongs to user_id: 1
[16-Jul-2025 12:10:19 Europe/Berlin] Starting cart sync for user_id: 1
[16-Jul-2025 12:10:19 Europe/Berlin] Syncing from guest session: guest_1748312233305_znevapgoxr to user: 1
[16-Jul-2025 12:10:19 Europe/Berlin] No guest cart found for session_id: guest_1748312233305_znevapgoxr
[16-Jul-2025 12:10:31 Europe/Berlin] Verifying token: eyJ0eXAiOi...
[16-Jul-2025 12:10:31 Europe/Berlin] Token belongs to user_id: 1
[16-Jul-2025 18:10:31 Asia/Manila] API Route: api/locations/tree
[16-Jul-2025 18:10:31 Asia/Manila] Executing getLocationsTree
[16-Jul-2025 12:10:31 Europe/Berlin] getCartItems raw fetched items: Array
(
)

[16-Jul-2025 18:10:32 Asia/Manila] Locations tree retrieved successfully. Regions count: 7
[16-Jul-2025 12:10:32 Europe/Berlin] Verifying token: eyJ0eXAiOi...
[16-Jul-2025 12:10:32 Europe/Berlin] Token belongs to user_id: 1
[16-Jul-2025 12:10:32 Europe/Berlin] getCartItems raw fetched items: Array
(
)

[16-Jul-2025 12:10:32 Europe/Berlin] Verifying token: eyJ0eXAiOi...
[16-Jul-2025 12:10:32 Europe/Berlin] Token belongs to user_id: 1
[16-Jul-2025 12:10:32 Europe/Berlin] getCartItems raw fetched items: Array
(
)

[16-Jul-2025 12:10:33 Europe/Berlin] Verifying token: eyJ0eXAiOi...
[16-Jul-2025 12:10:33 Europe/Berlin] Token belongs to user_id: 1
[16-Jul-2025 12:10:33 Europe/Berlin] Starting cart sync for user_id: 1
[16-Jul-2025 12:10:33 Europe/Berlin] Syncing from guest session: guest_1748312233305_znevapgoxr to user: 1
[16-Jul-2025 12:10:33 Europe/Berlin] No guest cart found for session_id: guest_1748312233305_znevapgoxr
[16-Jul-2025 12:10:33 Europe/Berlin] Verifying token: eyJ0eXAiOi...
[16-Jul-2025 12:10:33 Europe/Berlin] Token belongs to user_id: 1
[16-Jul-2025 12:10:33 Europe/Berlin] Starting cart sync for user_id: 1
[16-Jul-2025 12:10:33 Europe/Berlin] Syncing from guest session: guest_1748312233305_znevapgoxr to user: 1
[16-Jul-2025 12:10:33 Europe/Berlin] No guest cart found for session_id: guest_1748312233305_znevapgoxr
[16-Jul-2025 18:10:34 Asia/Manila] API Route: api/stations
[16-Jul-2025 12:10:38 Europe/Berlin] No authentication token provided in request
[16-Jul-2025 18:10:38 Asia/Manila] API Route: api/locations/tree
[16-Jul-2025 18:10:38 Asia/Manila] Executing getLocationsTree
[16-Jul-2025 18:10:38 Asia/Manila] Locations tree retrieved successfully. Regions count: 7
[16-Jul-2025 18:10:40 Asia/Manila] API Route: api/stations
[16-Jul-2025 12:11:03 Europe/Berlin] No authentication token provided in request
[16-Jul-2025 18:11:03 Asia/Manila] API Route: api/locations/tree
[16-Jul-2025 18:11:03 Asia/Manila] Executing getLocationsTree
[16-Jul-2025 18:11:03 Asia/Manila] Locations tree retrieved successfully. Regions count: 7
[16-Jul-2025 18:11:19 Asia/Manila] API Route: api/stations
[16-Jul-2025 18:11:36 Asia/Manila] API Route: api/stations
[16-Jul-2025 18:11:39 Asia/Manila] API Route: api/stations
[16-Jul-2025 18:11:42 Asia/Manila] API Route: api/stations
[16-Jul-2025 18:11:45 Asia/Manila] API Route: api/stations
[16-Jul-2025 18:11:46 Asia/Manila] API Route: api/stations
[16-Jul-2025 18:11:52 Asia/Manila] API Route: api/stations
[16-Jul-2025 18:11:55 Asia/Manila] API Route: api/stations
[16-Jul-2025 18:11:55 Asia/Manila] Error fetching stations: Unknown column 'city' in 'where clause'
[16-Jul-2025 18:12:00 Asia/Manila] API Route: api/locations/tree
[16-Jul-2025 18:12:00 Asia/Manila] Executing getLocationsTree
[16-Jul-2025 18:12:00 Asia/Manila] Locations tree retrieved successfully. Regions count: 7
[16-Jul-2025 18:12:05 Asia/Manila] API Route: api/stations
[16-Jul-2025 12:12:28 Europe/Berlin] No authentication token provided in request
[16-Jul-2025 18:12:28 Asia/Manila] API Route: api/locations/tree
[16-Jul-2025 18:12:28 Asia/Manila] Executing getLocationsTree
[16-Jul-2025 18:12:28 Asia/Manila] Locations tree retrieved successfully. Regions count: 7
[16-Jul-2025 18:12:42 Asia/Manila] API Route: api/stations
[16-Jul-2025 18:12:48 Asia/Manila] API Route: api/stations
[16-Jul-2025 18:12:54 Asia/Manila] API Route: api/stations
[16-Jul-2025 18:12:54 Asia/Manila] Error fetching stations: Unknown column 'city' in 'where clause'
[16-Jul-2025 18:16:26 Asia/Manila] API Route: api/stations
[16-Jul-2025 18:17:58 Asia/Manila] API Route: api/locations/tree
[16-Jul-2025 18:17:58 Asia/Manila] Executing getLocationsTree
[16-Jul-2025 12:17:58 Europe/Berlin] No authentication token provided in request
[16-Jul-2025 18:17:58 Asia/Manila] Locations tree retrieved successfully. Regions count: 7
[16-Jul-2025 18:18:04 Asia/Manila] API Route: api/stations
[16-Jul-2025 18:18:06 Asia/Manila] API Route: api/stations
[16-Jul-2025 18:18:10 Asia/Manila] API Route: api/stations
[16-Jul-2025 12:18:44 Europe/Berlin] No authentication token provided in request
[16-Jul-2025 18:18:44 Asia/Manila] API Route: api/locations/tree
[16-Jul-2025 18:18:44 Asia/Manila] Executing getLocationsTree
[16-Jul-2025 18:18:44 Asia/Manila] Locations tree retrieved successfully. Regions count: 7
[16-Jul-2025 18:18:49 Asia/Manila] API Route: api/stations
[16-Jul-2025 18:21:09 Asia/Manila] API Route: api/locations/tree
[16-Jul-2025 18:21:09 Asia/Manila] Executing getLocationsTree
[16-Jul-2025 12:21:09 Europe/Berlin] No authentication token provided in request
[16-Jul-2025 18:21:09 Asia/Manila] Locations tree retrieved successfully. Regions count: 7
[16-Jul-2025 18:21:14 Asia/Manila] API Route: api/stations
[16-Jul-2025 18:21:51 Asia/Manila] API Route: api/stations
[16-Jul-2025 18:22:44 Asia/Manila] API Route: api/stations
[16-Jul-2025 18:22:48 Asia/Manila] API Route: api/stations
[16-Jul-2025 18:22:52 Asia/Manila] API Route: api/stations
[16-Jul-2025 18:23:03 Asia/Manila] API Route: api/stations
[16-Jul-2025 18:23:08 Asia/Manila] API Route: api/stations
[16-Jul-2025 18:23:13 Asia/Manila] API Route: api/stations
[16-Jul-2025 18:23:27 Asia/Manila] API Route: api/locations/tree
[16-Jul-2025 18:23:27 Asia/Manila] Executing getLocationsTree
[16-Jul-2025 18:23:27 Asia/Manila] Locations tree retrieved successfully. Regions count: 7
[16-Jul-2025 18:23:30 Asia/Manila] API Route: api/stations
[16-Jul-2025 12:26:10 Europe/Berlin] No authentication token provided in request
[16-Jul-2025 18:26:10 Asia/Manila] API Route: api/locations/tree
[16-Jul-2025 18:26:10 Asia/Manila] Executing getLocationsTree
[16-Jul-2025 18:26:10 Asia/Manila] Locations tree retrieved successfully. Regions count: 7
[16-Jul-2025 18:33:11 Asia/Manila] API Route: api/locations/tree
[16-Jul-2025 18:33:11 Asia/Manila] Executing getLocationsTree
[16-Jul-2025 12:33:11 Europe/Berlin] No authentication token provided in request
[16-Jul-2025 18:33:11 Asia/Manila] Locations tree retrieved successfully. Regions count: 6
[16-Jul-2025 18:33:15 Asia/Manila] API Route: api/stations
[16-Jul-2025 18:34:11 Asia/Manila] API Route: api/stations
[16-Jul-2025 18:34:19 Asia/Manila] API Route: api/locations/tree
[16-Jul-2025 18:34:19 Asia/Manila] Executing getLocationsTree
[16-Jul-2025 12:34:19 Europe/Berlin] No authentication token provided in request
[16-Jul-2025 18:34:19 Asia/Manila] Locations tree retrieved successfully. Regions count: 6
[16-Jul-2025 18:34:33 Asia/Manila] API Route: api/stations
[16-Jul-2025 12:35:01 Europe/Berlin] No authentication token provided in request
[16-Jul-2025 18:35:01 Asia/Manila] API Route: api/locations/tree
[16-Jul-2025 18:35:01 Asia/Manila] Executing getLocationsTree
[16-Jul-2025 18:35:01 Asia/Manila] Locations tree retrieved successfully. Regions count: 6
[16-Jul-2025 18:35:04 Asia/Manila] API Route: api/stations
[16-Jul-2025 12:39:39 Europe/Berlin] No authentication token provided in request
[16-Jul-2025 18:39:39 Asia/Manila] API Route: api/locations/tree
[16-Jul-2025 18:39:39 Asia/Manila] Executing getLocationsTree
[16-Jul-2025 18:39:40 Asia/Manila] Locations tree retrieved successfully. Regions count: 6
[16-Jul-2025 18:39:44 Asia/Manila] API Route: api/locations/tree
[16-Jul-2025 18:39:44 Asia/Manila] Executing getLocationsTree
[16-Jul-2025 18:39:44 Asia/Manila] Locations tree retrieved successfully. Regions count: 6
[16-Jul-2025 18:39:47 Asia/Manila] API Route: api/stations
[16-Jul-2025 12:40:43 Europe/Berlin] No authentication token provided in request
[16-Jul-2025 18:40:43 Asia/Manila] API Route: api/locations/tree
[16-Jul-2025 18:40:43 Asia/Manila] Executing getLocationsTree
[16-Jul-2025 18:40:43 Asia/Manila] Locations tree retrieved successfully. Regions count: 6
[16-Jul-2025 18:40:46 Asia/Manila] API Route: api/locations/tree
[16-Jul-2025 18:40:46 Asia/Manila] Executing getLocationsTree
[16-Jul-2025 18:40:46 Asia/Manila] Locations tree retrieved successfully. Regions count: 6
[16-Jul-2025 18:40:49 Asia/Manila] API Route: api/stations
[16-Jul-2025 12:41:46 Europe/Berlin] No authentication token provided in request
[16-Jul-2025 18:41:46 Asia/Manila] API Route: api/locations/tree
[16-Jul-2025 18:41:46 Asia/Manila] Executing getLocationsTree
[16-Jul-2025 18:41:46 Asia/Manila] Locations tree retrieved successfully. Regions count: 6
[16-Jul-2025 18:41:50 Asia/Manila] API Route: api/locations/tree
[16-Jul-2025 18:41:50 Asia/Manila] Executing getLocationsTree
[16-Jul-2025 18:41:50 Asia/Manila] Locations tree retrieved successfully. Regions count: 6
[16-Jul-2025 18:41:56 Asia/Manila] API Route: api/stations
[16-Jul-2025 18:44:45 Asia/Manila] API Route: api/locations/tree
[16-Jul-2025 18:44:45 Asia/Manila] Executing getLocationsTree
[16-Jul-2025 12:44:45 Europe/Berlin] No authentication token provided in request
[16-Jul-2025 18:44:45 Asia/Manila] Locations tree retrieved successfully. Regions count: 6
[16-Jul-2025 18:44:48 Asia/Manila] API Route: api/locations/tree
[16-Jul-2025 18:44:48 Asia/Manila] Executing getLocationsTree
[16-Jul-2025 18:44:48 Asia/Manila] Locations tree retrieved successfully. Regions count: 6
[16-Jul-2025 18:44:51 Asia/Manila] API Route: api/stations
[16-Jul-2025 18:45:01 Asia/Manila] API Route: api/stations
[16-Jul-2025 12:48:46 Europe/Berlin] No authentication token provided in request
[16-Jul-2025 18:48:46 Asia/Manila] API Route: api/locations/tree
[16-Jul-2025 18:48:46 Asia/Manila] Executing getLocationsTree
[16-Jul-2025 18:48:46 Asia/Manila] Locations tree retrieved successfully. Regions count: 6
[16-Jul-2025 18:48:50 Asia/Manila] API Route: api/stations
[16-Jul-2025 12:48:55 Europe/Berlin] addToCart received data: stdClass Object
(
    [station_id] => 10344
    [station_type] => caap
    [station_name] => MCRP-1
    [session_id] => guest_1752660637652_mra85gcqqyo
)

[16-Jul-2025 12:48:55 Europe/Berlin] No authentication token provided in request
[16-Jul-2025 12:48:55 Europe/Berlin] Getting cart for user_id: NULL, session_id: guest_1752660637652_mra85gcqqyo
[16-Jul-2025 12:48:55 Europe/Berlin] Creating new guest cart for session: guest_1752660637652_mra85gcqqyo
[16-Jul-2025 12:48:55 Europe/Berlin] Created new guest cart ID: 13
[16-Jul-2025 12:48:55 Europe/Berlin] Executing INSERT for cart_item with cart_id: 13, station_id: 10344, station_name: MCRP-1, station_type: caap
[16-Jul-2025 12:48:57 Europe/Berlin] addToCart received data: stdClass Object
(
    [station_id] => 10344
    [station_type] => horizontal
    [station_name] => MCRP-1
    [session_id] => guest_1752660637652_mra85gcqqyo
)

[16-Jul-2025 12:48:57 Europe/Berlin] No authentication token provided in request
[16-Jul-2025 12:48:57 Europe/Berlin] Getting cart for user_id: NULL, session_id: guest_1752660637652_mra85gcqqyo
[16-Jul-2025 12:48:57 Europe/Berlin] Found existing guest cart ID: 13
[16-Jul-2025 12:48:57 Europe/Berlin] Executing INSERT for cart_item with cart_id: 13, station_id: 10344, station_name: MCRP-1, station_type: horizontal
[16-Jul-2025 12:49:08 Europe/Berlin] Verifying token: eyJ0eXAiOi...
[16-Jul-2025 12:49:08 Europe/Berlin] Token belongs to user_id: 1
[16-Jul-2025 12:49:08 Europe/Berlin] getCartItems raw fetched items: Array
(
)

[16-Jul-2025 12:49:09 Europe/Berlin] Verifying token: eyJ0eXAiOi...
[16-Jul-2025 12:49:09 Europe/Berlin] Token belongs to user_id: 1
[16-Jul-2025 12:49:09 Europe/Berlin] getCartItems raw fetched items: Array
(
)

[16-Jul-2025 18:49:09 Asia/Manila] API Route: api/locations/tree
[16-Jul-2025 18:49:09 Asia/Manila] Executing getLocationsTree
[16-Jul-2025 18:49:09 Asia/Manila] Locations tree retrieved successfully. Regions count: 6
[16-Jul-2025 12:49:09 Europe/Berlin] Verifying token: eyJ0eXAiOi...
[16-Jul-2025 12:49:09 Europe/Berlin] Token belongs to user_id: 1
[16-Jul-2025 12:49:09 Europe/Berlin] getCartItems raw fetched items: Array
(
)

[16-Jul-2025 12:49:10 Europe/Berlin] Verifying token: eyJ0eXAiOi...
[16-Jul-2025 12:49:10 Europe/Berlin] Token belongs to user_id: 1
[16-Jul-2025 12:49:10 Europe/Berlin] Starting cart sync for user_id: 1
[16-Jul-2025 12:49:10 Europe/Berlin] Syncing from guest session: guest_1752660637652_mra85gcqqyo to user: 1
[16-Jul-2025 12:49:10 Europe/Berlin] Found guest cart ID: 13
[16-Jul-2025 12:49:10 Europe/Berlin] Found existing user cart ID: 11
[16-Jul-2025 12:49:10 Europe/Berlin] Found 2 items to sync from guest cart to user cart
[16-Jul-2025 12:49:10 Europe/Berlin] Added item: 10344 (type: caap) to user cart
[16-Jul-2025 12:49:10 Europe/Berlin] Added item: 10344 (type: horizontal) to user cart
[16-Jul-2025 12:49:10 Europe/Berlin] Deleted items from guest cart ID: 13
[16-Jul-2025 12:49:10 Europe/Berlin] Deleted guest cart ID: 13
[16-Jul-2025 12:49:10 Europe/Berlin] Verifying token: eyJ0eXAiOi...
[16-Jul-2025 12:49:10 Europe/Berlin] Token belongs to user_id: 1
[16-Jul-2025 12:49:10 Europe/Berlin] Starting cart sync for user_id: 1
[16-Jul-2025 12:49:10 Europe/Berlin] Syncing from guest session: guest_1752660637652_mra85gcqqyo to user: 1
[16-Jul-2025 12:49:10 Europe/Berlin] No guest cart found for session_id: guest_1752660637652_mra85gcqqyo
[16-Jul-2025 18:49:13 Asia/Manila] API Route: api/stations
[16-Jul-2025 12:49:17 Europe/Berlin] addToCart received data: stdClass Object
(
    [station_id] => 10344
    [station_type] => caap
    [station_name] => MCRP-1
    [session_id] => guest_1752660637652_mra85gcqqyo
)

[16-Jul-2025 12:49:17 Europe/Berlin] Verifying token: eyJ0eXAiOi...
[16-Jul-2025 12:49:17 Europe/Berlin] Token belongs to user_id: 1
[16-Jul-2025 12:49:17 Europe/Berlin] Getting cart for user_id: 1, session_id: guest_1752660637652_mra85gcqqyo
[16-Jul-2025 12:49:17 Europe/Berlin] Found existing user cart ID: 11
[16-Jul-2025 12:49:18 Europe/Berlin] addToCart received data: stdClass Object
(
    [station_id] => 10344
    [station_type] => horizontal
    [station_name] => MCRP-1
    [session_id] => guest_1752660637652_mra85gcqqyo
)

[16-Jul-2025 12:49:18 Europe/Berlin] Verifying token: eyJ0eXAiOi...
[16-Jul-2025 12:49:18 Europe/Berlin] Token belongs to user_id: 1
[16-Jul-2025 12:49:18 Europe/Berlin] Getting cart for user_id: 1, session_id: guest_1752660637652_mra85gcqqyo
[16-Jul-2025 12:49:18 Europe/Berlin] Found existing user cart ID: 11
[16-Jul-2025 18:49:25 Asia/Manila] Marked 4 expired requests
[16-Jul-2025 18:49:25 Asia/Manila] verifyToken called with requiredRole: null
[16-Jul-2025 18:49:25 Asia/Manila] Authorization header present: yes (Bearer eyJ0eXAi...)
[16-Jul-2025 18:49:25 Asia/Manila] JWT token for verification (length: 198): eyJ0eXAiOiJKV1QiLCJh...
[16-Jul-2025 18:49:25 Asia/Manila] Token payload decoded successfully. User ID: 1, Type: admin
[16-Jul-2025 18:49:25 Asia/Manila] createRequest called with token user_id: 1 (type: integer)
[16-Jul-2025 18:49:25 Asia/Manila] Full token object: (object) array(
   'iat' => 1752662948,
   'exp' => 1752749348,
   'user_id' => 1,
   'username' => 'admin',
   'user_type' => 'admin',
)
[16-Jul-2025 18:49:25 Asia/Manila] Request data: stdClass Object
(
    [items] => Array
        (
            [0] => stdClass Object
                (
                    [station_id] => 10344
                    [station_name] => MCRP-1
                    [station_type] => caap
                )

            [1] => stdClass Object
                (
                    [station_id] => 10344
                    [station_name] => MCRP-1
                    [station_type] => horizontal
                )

        )

    [clear_cart] => 1
)

[16-Jul-2025 18:49:25 Asia/Manila] Generated transaction code: CSUMGB-20250716-1-001 for user_id: 1
[16-Jul-2025 18:49:25 Asia/Manila] Inserted request with ID: 82, user_id: 1, transaction_code: CSUMGB-20250716-1-001
[16-Jul-2025 18:49:25 Asia/Manila] Verification of request record - user_id: 1, transaction_code: CSUMGB-20250716-1-001
[16-Jul-2025 18:49:25 Asia/Manila] [createRequest] Processing item: stdClass Object
(
    [station_id] => 10344
    [station_name] => MCRP-1
    [station_type] => caap
)

[16-Jul-2025 18:49:25 Asia/Manila] [createRequest] DB Insert Values: ID='10344', Name='MCRP-1', Type='caap', Price='720'
[16-Jul-2025 18:49:25 Asia/Manila] [createRequest] Processing item: stdClass Object
(
    [station_id] => 10344
    [station_name] => MCRP-1
    [station_type] => horizontal
)

[16-Jul-2025 18:49:25 Asia/Manila] [createRequest] DB Insert Values: ID='10344', Name='MCRP-1', Type='horizontal', Price='360'
[16-Jul-2025 18:49:25 Asia/Manila] Attempting to clear cart items for user_id: 1 using query: DELETE FROM cart_items WHERE cart_id IN (SELECT cart_id FROM carts WHERE user_id = :user_id)
[16-Jul-2025 18:49:25 Asia/Manila] Cart items cleared for user_id: 1. Rows affected: 2
[16-Jul-2025 18:49:32 Asia/Manila] Admin API Request received: GET /api/admin/regions
[16-Jul-2025 18:49:32 Asia/Manila] Query parameters: Array
(
)

[16-Jul-2025 18:49:32 Asia/Manila] Admin: Fetching regions
[16-Jul-2025 18:49:32 Asia/Manila] Admin API Request received: GET /api/admin/stations/vertical
[16-Jul-2025 18:49:32 Asia/Manila] Query parameters: Array
(
)

[16-Jul-2025 18:49:32 Asia/Manila] Admin: Fetching stations for type: vertical
[16-Jul-2025 18:49:32 Asia/Manila] Admin API Request received: GET /api/admin/provinces
[16-Jul-2025 18:49:32 Asia/Manila] Query parameters: Array
(
)

[16-Jul-2025 18:49:32 Asia/Manila] Admin: Fetching provinces for region: 
[16-Jul-2025 18:49:32 Asia/Manila] Admin API Request received: GET /api/admin/regions
[16-Jul-2025 18:49:32 Asia/Manila] Query parameters: Array
(
)

[16-Jul-2025 18:49:32 Asia/Manila] Admin: Fetching regions
[16-Jul-2025 18:49:32 Asia/Manila] Admin API Request received: GET /api/admin/cities
[16-Jul-2025 18:49:32 Asia/Manila] Query parameters: Array
(
)

[16-Jul-2025 18:49:32 Asia/Manila] Admin: Fetching cities for province: 
[16-Jul-2025 18:49:32 Asia/Manila] Admin API Request received: GET /api/admin/barangays
[16-Jul-2025 18:49:32 Asia/Manila] Query parameters: Array
(
)

[16-Jul-2025 18:49:32 Asia/Manila] Admin: Fetching barangays for city: 
[16-Jul-2025 18:49:32 Asia/Manila] Admin API Request received: GET /api/admin/provinces
[16-Jul-2025 18:49:32 Asia/Manila] Query parameters: Array
(
)

[16-Jul-2025 18:49:32 Asia/Manila] Admin: Fetching provinces for region: 
[16-Jul-2025 18:49:32 Asia/Manila] Admin API Request received: GET /api/admin/cities
[16-Jul-2025 18:49:32 Asia/Manila] Query parameters: Array
(
)

[16-Jul-2025 18:49:32 Asia/Manila] Admin: Fetching cities for province: 
[16-Jul-2025 18:49:32 Asia/Manila] Admin API Request received: GET /api/admin/barangays
[16-Jul-2025 18:49:32 Asia/Manila] Query parameters: Array
(
)

[16-Jul-2025 18:49:32 Asia/Manila] Admin: Fetching barangays for city: 
[16-Jul-2025 18:49:33 Asia/Manila] [2025-07-16 18:49:33] getAllPayments called by user_id: 1
[16-Jul-2025 18:49:33 Asia/Manila] [2025-07-16 18:49:33] Running query: SELECT t.*,
                pm.method_name, 
                r.user_id, r.transaction_code,
                u.username, u.email,
                rs.status_name
                FROM transactions t
                LEFT JOIN payment_methods pm ON t.payment_method_id = pm.payment_method_id
                LEFT JOIN requests r ON t.request_id = r.request_id
                LEFT JOIN users u ON r.user_id = u.user_id
                LEFT JOIN request_statuses rs ON t.status_id = rs.status_id
                ORDER BY t.payment_date DESC
                LIMIT :offset, :per_page
[16-Jul-2025 18:49:33 Asia/Manila] [2025-07-16 18:49:33] Found 4 transactions
[16-Jul-2025 18:49:39 Asia/Manila] getUserRequests called with userId: 1
[16-Jul-2025 18:49:39 Asia/Manila] verifyToken called with requiredRole: null
[16-Jul-2025 18:49:39 Asia/Manila] Authorization header present: yes (Bearer eyJ0eXAi...)
[16-Jul-2025 18:49:39 Asia/Manila] JWT token for verification (length: 198): eyJ0eXAiOiJKV1QiLCJh...
[16-Jul-2025 18:49:39 Asia/Manila] Token payload decoded successfully. User ID: 1, Type: admin
[16-Jul-2025 18:49:39 Asia/Manila] Token user_id: 1, type: integer
[16-Jul-2025 18:49:39 Asia/Manila] Requested user_id: 1, type: integer
[16-Jul-2025 18:49:39 Asia/Manila] Found 3 requests for user 1
[16-Jul-2025 18:49:39 Asia/Manila] getUserRequests called with userId: 1
[16-Jul-2025 18:49:39 Asia/Manila] verifyToken called with requiredRole: null
[16-Jul-2025 18:49:39 Asia/Manila] Authorization header present: yes (Bearer eyJ0eXAi...)
[16-Jul-2025 18:49:39 Asia/Manila] JWT token for verification (length: 198): eyJ0eXAiOiJKV1QiLCJh...
[16-Jul-2025 18:49:39 Asia/Manila] Token payload decoded successfully. User ID: 1, Type: admin
[16-Jul-2025 18:49:39 Asia/Manila] Token user_id: 1, type: integer
[16-Jul-2025 18:49:39 Asia/Manila] Requested user_id: 1, type: integer
[16-Jul-2025 18:49:39 Asia/Manila] Found 3 requests for user 1
[16-Jul-2025 18:49:40 Asia/Manila] [2025-07-16 18:49:40] getAllPayments called by user_id: 1
[16-Jul-2025 18:49:40 Asia/Manila] [2025-07-16 18:49:40] Running query: SELECT t.*,
                pm.method_name, 
                r.user_id, r.transaction_code,
                u.username, u.email,
                rs.status_name
                FROM transactions t
                LEFT JOIN payment_methods pm ON t.payment_method_id = pm.payment_method_id
                LEFT JOIN requests r ON t.request_id = r.request_id
                LEFT JOIN users u ON r.user_id = u.user_id
                LEFT JOIN request_statuses rs ON t.status_id = rs.status_id
                ORDER BY t.payment_date DESC
                LIMIT :offset, :per_page
[16-Jul-2025 18:49:40 Asia/Manila] [2025-07-16 18:49:40] Found 4 transactions
[16-Jul-2025 18:49:43 Asia/Manila] [2025-07-16 18:49:43] getAllPayments called by user_id: 1
[16-Jul-2025 18:49:43 Asia/Manila] [2025-07-16 18:49:43] Running query: SELECT t.*,
                pm.method_name, 
                r.user_id, r.transaction_code,
                u.username, u.email,
                rs.status_name
                FROM transactions t
                LEFT JOIN payment_methods pm ON t.payment_method_id = pm.payment_method_id
                LEFT JOIN requests r ON t.request_id = r.request_id
                LEFT JOIN users u ON r.user_id = u.user_id
                LEFT JOIN request_statuses rs ON t.status_id = rs.status_id
                ORDER BY t.payment_date DESC
                LIMIT :offset, :per_page
[16-Jul-2025 18:49:43 Asia/Manila] [2025-07-16 18:49:43] Found 4 transactions
[16-Jul-2025 18:49:44 Asia/Manila] getUserRequests called with userId: 1
[16-Jul-2025 18:49:44 Asia/Manila] verifyToken called with requiredRole: null
[16-Jul-2025 18:49:44 Asia/Manila] Authorization header present: yes (Bearer eyJ0eXAi...)
[16-Jul-2025 18:49:44 Asia/Manila] JWT token for verification (length: 198): eyJ0eXAiOiJKV1QiLCJh...
[16-Jul-2025 18:49:44 Asia/Manila] Token payload decoded successfully. User ID: 1, Type: admin
[16-Jul-2025 18:49:44 Asia/Manila] Token user_id: 1, type: integer
[16-Jul-2025 18:49:44 Asia/Manila] Requested user_id: 1, type: integer
[16-Jul-2025 18:49:44 Asia/Manila] Found 3 requests for user 1
[16-Jul-2025 18:49:44 Asia/Manila] getUserRequests called with userId: 1
[16-Jul-2025 18:49:44 Asia/Manila] verifyToken called with requiredRole: null
[16-Jul-2025 18:49:44 Asia/Manila] Authorization header present: yes (Bearer eyJ0eXAi...)
[16-Jul-2025 18:49:44 Asia/Manila] JWT token for verification (length: 198): eyJ0eXAiOiJKV1QiLCJh...
[16-Jul-2025 18:49:44 Asia/Manila] Token payload decoded successfully. User ID: 1, Type: admin
[16-Jul-2025 18:49:44 Asia/Manila] Token user_id: 1, type: integer
[16-Jul-2025 18:49:44 Asia/Manila] Requested user_id: 1, type: integer
[16-Jul-2025 18:49:44 Asia/Manila] Found 3 requests for user 1
[16-Jul-2025 18:49:46 Asia/Manila] [2025-07-16 18:49:46] getAllPayments called by user_id: 1
[16-Jul-2025 18:49:46 Asia/Manila] [2025-07-16 18:49:46] Running query: SELECT t.*,
                pm.method_name, 
                r.user_id, r.transaction_code,
                u.username, u.email,
                rs.status_name
                FROM transactions t
                LEFT JOIN payment_methods pm ON t.payment_method_id = pm.payment_method_id
                LEFT JOIN requests r ON t.request_id = r.request_id
                LEFT JOIN users u ON r.user_id = u.user_id
                LEFT JOIN request_statuses rs ON t.status_id = rs.status_id
                ORDER BY t.payment_date DESC
                LIMIT :offset, :per_page
[16-Jul-2025 18:49:46 Asia/Manila] [2025-07-16 18:49:46] Found 4 transactions
[16-Jul-2025 18:49:52 Asia/Manila] getUserRequests called with userId: 1
[16-Jul-2025 18:49:52 Asia/Manila] verifyToken called with requiredRole: null
[16-Jul-2025 18:49:52 Asia/Manila] Authorization header present: yes (Bearer eyJ0eXAi...)
[16-Jul-2025 18:49:52 Asia/Manila] JWT token for verification (length: 198): eyJ0eXAiOiJKV1QiLCJh...
[16-Jul-2025 18:49:52 Asia/Manila] Token payload decoded successfully. User ID: 1, Type: admin
[16-Jul-2025 18:49:52 Asia/Manila] Token user_id: 1, type: integer
[16-Jul-2025 18:49:52 Asia/Manila] Requested user_id: 1, type: integer
[16-Jul-2025 18:49:52 Asia/Manila] Found 3 requests for user 1
[16-Jul-2025 18:49:52 Asia/Manila] getUserRequests called with userId: 1
[16-Jul-2025 18:49:52 Asia/Manila] verifyToken called with requiredRole: null
[16-Jul-2025 18:49:52 Asia/Manila] Authorization header present: yes (Bearer eyJ0eXAi...)
[16-Jul-2025 18:49:52 Asia/Manila] JWT token for verification (length: 198): eyJ0eXAiOiJKV1QiLCJh...
[16-Jul-2025 18:49:52 Asia/Manila] Token payload decoded successfully. User ID: 1, Type: admin
[16-Jul-2025 18:49:52 Asia/Manila] Token user_id: 1, type: integer
[16-Jul-2025 18:49:52 Asia/Manila] Requested user_id: 1, type: integer
[16-Jul-2025 18:49:52 Asia/Manila] Found 3 requests for user 1
[16-Jul-2025 18:49:55 Asia/Manila] [2025-07-16 18:49:55] getAllPayments called by user_id: 1
[16-Jul-2025 18:49:55 Asia/Manila] [2025-07-16 18:49:55] Running query: SELECT t.*,
                pm.method_name, 
                r.user_id, r.transaction_code,
                u.username, u.email,
                rs.status_name
                FROM transactions t
                LEFT JOIN payment_methods pm ON t.payment_method_id = pm.payment_method_id
                LEFT JOIN requests r ON t.request_id = r.request_id
                LEFT JOIN users u ON r.user_id = u.user_id
                LEFT JOIN request_statuses rs ON t.status_id = rs.status_id
                ORDER BY t.payment_date DESC
                LIMIT :offset, :per_page
[16-Jul-2025 18:49:55 Asia/Manila] [2025-07-16 18:49:55] Found 4 transactions
[16-Jul-2025 12:53:28 Europe/Berlin] Verifying token: eyJ0eXAiOi...
[16-Jul-2025 12:53:28 Europe/Berlin] Token belongs to user_id: 1
[16-Jul-2025 18:53:28 Asia/Manila] API Route: api/locations/tree
[16-Jul-2025 18:53:28 Asia/Manila] Executing getLocationsTree
[16-Jul-2025 12:53:28 Europe/Berlin] getCartItems raw fetched items: Array
(
)

[16-Jul-2025 18:53:28 Asia/Manila] Locations tree retrieved successfully. Regions count: 6
[16-Jul-2025 12:53:28 Europe/Berlin] Verifying token: eyJ0eXAiOi...
[16-Jul-2025 12:53:28 Europe/Berlin] Token belongs to user_id: 1
[16-Jul-2025 12:53:28 Europe/Berlin] getCartItems raw fetched items: Array
(
)

[16-Jul-2025 12:53:28 Europe/Berlin] Verifying token: eyJ0eXAiOi...
[16-Jul-2025 12:53:28 Europe/Berlin] Token belongs to user_id: 1
[16-Jul-2025 12:53:28 Europe/Berlin] Starting cart sync for user_id: 1
[16-Jul-2025 12:53:28 Europe/Berlin] Syncing from guest session: guest_1752660637652_mra85gcqqyo to user: 1
[16-Jul-2025 12:53:28 Europe/Berlin] No guest cart found for session_id: guest_1752660637652_mra85gcqqyo
[16-Jul-2025 12:53:29 Europe/Berlin] Verifying token: eyJ0eXAiOi...
[16-Jul-2025 12:53:29 Europe/Berlin] Token belongs to user_id: 1
[16-Jul-2025 12:53:29 Europe/Berlin] Starting cart sync for user_id: 1
[16-Jul-2025 12:53:29 Europe/Berlin] Syncing from guest session: guest_1752660637652_mra85gcqqyo to user: 1
[16-Jul-2025 12:53:29 Europe/Berlin] No guest cart found for session_id: guest_1752660637652_mra85gcqqyo
[16-Jul-2025 12:53:30 Europe/Berlin] Verifying token: eyJ0eXAiOi...
[16-Jul-2025 12:53:30 Europe/Berlin] Token belongs to user_id: 1
[16-Jul-2025 18:53:30 Asia/Manila] API Route: api/locations/tree
[16-Jul-2025 18:53:30 Asia/Manila] Executing getLocationsTree
[16-Jul-2025 12:53:30 Europe/Berlin] getCartItems raw fetched items: Array
(
)

[16-Jul-2025 18:53:30 Asia/Manila] Locations tree retrieved successfully. Regions count: 6
[16-Jul-2025 12:53:31 Europe/Berlin] Verifying token: eyJ0eXAiOi...
[16-Jul-2025 12:53:31 Europe/Berlin] Token belongs to user_id: 1
[16-Jul-2025 12:53:31 Europe/Berlin] getCartItems raw fetched items: Array
(
)

[16-Jul-2025 12:53:31 Europe/Berlin] Verifying token: eyJ0eXAiOi...
[16-Jul-2025 12:53:31 Europe/Berlin] Token belongs to user_id: 1
[16-Jul-2025 12:53:31 Europe/Berlin] Starting cart sync for user_id: 1
[16-Jul-2025 12:53:31 Europe/Berlin] Syncing from guest session: guest_1752660637652_mra85gcqqyo to user: 1
[16-Jul-2025 12:53:31 Europe/Berlin] No guest cart found for session_id: guest_1752660637652_mra85gcqqyo
[16-Jul-2025 12:53:31 Europe/Berlin] Verifying token: eyJ0eXAiOi...
[16-Jul-2025 12:53:31 Europe/Berlin] Token belongs to user_id: 1
[16-Jul-2025 12:53:31 Europe/Berlin] Starting cart sync for user_id: 1
[16-Jul-2025 12:53:31 Europe/Berlin] Syncing from guest session: guest_1752660637652_mra85gcqqyo to user: 1
[16-Jul-2025 12:53:31 Europe/Berlin] No guest cart found for session_id: guest_1752660637652_mra85gcqqyo
[16-Jul-2025 18:53:34 Asia/Manila] API Route: api/stations
[16-Jul-2025 12:53:45 Europe/Berlin] addToCart received data: stdClass Object
(
    [station_id] => 2078
    [station_type] => horizontal
    [station_name] => ILN-11
    [session_id] => guest_1752660637652_mra85gcqqyo
)

[16-Jul-2025 12:53:45 Europe/Berlin] Verifying token: eyJ0eXAiOi...
[16-Jul-2025 12:53:45 Europe/Berlin] Token belongs to user_id: 1
[16-Jul-2025 12:53:45 Europe/Berlin] Getting cart for user_id: 1, session_id: guest_1752660637652_mra85gcqqyo
[16-Jul-2025 12:53:45 Europe/Berlin] Found existing user cart ID: 11
[16-Jul-2025 12:53:45 Europe/Berlin] Executing INSERT for cart_item with cart_id: 11, station_id: 2078, station_name: ILN-11, station_type: horizontal
[16-Jul-2025 12:53:53 Europe/Berlin] addToCart received data: stdClass Object
(
    [station_id] => 168
    [station_type] => horizontal
    [station_name] => ILN-14
    [session_id] => guest_1752660637652_mra85gcqqyo
)

[16-Jul-2025 12:53:53 Europe/Berlin] Verifying token: eyJ0eXAiOi...
[16-Jul-2025 12:53:53 Europe/Berlin] Token belongs to user_id: 1
[16-Jul-2025 12:53:53 Europe/Berlin] Getting cart for user_id: 1, session_id: guest_1752660637652_mra85gcqqyo
[16-Jul-2025 12:53:53 Europe/Berlin] Found existing user cart ID: 11
[16-Jul-2025 12:53:53 Europe/Berlin] Executing INSERT for cart_item with cart_id: 11, station_id: 168, station_name: ILN-14, station_type: horizontal
[16-Jul-2025 12:55:32 Europe/Berlin] Verifying token: eyJ0eXAiOi...
[16-Jul-2025 12:55:32 Europe/Berlin] Token belongs to user_id: 1
[16-Jul-2025 18:55:32 Asia/Manila] API Route: api/locations/tree
[16-Jul-2025 18:55:32 Asia/Manila] Executing getLocationsTree
[16-Jul-2025 12:55:32 Europe/Berlin] getCartItems raw fetched items: Array
(
    [0] => Array
        (
            [item_id] => 313
            [station_id] => 168
            [station_name] => ILN-14
            [station_type] => horizontal
            [added_at] => 2025-07-16 18:53:53
        )

    [1] => Array
        (
            [item_id] => 312
            [station_id] => 2078
            [station_name] => ILN-11
            [station_type] => horizontal
            [added_at] => 2025-07-16 18:53:45
        )

)

[16-Jul-2025 18:55:32 Asia/Manila] Locations tree retrieved successfully. Regions count: 6
[16-Jul-2025 12:55:33 Europe/Berlin] Verifying token: eyJ0eXAiOi...
[16-Jul-2025 12:55:33 Europe/Berlin] Token belongs to user_id: 1
[16-Jul-2025 12:55:33 Europe/Berlin] getCartItems raw fetched items: Array
(
    [0] => Array
        (
            [item_id] => 313
            [station_id] => 168
            [station_name] => ILN-14
            [station_type] => horizontal
            [added_at] => 2025-07-16 18:53:53
        )

    [1] => Array
        (
            [item_id] => 312
            [station_id] => 2078
            [station_name] => ILN-11
            [station_type] => horizontal
            [added_at] => 2025-07-16 18:53:45
        )

)

[16-Jul-2025 12:55:33 Europe/Berlin] Verifying token: eyJ0eXAiOi...
[16-Jul-2025 12:55:33 Europe/Berlin] Token belongs to user_id: 1
[16-Jul-2025 12:55:33 Europe/Berlin] Starting cart sync for user_id: 1
[16-Jul-2025 12:55:33 Europe/Berlin] Syncing from guest session: guest_1752660637652_mra85gcqqyo to user: 1
[16-Jul-2025 12:55:33 Europe/Berlin] No guest cart found for session_id: guest_1752660637652_mra85gcqqyo
[16-Jul-2025 12:55:33 Europe/Berlin] Verifying token: eyJ0eXAiOi...
[16-Jul-2025 12:55:33 Europe/Berlin] Token belongs to user_id: 1
[16-Jul-2025 12:55:33 Europe/Berlin] Starting cart sync for user_id: 1
[16-Jul-2025 12:55:33 Europe/Berlin] Syncing from guest session: guest_1752660637652_mra85gcqqyo to user: 1
[16-Jul-2025 12:55:33 Europe/Berlin] No guest cart found for session_id: guest_1752660637652_mra85gcqqyo
[16-Jul-2025 18:55:35 Asia/Manila] API Route: api/stations
[16-Jul-2025 12:55:39 Europe/Berlin] addToCart received data: stdClass Object
(
    [station_id] => 7991
    [station_type] => horizontal
    [station_name] => ABR-16 (BLLM-2)
    [session_id] => guest_1752660637652_mra85gcqqyo
)

[16-Jul-2025 12:55:39 Europe/Berlin] Verifying token: eyJ0eXAiOi...
[16-Jul-2025 12:55:39 Europe/Berlin] Token belongs to user_id: 1
[16-Jul-2025 12:55:39 Europe/Berlin] Getting cart for user_id: 1, session_id: guest_1752660637652_mra85gcqqyo
[16-Jul-2025 12:55:39 Europe/Berlin] Found existing user cart ID: 11
[16-Jul-2025 12:55:39 Europe/Berlin] Executing INSERT for cart_item with cart_id: 11, station_id: 7991, station_name: ABR-16 (BLLM-2), station_type: horizontal
[16-Jul-2025 12:55:43 Europe/Berlin] Verifying token: eyJ0eXAiOi...
[16-Jul-2025 12:55:43 Europe/Berlin] Token belongs to user_id: 1
[16-Jul-2025 12:55:43 Europe/Berlin] Verifying token: eyJ0eXAiOi...
[16-Jul-2025 12:55:43 Europe/Berlin] Token belongs to user_id: 1
[16-Jul-2025 12:55:44 Europe/Berlin] Verifying token: eyJ0eXAiOi...
[16-Jul-2025 12:55:44 Europe/Berlin] Token belongs to user_id: 1
[16-Jul-2025 12:56:27 Europe/Berlin] Verifying token: eyJ0eXAiOi...
[16-Jul-2025 12:56:27 Europe/Berlin] Token belongs to user_id: 1
[16-Jul-2025 18:56:27 Asia/Manila] API Route: api/locations/tree
[16-Jul-2025 18:56:27 Asia/Manila] Executing getLocationsTree
[16-Jul-2025 12:56:27 Europe/Berlin] getCartItems raw fetched items: Array
(
)

[16-Jul-2025 18:56:27 Asia/Manila] Locations tree retrieved successfully. Regions count: 6
[16-Jul-2025 12:56:28 Europe/Berlin] Verifying token: eyJ0eXAiOi...
[16-Jul-2025 12:56:28 Europe/Berlin] Token belongs to user_id: 1
[16-Jul-2025 12:56:28 Europe/Berlin] getCartItems raw fetched items: Array
(
)

[16-Jul-2025 12:56:28 Europe/Berlin] Verifying token: eyJ0eXAiOi...
[16-Jul-2025 12:56:28 Europe/Berlin] Token belongs to user_id: 1
[16-Jul-2025 12:56:28 Europe/Berlin] Starting cart sync for user_id: 1
[16-Jul-2025 12:56:28 Europe/Berlin] Syncing from guest session: guest_1752660637652_mra85gcqqyo to user: 1
[16-Jul-2025 12:56:28 Europe/Berlin] No guest cart found for session_id: guest_1752660637652_mra85gcqqyo
[16-Jul-2025 12:56:28 Europe/Berlin] Verifying token: eyJ0eXAiOi...
[16-Jul-2025 12:56:28 Europe/Berlin] Token belongs to user_id: 1
[16-Jul-2025 12:56:28 Europe/Berlin] Starting cart sync for user_id: 1
[16-Jul-2025 12:56:28 Europe/Berlin] Syncing from guest session: guest_1752660637652_mra85gcqqyo to user: 1
[16-Jul-2025 12:56:28 Europe/Berlin] No guest cart found for session_id: guest_1752660637652_mra85gcqqyo
[16-Jul-2025 18:56:30 Asia/Manila] API Route: api/stations
[16-Jul-2025 12:56:32 Europe/Berlin] addToCart received data: stdClass Object
(
    [station_id] => 7991
    [station_type] => horizontal
    [station_name] => ABR-16 (BLLM-2)
    [session_id] => guest_1752660637652_mra85gcqqyo
)

[16-Jul-2025 12:56:32 Europe/Berlin] Verifying token: eyJ0eXAiOi...
[16-Jul-2025 12:56:32 Europe/Berlin] Token belongs to user_id: 1
[16-Jul-2025 12:56:32 Europe/Berlin] Getting cart for user_id: 1, session_id: guest_1752660637652_mra85gcqqyo
[16-Jul-2025 12:56:32 Europe/Berlin] Found existing user cart ID: 11
[16-Jul-2025 12:56:32 Europe/Berlin] Executing INSERT for cart_item with cart_id: 11, station_id: 7991, station_name: ABR-16 (BLLM-2), station_type: horizontal
[16-Jul-2025 12:56:35 Europe/Berlin] addToCart received data: stdClass Object
(
    [station_id] => 7985
    [station_type] => caap
    [station_name] => ABR-1
    [session_id] => guest_1752660637652_mra85gcqqyo
)

[16-Jul-2025 12:56:35 Europe/Berlin] Verifying token: eyJ0eXAiOi...
[16-Jul-2025 12:56:35 Europe/Berlin] Token belongs to user_id: 1
[16-Jul-2025 12:56:35 Europe/Berlin] Getting cart for user_id: 1, session_id: guest_1752660637652_mra85gcqqyo
[16-Jul-2025 12:56:35 Europe/Berlin] Found existing user cart ID: 11
[16-Jul-2025 12:56:35 Europe/Berlin] Executing INSERT for cart_item with cart_id: 11, station_id: 7985, station_name: ABR-1, station_type: caap
[16-Jul-2025 12:59:25 Europe/Berlin] Verifying token: eyJ0eXAiOi...
[16-Jul-2025 12:59:25 Europe/Berlin] Token belongs to user_id: 1
[16-Jul-2025 18:59:25 Asia/Manila] API Route: api/locations/tree
[16-Jul-2025 18:59:25 Asia/Manila] Executing getLocationsTree
[16-Jul-2025 12:59:25 Europe/Berlin] getCartItems raw fetched items: Array
(
    [0] => Array
        (
            [item_id] => 316
            [station_id] => 7985
            [station_name] => ABR-1
            [station_type] => caap
            [added_at] => 2025-07-16 18:56:35
        )

    [1] => Array
        (
            [item_id] => 315
            [station_id] => 7991
            [station_name] => ABR-16 (BLLM-2)
            [station_type] => horizontal
            [added_at] => 2025-07-16 18:56:32
        )

)

[16-Jul-2025 18:59:25 Asia/Manila] Locations tree retrieved successfully. Regions count: 6
[16-Jul-2025 12:59:25 Europe/Berlin] Verifying token: eyJ0eXAiOi...
[16-Jul-2025 12:59:25 Europe/Berlin] Token belongs to user_id: 1
[16-Jul-2025 12:59:25 Europe/Berlin] getCartItems raw fetched items: Array
(
    [0] => Array
        (
            [item_id] => 316
            [station_id] => 7985
            [station_name] => ABR-1
            [station_type] => caap
            [added_at] => 2025-07-16 18:56:35
        )

    [1] => Array
        (
            [item_id] => 315
            [station_id] => 7991
            [station_name] => ABR-16 (BLLM-2)
            [station_type] => horizontal
            [added_at] => 2025-07-16 18:56:32
        )

)

[16-Jul-2025 12:59:25 Europe/Berlin] Verifying token: eyJ0eXAiOi...
[16-Jul-2025 12:59:25 Europe/Berlin] Token belongs to user_id: 1
[16-Jul-2025 12:59:25 Europe/Berlin] Starting cart sync for user_id: 1
[16-Jul-2025 12:59:25 Europe/Berlin] Syncing from guest session: guest_1752660637652_mra85gcqqyo to user: 1
[16-Jul-2025 12:59:25 Europe/Berlin] No guest cart found for session_id: guest_1752660637652_mra85gcqqyo
[16-Jul-2025 12:59:26 Europe/Berlin] Verifying token: eyJ0eXAiOi...
[16-Jul-2025 12:59:26 Europe/Berlin] Token belongs to user_id: 1
[16-Jul-2025 12:59:26 Europe/Berlin] Starting cart sync for user_id: 1
[16-Jul-2025 12:59:26 Europe/Berlin] Syncing from guest session: guest_1752660637652_mra85gcqqyo to user: 1
[16-Jul-2025 12:59:26 Europe/Berlin] No guest cart found for session_id: guest_1752660637652_mra85gcqqyo
[16-Jul-2025 12:59:28 Europe/Berlin] Verifying token: eyJ0eXAiOi...
[16-Jul-2025 12:59:28 Europe/Berlin] Token belongs to user_id: 1
[16-Jul-2025 12:59:29 Europe/Berlin] Verifying token: eyJ0eXAiOi...
[16-Jul-2025 12:59:29 Europe/Berlin] Token belongs to user_id: 1
[16-Jul-2025 18:59:32 Asia/Manila] API Route: api/stations
[16-Jul-2025 12:59:34 Europe/Berlin] addToCart received data: stdClass Object
(
    [station_id] => 10456
    [station_type] => horizontal
    [station_name] => MMA-3087 (LMS)
    [session_id] => guest_1752660637652_mra85gcqqyo
)

[16-Jul-2025 12:59:34 Europe/Berlin] Verifying token: eyJ0eXAiOi...
[16-Jul-2025 12:59:34 Europe/Berlin] Token belongs to user_id: 1
[16-Jul-2025 12:59:34 Europe/Berlin] Getting cart for user_id: 1, session_id: guest_1752660637652_mra85gcqqyo
[16-Jul-2025 12:59:34 Europe/Berlin] Found existing user cart ID: 11
[16-Jul-2025 12:59:34 Europe/Berlin] Executing INSERT for cart_item with cart_id: 11, station_id: 10456, station_name: MMA-3087 (LMS), station_type: horizontal
[16-Jul-2025 12:59:59 Europe/Berlin] addToCart received data: stdClass Object
(
    [station_id] => 10357
    [station_type] => caap
    [station_name] => MMA-118
    [session_id] => guest_1752660637652_mra85gcqqyo
)

[16-Jul-2025 12:59:59 Europe/Berlin] Verifying token: eyJ0eXAiOi...
[16-Jul-2025 12:59:59 Europe/Berlin] Token belongs to user_id: 1
[16-Jul-2025 12:59:59 Europe/Berlin] Getting cart for user_id: 1, session_id: guest_1752660637652_mra85gcqqyo
[16-Jul-2025 12:59:59 Europe/Berlin] Found existing user cart ID: 11
[16-Jul-2025 12:59:59 Europe/Berlin] Executing INSERT for cart_item with cart_id: 11, station_id: 10357, station_name: MMA-118, station_type: caap
[16-Jul-2025 19:03:18 Asia/Manila] verifyToken called with requiredRole: null
[16-Jul-2025 19:03:18 Asia/Manila] Authorization header present: yes (Bearer eyJ0eXAi...)
[16-Jul-2025 19:03:18 Asia/Manila] JWT token for verification (length: 198): eyJ0eXAiOiJKV1QiLCJh...
[16-Jul-2025 19:03:18 Asia/Manila] Token payload decoded successfully. User ID: 1, Type: admin
[16-Jul-2025 19:03:18 Asia/Manila] createRequest called with token user_id: 1 (type: integer)
[16-Jul-2025 19:03:18 Asia/Manila] Full token object: (object) array(
   'iat' => 1752662948,
   'exp' => 1752749348,
   'user_id' => 1,
   'username' => 'admin',
   'user_type' => 'admin',
)
[16-Jul-2025 19:03:18 Asia/Manila] Request data: stdClass Object
(
    [items] => Array
        (
            [0] => stdClass Object
                (
                    [station_id] => 10456
                    [station_name] => MMA-3087 (LMS)
                    [station_type] => horizontal
                )

            [1] => stdClass Object
                (
                    [station_id] => 10357
                    [station_name] => MMA-118
                    [station_type] => caap
                )

        )

    [clear_cart] => 1
)

[16-Jul-2025 19:03:18 Asia/Manila] Generated transaction code: CSUMGB-20250716-1-002 for user_id: 1
[16-Jul-2025 19:03:18 Asia/Manila] Inserted request with ID: 83, user_id: 1, transaction_code: CSUMGB-20250716-1-002
[16-Jul-2025 19:03:18 Asia/Manila] Verification of request record - user_id: 1, transaction_code: CSUMGB-20250716-1-002
[16-Jul-2025 19:03:18 Asia/Manila] [createRequest] Processing item: stdClass Object
(
    [station_id] => 10456
    [station_name] => MMA-3087 (LMS)
    [station_type] => horizontal
)

[16-Jul-2025 19:03:18 Asia/Manila] [createRequest] DB Insert Values: ID='10456', Name='MMA-3087 (LMS)', Type='horizontal', Price='360'
[16-Jul-2025 19:03:18 Asia/Manila] [createRequest] Processing item: stdClass Object
(
    [station_id] => 10357
    [station_name] => MMA-118
    [station_type] => caap
)

[16-Jul-2025 19:03:18 Asia/Manila] [createRequest] DB Insert Values: ID='10357', Name='MMA-118', Type='caap', Price='720'
[16-Jul-2025 19:03:18 Asia/Manila] Attempting to clear cart items for user_id: 1 using query: DELETE FROM cart_items WHERE cart_id IN (SELECT cart_id FROM carts WHERE user_id = :user_id)
[16-Jul-2025 19:03:18 Asia/Manila] Cart items cleared for user_id: 1. Rows affected: 2
[16-Jul-2025 19:05:51 Asia/Manila] getUserRequests called with userId: 1
[16-Jul-2025 19:05:51 Asia/Manila] verifyToken called with requiredRole: null
[16-Jul-2025 19:05:51 Asia/Manila] Authorization header present: yes (Bearer eyJ0eXAi...)
[16-Jul-2025 19:05:51 Asia/Manila] JWT token for verification (length: 198): eyJ0eXAiOiJKV1QiLCJh...
[16-Jul-2025 19:05:51 Asia/Manila] Token payload decoded successfully. User ID: 1, Type: admin
[16-Jul-2025 19:05:51 Asia/Manila] Token user_id: 1, type: integer
[16-Jul-2025 19:05:51 Asia/Manila] Requested user_id: 1, type: integer
[16-Jul-2025 19:05:51 Asia/Manila] Found 4 requests for user 1
[16-Jul-2025 19:05:51 Asia/Manila] getUserRequests called with userId: 1
[16-Jul-2025 19:05:51 Asia/Manila] verifyToken called with requiredRole: null
[16-Jul-2025 19:05:51 Asia/Manila] Authorization header present: yes (Bearer eyJ0eXAi...)
[16-Jul-2025 19:05:51 Asia/Manila] JWT token for verification (length: 198): eyJ0eXAiOiJKV1QiLCJh...
[16-Jul-2025 19:05:51 Asia/Manila] Token payload decoded successfully. User ID: 1, Type: admin
[16-Jul-2025 19:05:51 Asia/Manila] Token user_id: 1, type: integer
[16-Jul-2025 19:05:51 Asia/Manila] Requested user_id: 1, type: integer
[16-Jul-2025 19:05:51 Asia/Manila] Found 4 requests for user 1
[16-Jul-2025 19:05:53 Asia/Manila] [2025-07-16 19:05:53] Fetching request ID: 83 from action: view/83
[16-Jul-2025 19:05:53 Asia/Manila] verifyToken called with requiredRole: null
[16-Jul-2025 19:05:53 Asia/Manila] Authorization header present: yes (Bearer eyJ0eXAi...)
[16-Jul-2025 19:05:53 Asia/Manila] JWT token for verification (length: 198): eyJ0eXAiOiJKV1QiLCJh...
[16-Jul-2025 19:05:53 Asia/Manila] Token payload decoded successfully. User ID: 1, Type: admin
[16-Jul-2025 19:05:53 Asia/Manila] [2025-07-16 19:05:53] Fetching request ID: 83 from action: view/83
[16-Jul-2025 19:05:53 Asia/Manila] verifyToken called with requiredRole: null
[16-Jul-2025 19:05:53 Asia/Manila] Authorization header present: yes (Bearer eyJ0eXAi...)
[16-Jul-2025 19:05:53 Asia/Manila] JWT token for verification (length: 198): eyJ0eXAiOiJKV1QiLCJh...
[16-Jul-2025 19:05:53 Asia/Manila] Token payload decoded successfully. User ID: 1, Type: admin
[16-Jul-2025 19:05:58 Asia/Manila] uploadPaymentProof called with POST: Array
(
    [request_id] => 83
    [paid_amount] => 1080.00
    [payment_method] => linkbiz
    [reference_number] => aaa
)

[16-Jul-2025 19:05:58 Asia/Manila] FILES array: Array
(
    [proof_file] => Array
        (
            [name] => Untitled design (16).png
            [full_path] => Untitled design (16).png
            [type] => image/png
            [tmp_name] => C:\xampp\tmp\php5903.tmp
            [error] => 0
            [size] => 382890
        )

)

[16-Jul-2025 19:05:58 Asia/Manila] GCS_BUCKET_NAME environment variable not set.
[16-Jul-2025 19:05:58 Asia/Manila] Failed to upload to GCS: Server configuration error for file uploads.
[16-Jul-2025 19:06:14 Asia/Manila] uploadPaymentProof called with POST: Array
(
    [request_id] => 83
    [paid_amount] => 1080.00
    [payment_method] => linkbiz
    [reference_number] => aaa
)

[16-Jul-2025 19:06:14 Asia/Manila] FILES array: Array
(
    [proof_file] => Array
        (
            [name] => image.png
            [full_path] => image.png
            [type] => image/png
            [tmp_name] => C:\xampp\tmp\php9699.tmp
            [error] => 0
            [size] => 36844
        )

)

[16-Jul-2025 19:06:14 Asia/Manila] GCS_BUCKET_NAME environment variable not set.
[16-Jul-2025 19:06:14 Asia/Manila] Failed to upload to GCS: Server configuration error for file uploads.
[16-Jul-2025 19:06:15 Asia/Manila] uploadPaymentProof called with POST: Array
(
    [request_id] => 83
    [paid_amount] => 1080.00
    [payment_method] => linkbiz
    [reference_number] => aaa
)

[16-Jul-2025 19:06:15 Asia/Manila] FILES array: Array
(
    [proof_file] => Array
        (
            [name] => image.png
            [full_path] => image.png
            [type] => image/png
            [tmp_name] => C:\xampp\tmp\php99A7.tmp
            [error] => 0
            [size] => 36844
        )

)

[16-Jul-2025 19:06:15 Asia/Manila] GCS_BUCKET_NAME environment variable not set.
[16-Jul-2025 19:06:15 Asia/Manila] Failed to upload to GCS: Server configuration error for file uploads.
[16-Jul-2025 19:06:20 Asia/Manila] getUserRequests called with userId: 1
[16-Jul-2025 19:06:20 Asia/Manila] verifyToken called with requiredRole: null
[16-Jul-2025 19:06:20 Asia/Manila] Authorization header present: yes (Bearer eyJ0eXAi...)
[16-Jul-2025 19:06:20 Asia/Manila] JWT token for verification (length: 198): eyJ0eXAiOiJKV1QiLCJh...
[16-Jul-2025 19:06:20 Asia/Manila] Token payload decoded successfully. User ID: 1, Type: admin
[16-Jul-2025 19:06:20 Asia/Manila] Token user_id: 1, type: integer
[16-Jul-2025 19:06:20 Asia/Manila] Requested user_id: 1, type: integer
[16-Jul-2025 19:06:20 Asia/Manila] Found 4 requests for user 1
[16-Jul-2025 19:06:20 Asia/Manila] getUserRequests called with userId: 1
[16-Jul-2025 19:06:20 Asia/Manila] verifyToken called with requiredRole: null
[16-Jul-2025 19:06:20 Asia/Manila] Authorization header present: yes (Bearer eyJ0eXAi...)
[16-Jul-2025 19:06:20 Asia/Manila] JWT token for verification (length: 198): eyJ0eXAiOiJKV1QiLCJh...
[16-Jul-2025 19:06:20 Asia/Manila] Token payload decoded successfully. User ID: 1, Type: admin
[16-Jul-2025 19:06:20 Asia/Manila] Token user_id: 1, type: integer
[16-Jul-2025 19:06:20 Asia/Manila] Requested user_id: 1, type: integer
[16-Jul-2025 19:06:20 Asia/Manila] Found 4 requests for user 1
[16-Jul-2025 19:06:21 Asia/Manila] [2025-07-16 19:06:21] Fetching request ID: 83 from action: view/83
[16-Jul-2025 19:06:21 Asia/Manila] verifyToken called with requiredRole: null
[16-Jul-2025 19:06:21 Asia/Manila] Authorization header present: yes (Bearer eyJ0eXAi...)
[16-Jul-2025 19:06:21 Asia/Manila] JWT token for verification (length: 198): eyJ0eXAiOiJKV1QiLCJh...
[16-Jul-2025 19:06:21 Asia/Manila] Token payload decoded successfully. User ID: 1, Type: admin
[16-Jul-2025 19:06:21 Asia/Manila] [2025-07-16 19:06:21] Fetching request ID: 83 from action: view/83
[16-Jul-2025 19:06:21 Asia/Manila] verifyToken called with requiredRole: null
[16-Jul-2025 19:06:21 Asia/Manila] Authorization header present: yes (Bearer eyJ0eXAi...)
[16-Jul-2025 19:06:21 Asia/Manila] JWT token for verification (length: 198): eyJ0eXAiOiJKV1QiLCJh...
[16-Jul-2025 19:06:21 Asia/Manila] Token payload decoded successfully. User ID: 1, Type: admin
[16-Jul-2025 19:06:25 Asia/Manila] uploadPaymentProof called with POST: Array
(
    [request_id] => 83
    [paid_amount] => 1080.00
    [payment_method] => linkbiz
    [reference_number] => aa
)

[16-Jul-2025 19:06:25 Asia/Manila] FILES array: Array
(
    [proof_file] => Array
        (
            [name] => image.png
            [full_path] => image.png
            [type] => image/png
            [tmp_name] => C:\xampp\tmp\phpC358.tmp
            [error] => 0
            [size] => 36844
        )

)

[16-Jul-2025 19:06:25 Asia/Manila] GCS_BUCKET_NAME environment variable not set.
[16-Jul-2025 19:06:25 Asia/Manila] Failed to upload to GCS: Server configuration error for file uploads.
[16-Jul-2025 19:10:34 Asia/Manila] API Route: api/locations/tree
[16-Jul-2025 19:10:34 Asia/Manila] Executing getLocationsTree
[16-Jul-2025 13:10:34 Europe/Berlin] Verifying token: eyJ0eXAiOi...
[16-Jul-2025 13:10:34 Europe/Berlin] Token belongs to user_id: 1
[16-Jul-2025 13:10:34 Europe/Berlin] getCartItems raw fetched items: Array
(
)

[16-Jul-2025 19:10:34 Asia/Manila] Locations tree retrieved successfully. Regions count: 6
[16-Jul-2025 13:10:34 Europe/Berlin] Verifying token: eyJ0eXAiOi...
[16-Jul-2025 13:10:34 Europe/Berlin] Token belongs to user_id: 1
[16-Jul-2025 13:10:34 Europe/Berlin] getCartItems raw fetched items: Array
(
)

[16-Jul-2025 13:10:35 Europe/Berlin] Verifying token: eyJ0eXAiOi...
[16-Jul-2025 13:10:35 Europe/Berlin] Token belongs to user_id: 1
[16-Jul-2025 13:10:35 Europe/Berlin] Starting cart sync for user_id: 1
[16-Jul-2025 13:10:35 Europe/Berlin] Syncing from guest session: guest_1752660637652_mra85gcqqyo to user: 1
[16-Jul-2025 13:10:35 Europe/Berlin] No guest cart found for session_id: guest_1752660637652_mra85gcqqyo
[16-Jul-2025 13:10:35 Europe/Berlin] Verifying token: eyJ0eXAiOi...
[16-Jul-2025 13:10:35 Europe/Berlin] Token belongs to user_id: 1
[16-Jul-2025 13:10:35 Europe/Berlin] Starting cart sync for user_id: 1
[16-Jul-2025 13:10:35 Europe/Berlin] Syncing from guest session: guest_1752660637652_mra85gcqqyo to user: 1
[16-Jul-2025 13:10:35 Europe/Berlin] No guest cart found for session_id: guest_1752660637652_mra85gcqqyo
[16-Jul-2025 19:10:40 Asia/Manila] API Route: api/stations
[16-Jul-2025 13:10:42 Europe/Berlin] addToCart received data: stdClass Object
(
    [station_id] => 10344
    [station_type] => caap
    [station_name] => MCRP-1
    [session_id] => guest_1752660637652_mra85gcqqyo
)

[16-Jul-2025 13:10:42 Europe/Berlin] Verifying token: eyJ0eXAiOi...
[16-Jul-2025 13:10:42 Europe/Berlin] Token belongs to user_id: 1
[16-Jul-2025 13:10:42 Europe/Berlin] Getting cart for user_id: 1, session_id: guest_1752660637652_mra85gcqqyo
[16-Jul-2025 13:10:42 Europe/Berlin] Found existing user cart ID: 11
[16-Jul-2025 13:10:42 Europe/Berlin] Executing INSERT for cart_item with cart_id: 11, station_id: 10344, station_name: MCRP-1, station_type: caap
[16-Jul-2025 13:10:46 Europe/Berlin] addToCart received data: stdClass Object
(
    [station_id] => 10345
    [station_type] => horizontal
    [station_name] => MCRP-3
    [session_id] => guest_1752660637652_mra85gcqqyo
)

[16-Jul-2025 13:10:46 Europe/Berlin] Verifying token: eyJ0eXAiOi...
[16-Jul-2025 13:10:46 Europe/Berlin] Token belongs to user_id: 1
[16-Jul-2025 13:10:46 Europe/Berlin] Getting cart for user_id: 1, session_id: guest_1752660637652_mra85gcqqyo
[16-Jul-2025 13:10:46 Europe/Berlin] Found existing user cart ID: 11
[16-Jul-2025 13:10:46 Europe/Berlin] Executing INSERT for cart_item with cart_id: 11, station_id: 10345, station_name: MCRP-3, station_type: horizontal
[16-Jul-2025 19:10:49 Asia/Manila] verifyToken called with requiredRole: null
[16-Jul-2025 19:10:49 Asia/Manila] Authorization header present: yes (Bearer eyJ0eXAi...)
[16-Jul-2025 19:10:49 Asia/Manila] JWT token for verification (length: 198): eyJ0eXAiOiJKV1QiLCJh...
[16-Jul-2025 19:10:49 Asia/Manila] Token payload decoded successfully. User ID: 1, Type: admin
[16-Jul-2025 19:10:49 Asia/Manila] createRequest called with token user_id: 1 (type: integer)
[16-Jul-2025 19:10:49 Asia/Manila] Full token object: (object) array(
   'iat' => 1752662948,
   'exp' => 1752749348,
   'user_id' => 1,
   'username' => 'admin',
   'user_type' => 'admin',
)
[16-Jul-2025 19:10:49 Asia/Manila] Request data: stdClass Object
(
    [items] => Array
        (
            [0] => stdClass Object
                (
                    [station_id] => 10344
                    [station_name] => MCRP-1
                    [station_type] => caap
                )

            [1] => stdClass Object
                (
                    [station_id] => 10345
                    [station_name] => MCRP-3
                    [station_type] => horizontal
                )

        )

    [clear_cart] => 1
)

[16-Jul-2025 19:10:49 Asia/Manila] Generated transaction code: CSUMGB-20250716-1-001 for user_id: 1
[16-Jul-2025 19:10:49 Asia/Manila] Inserted request with ID: 84, user_id: 1, transaction_code: CSUMGB-20250716-1-001
[16-Jul-2025 19:10:49 Asia/Manila] Verification of request record - user_id: 1, transaction_code: CSUMGB-20250716-1-001
[16-Jul-2025 19:10:49 Asia/Manila] [createRequest] Processing item: stdClass Object
(
    [station_id] => 10344
    [station_name] => MCRP-1
    [station_type] => caap
)

[16-Jul-2025 19:10:49 Asia/Manila] [createRequest] DB Insert Values: ID='10344', Name='MCRP-1', Type='caap', Price='720'
[16-Jul-2025 19:10:49 Asia/Manila] [createRequest] Processing item: stdClass Object
(
    [station_id] => 10345
    [station_name] => MCRP-3
    [station_type] => horizontal
)

[16-Jul-2025 19:10:49 Asia/Manila] [createRequest] DB Insert Values: ID='10345', Name='MCRP-3', Type='horizontal', Price='360'
[16-Jul-2025 19:10:49 Asia/Manila] Attempting to clear cart items for user_id: 1 using query: DELETE FROM cart_items WHERE cart_id IN (SELECT cart_id FROM carts WHERE user_id = :user_id)
[16-Jul-2025 19:10:49 Asia/Manila] Cart items cleared for user_id: 1. Rows affected: 2
[16-Jul-2025 13:16:49 Europe/Berlin] Verifying token: eyJ0eXAiOi...
[16-Jul-2025 13:16:49 Europe/Berlin] Token belongs to user_id: 1
[16-Jul-2025 19:16:49 Asia/Manila] API Route: api/locations/tree
[16-Jul-2025 19:16:49 Asia/Manila] Executing getLocationsTree
[16-Jul-2025 13:16:49 Europe/Berlin] getCartItems raw fetched items: Array
(
)

[16-Jul-2025 19:16:49 Asia/Manila] Locations tree retrieved successfully. Regions count: 6
[16-Jul-2025 13:16:50 Europe/Berlin] Verifying token: eyJ0eXAiOi...
[16-Jul-2025 13:16:50 Europe/Berlin] Token belongs to user_id: 1
[16-Jul-2025 13:16:50 Europe/Berlin] getCartItems raw fetched items: Array
(
)

[16-Jul-2025 13:16:50 Europe/Berlin] Verifying token: eyJ0eXAiOi...
[16-Jul-2025 13:16:50 Europe/Berlin] Token belongs to user_id: 1
[16-Jul-2025 13:16:50 Europe/Berlin] Starting cart sync for user_id: 1
[16-Jul-2025 13:16:50 Europe/Berlin] Syncing from guest session: guest_1752660637652_mra85gcqqyo to user: 1
[16-Jul-2025 13:16:50 Europe/Berlin] No guest cart found for session_id: guest_1752660637652_mra85gcqqyo
[16-Jul-2025 13:16:50 Europe/Berlin] Verifying token: eyJ0eXAiOi...
[16-Jul-2025 13:16:50 Europe/Berlin] Token belongs to user_id: 1
[16-Jul-2025 13:16:50 Europe/Berlin] Starting cart sync for user_id: 1
[16-Jul-2025 13:16:50 Europe/Berlin] Syncing from guest session: guest_1752660637652_mra85gcqqyo to user: 1
[16-Jul-2025 13:16:50 Europe/Berlin] No guest cart found for session_id: guest_1752660637652_mra85gcqqyo
[16-Jul-2025 19:16:58 Asia/Manila] API Route: api/stations
[16-Jul-2025 19:17:00 Asia/Manila] API Route: api/stations
[16-Jul-2025 19:17:04 Asia/Manila] API Route: api/stations
[16-Jul-2025 19:17:07 Asia/Manila] API Route: api/stations
[16-Jul-2025 19:17:09 Asia/Manila] API Route: api/stations
[16-Jul-2025 13:17:12 Europe/Berlin] addToCart received data: stdClass Object
(
    [station_id] => 10344
    [station_type] => caap
    [station_name] => MCRP-1
    [session_id] => guest_1752660637652_mra85gcqqyo
)

[16-Jul-2025 13:17:12 Europe/Berlin] Verifying token: eyJ0eXAiOi...
[16-Jul-2025 13:17:12 Europe/Berlin] Token belongs to user_id: 1
[16-Jul-2025 13:17:12 Europe/Berlin] Getting cart for user_id: 1, session_id: guest_1752660637652_mra85gcqqyo
[16-Jul-2025 13:17:12 Europe/Berlin] Found existing user cart ID: 11
[16-Jul-2025 13:17:12 Europe/Berlin] Executing INSERT for cart_item with cart_id: 11, station_id: 10344, station_name: MCRP-1, station_type: caap
[16-Jul-2025 13:17:13 Europe/Berlin] addToCart received data: stdClass Object
(
    [station_id] => 10344
    [station_type] => horizontal
    [station_name] => MCRP-1
    [session_id] => guest_1752660637652_mra85gcqqyo
)

[16-Jul-2025 13:17:13 Europe/Berlin] Verifying token: eyJ0eXAiOi...
[16-Jul-2025 13:17:13 Europe/Berlin] Token belongs to user_id: 1
[16-Jul-2025 13:17:13 Europe/Berlin] Getting cart for user_id: 1, session_id: guest_1752660637652_mra85gcqqyo
[16-Jul-2025 13:17:13 Europe/Berlin] Found existing user cart ID: 11
[16-Jul-2025 13:17:13 Europe/Berlin] Executing INSERT for cart_item with cart_id: 11, station_id: 10344, station_name: MCRP-1, station_type: horizontal
[16-Jul-2025 19:17:16 Asia/Manila] verifyToken called with requiredRole: null
[16-Jul-2025 19:17:16 Asia/Manila] Authorization header present: yes (Bearer eyJ0eXAi...)
[16-Jul-2025 19:17:16 Asia/Manila] JWT token for verification (length: 198): eyJ0eXAiOiJKV1QiLCJh...
[16-Jul-2025 19:17:16 Asia/Manila] Token payload decoded successfully. User ID: 1, Type: admin
[16-Jul-2025 19:17:16 Asia/Manila] createRequest called with token user_id: 1 (type: integer)
[16-Jul-2025 19:17:16 Asia/Manila] Full token object: (object) array(
   'iat' => 1752662948,
   'exp' => 1752749348,
   'user_id' => 1,
   'username' => 'admin',
   'user_type' => 'admin',
)
[16-Jul-2025 19:17:16 Asia/Manila] Request data: stdClass Object
(
    [items] => Array
        (
            [0] => stdClass Object
                (
                    [station_id] => 10344
                    [station_name] => MCRP-1
                    [station_type] => caap
                )

            [1] => stdClass Object
                (
                    [station_id] => 10344
                    [station_name] => MCRP-1
                    [station_type] => horizontal
                )

        )

    [clear_cart] => 1
)

[16-Jul-2025 19:17:16 Asia/Manila] Generated transaction code: CSUMGB-20250716-1-002 for user_id: 1
[16-Jul-2025 19:17:16 Asia/Manila] Inserted request with ID: 85, user_id: 1, transaction_code: CSUMGB-20250716-1-002
[16-Jul-2025 19:17:16 Asia/Manila] Verification of request record - user_id: 1, transaction_code: CSUMGB-20250716-1-002
[16-Jul-2025 19:17:16 Asia/Manila] [createRequest] Processing item: stdClass Object
(
    [station_id] => 10344
    [station_name] => MCRP-1
    [station_type] => caap
)

[16-Jul-2025 19:17:16 Asia/Manila] [createRequest] CRITICAL: clientStationId is null. Item: stdClass Object
(
    [station_id] => 10344
    [station_name] => MCRP-1
    [station_type] => caap
)

[16-Jul-2025 19:17:16 Asia/Manila] [createRequest] DB Insert Values: ID='ERR-9d9b7d21', Name='ERR-9d9b7d21', Type='unknown', Price='360'
[16-Jul-2025 19:17:16 Asia/Manila] [createRequest] Processing item: stdClass Object
(
    [station_id] => 10344
    [station_name] => MCRP-1
    [station_type] => horizontal
)

[16-Jul-2025 19:17:16 Asia/Manila] [createRequest] CRITICAL: clientStationId is null. Item: stdClass Object
(
    [station_id] => 10344
    [station_name] => MCRP-1
    [station_type] => horizontal
)

[16-Jul-2025 19:17:16 Asia/Manila] [createRequest] DB Insert Values: ID='ERR-67b20c4c', Name='ERR-67b20c4c', Type='unknown', Price='360'
[16-Jul-2025 19:17:16 Asia/Manila] Attempting to clear cart items for user_id: 1 using query: DELETE FROM cart_items WHERE cart_id IN (SELECT cart_id FROM carts WHERE user_id = :user_id)
[16-Jul-2025 19:17:16 Asia/Manila] Cart items cleared for user_id: 1. Rows affected: 2
[16-Jul-2025 19:17:40 Asia/Manila] Admin API Request received: GET /api/admin/stations/vertical
[16-Jul-2025 19:17:40 Asia/Manila] Admin API Request received: GET /api/admin/regions
[16-Jul-2025 19:17:40 Asia/Manila] Query parameters: Array
(
)

[16-Jul-2025 19:17:40 Asia/Manila] Query parameters: Array
(
)

[16-Jul-2025 19:17:40 Asia/Manila] Admin: Fetching stations for type: vertical
[16-Jul-2025 19:17:40 Asia/Manila] Admin: Fetching regions
[16-Jul-2025 19:17:40 Asia/Manila] Admin API Request received: GET /api/admin/provinces
[16-Jul-2025 19:17:40 Asia/Manila] Query parameters: Array
(
)

[16-Jul-2025 19:17:40 Asia/Manila] Admin: Fetching provinces for region: 
[16-Jul-2025 19:17:40 Asia/Manila] Admin API Request received: GET /api/admin/regions
[16-Jul-2025 19:17:40 Asia/Manila] Query parameters: Array
(
)

[16-Jul-2025 19:17:40 Asia/Manila] Admin: Fetching regions
[16-Jul-2025 19:17:40 Asia/Manila] Admin API Request received: GET /api/admin/cities
[16-Jul-2025 19:17:40 Asia/Manila] Query parameters: Array
(
)

[16-Jul-2025 19:17:40 Asia/Manila] Admin: Fetching cities for province: 
[16-Jul-2025 19:17:40 Asia/Manila] Admin API Request received: GET /api/admin/provinces
[16-Jul-2025 19:17:40 Asia/Manila] Query parameters: Array
(
)

[16-Jul-2025 19:17:40 Asia/Manila] Admin: Fetching provinces for region: 
[16-Jul-2025 19:17:40 Asia/Manila] Admin API Request received: GET /api/admin/barangays
[16-Jul-2025 19:17:40 Asia/Manila] Query parameters: Array
(
)

[16-Jul-2025 19:17:40 Asia/Manila] Admin: Fetching barangays for city: 
[16-Jul-2025 19:17:40 Asia/Manila] Admin API Request received: GET /api/admin/cities
[16-Jul-2025 19:17:40 Asia/Manila] Query parameters: Array
(
)

[16-Jul-2025 19:17:40 Asia/Manila] Admin: Fetching cities for province: 
[16-Jul-2025 19:17:40 Asia/Manila] Admin API Request received: GET /api/admin/barangays
[16-Jul-2025 19:17:40 Asia/Manila] Query parameters: Array
(
)

[16-Jul-2025 19:17:40 Asia/Manila] Admin: Fetching barangays for city: 
[16-Jul-2025 19:17:41 Asia/Manila] [2025-07-16 19:17:41] getAllPayments called by user_id: 1
[16-Jul-2025 19:17:41 Asia/Manila] [2025-07-16 19:17:41] Running query: SELECT t.*,
                pm.method_name, 
                r.user_id, r.transaction_code,
                u.username, u.email,
                rs.status_name
                FROM transactions t
                LEFT JOIN payment_methods pm ON t.payment_method_id = pm.payment_method_id
                LEFT JOIN requests r ON t.request_id = r.request_id
                LEFT JOIN users u ON r.user_id = u.user_id
                LEFT JOIN request_statuses rs ON t.status_id = rs.status_id
                ORDER BY t.payment_date DESC
                LIMIT :offset, :per_page
[16-Jul-2025 19:17:41 Asia/Manila] [2025-07-16 19:17:41] Found 4 transactions
[16-Jul-2025 19:17:43 Asia/Manila] [2025-07-16 19:17:43] Fetching transaction ID: 37 from action: view
[16-Jul-2025 19:17:43 Asia/Manila] [2025-07-16 19:17:43] getTransactionById called with ID: 37
[16-Jul-2025 19:17:43 Asia/Manila] [2025-07-16 19:17:43] User verified: user_id=1, user_type=admin
[16-Jul-2025 19:17:43 Asia/Manila] [2025-07-16 19:17:43] Executing query for transaction_id: 37
[16-Jul-2025 19:17:43 Asia/Manila] [2025-07-16 19:17:43] Found transaction: 37, request_id: 81, user_id: 1
[16-Jul-2025 19:17:43 Asia/Manila] [2025-07-16 19:17:43] Fetching request ID: 81 from action: view
[16-Jul-2025 19:17:43 Asia/Manila] verifyToken called with requiredRole: null
[16-Jul-2025 19:17:43 Asia/Manila] Authorization header present: yes (Bearer eyJ0eXAi...)
[16-Jul-2025 19:17:43 Asia/Manila] JWT token for verification (length: 198): eyJ0eXAiOiJKV1QiLCJh...
[16-Jul-2025 19:17:43 Asia/Manila] Token payload decoded successfully. User ID: 1, Type: admin
[16-Jul-2025 19:17:48 Asia/Manila] getUserRequests called with userId: 1
[16-Jul-2025 19:17:48 Asia/Manila] verifyToken called with requiredRole: null
[16-Jul-2025 19:17:48 Asia/Manila] Authorization header present: yes (Bearer eyJ0eXAi...)
[16-Jul-2025 19:17:48 Asia/Manila] JWT token for verification (length: 198): eyJ0eXAiOiJKV1QiLCJh...
[16-Jul-2025 19:17:48 Asia/Manila] Token payload decoded successfully. User ID: 1, Type: admin
[16-Jul-2025 19:17:48 Asia/Manila] Token user_id: 1, type: integer
[16-Jul-2025 19:17:48 Asia/Manila] Requested user_id: 1, type: integer
[16-Jul-2025 19:17:48 Asia/Manila] Found 4 requests for user 1
[16-Jul-2025 19:17:48 Asia/Manila] getUserRequests called with userId: 1
[16-Jul-2025 19:17:48 Asia/Manila] verifyToken called with requiredRole: null
[16-Jul-2025 19:17:48 Asia/Manila] Authorization header present: yes (Bearer eyJ0eXAi...)
[16-Jul-2025 19:17:48 Asia/Manila] JWT token for verification (length: 198): eyJ0eXAiOiJKV1QiLCJh...
[16-Jul-2025 19:17:48 Asia/Manila] Token payload decoded successfully. User ID: 1, Type: admin
[16-Jul-2025 19:17:48 Asia/Manila] Token user_id: 1, type: integer
[16-Jul-2025 19:17:48 Asia/Manila] Requested user_id: 1, type: integer
[16-Jul-2025 19:17:48 Asia/Manila] Found 4 requests for user 1
[16-Jul-2025 19:17:49 Asia/Manila] [2025-07-16 19:17:49] Fetching request ID: 85 from action: view/85
[16-Jul-2025 19:17:49 Asia/Manila] verifyToken called with requiredRole: null
[16-Jul-2025 19:17:49 Asia/Manila] Authorization header present: yes (Bearer eyJ0eXAi...)
[16-Jul-2025 19:17:49 Asia/Manila] JWT token for verification (length: 198): eyJ0eXAiOiJKV1QiLCJh...
[16-Jul-2025 19:17:49 Asia/Manila] Token payload decoded successfully. User ID: 1, Type: admin
[16-Jul-2025 19:17:54 Asia/Manila] [2025-07-16 19:17:54] Fetching request ID: 84 from action: view/84
[16-Jul-2025 19:17:54 Asia/Manila] verifyToken called with requiredRole: null
[16-Jul-2025 19:17:54 Asia/Manila] Authorization header present: yes (Bearer eyJ0eXAi...)
[16-Jul-2025 19:17:54 Asia/Manila] JWT token for verification (length: 198): eyJ0eXAiOiJKV1QiLCJh...
[16-Jul-2025 19:17:54 Asia/Manila] Token payload decoded successfully. User ID: 1, Type: admin
[16-Jul-2025 19:19:02 Asia/Manila] [2025-07-16 19:19:02] getAllPayments called by user_id: 1
[16-Jul-2025 19:19:02 Asia/Manila] [2025-07-16 19:19:02] Running query: SELECT t.*,
                pm.method_name, 
                r.user_id, r.transaction_code,
                u.username, u.email,
                rs.status_name
                FROM transactions t
                LEFT JOIN payment_methods pm ON t.payment_method_id = pm.payment_method_id
                LEFT JOIN requests r ON t.request_id = r.request_id
                LEFT JOIN users u ON r.user_id = u.user_id
                LEFT JOIN request_statuses rs ON t.status_id = rs.status_id
                ORDER BY t.payment_date DESC
                LIMIT :offset, :per_page
[16-Jul-2025 19:19:02 Asia/Manila] [2025-07-16 19:19:02] Found 4 transactions
[16-Jul-2025 13:19:04 Europe/Berlin] Verifying token: eyJ0eXAiOi...
[16-Jul-2025 13:19:04 Europe/Berlin] Token belongs to user_id: 1
[16-Jul-2025 13:19:04 Europe/Berlin] getCartItems raw fetched items: Array
(
)

[16-Jul-2025 13:19:05 Europe/Berlin] Verifying token: eyJ0eXAiOi...
[16-Jul-2025 13:19:05 Europe/Berlin] Token belongs to user_id: 1
[16-Jul-2025 13:19:05 Europe/Berlin] Starting cart sync for user_id: 1
[16-Jul-2025 13:19:05 Europe/Berlin] Syncing from guest session: guest_1752660637652_mra85gcqqyo to user: 1
[16-Jul-2025 13:19:05 Europe/Berlin] No guest cart found for session_id: guest_1752660637652_mra85gcqqyo
[16-Jul-2025 13:19:06 Europe/Berlin] Verifying token: eyJ0eXAiOi...
[16-Jul-2025 13:19:06 Europe/Berlin] Token belongs to user_id: 1
[16-Jul-2025 13:19:06 Europe/Berlin] getCartItems raw fetched items: Array
(
)

[16-Jul-2025 13:19:06 Europe/Berlin] Verifying token: eyJ0eXAiOi...
[16-Jul-2025 13:19:06 Europe/Berlin] Token belongs to user_id: 1
[16-Jul-2025 13:19:06 Europe/Berlin] Starting cart sync for user_id: 1
[16-Jul-2025 13:19:06 Europe/Berlin] Syncing from guest session: guest_1752660637652_mra85gcqqyo to user: 1
[16-Jul-2025 13:19:06 Europe/Berlin] No guest cart found for session_id: guest_1752660637652_mra85gcqqyo
[16-Jul-2025 13:19:11 Europe/Berlin] Verifying token: eyJ0eXAiOi...
[16-Jul-2025 13:19:11 Europe/Berlin] Token belongs to user_id: 1
[16-Jul-2025 13:19:11 Europe/Berlin] getCartItems raw fetched items: Array
(
)

[16-Jul-2025 13:19:12 Europe/Berlin] Verifying token: eyJ0eXAiOi...
[16-Jul-2025 13:19:12 Europe/Berlin] Token belongs to user_id: 1
[16-Jul-2025 13:19:12 Europe/Berlin] Starting cart sync for user_id: 1
[16-Jul-2025 13:19:12 Europe/Berlin] Syncing from guest session: guest_1752660637652_mra85gcqqyo to user: 1
[16-Jul-2025 13:19:12 Europe/Berlin] No guest cart found for session_id: guest_1752660637652_mra85gcqqyo
[16-Jul-2025 13:19:13 Europe/Berlin] Verifying token: eyJ0eXAiOi...
[16-Jul-2025 13:19:13 Europe/Berlin] Token belongs to user_id: 1
[16-Jul-2025 13:19:13 Europe/Berlin] getCartItems raw fetched items: Array
(
)

[16-Jul-2025 13:19:15 Europe/Berlin] Verifying token: eyJ0eXAiOi...
[16-Jul-2025 13:19:15 Europe/Berlin] Token belongs to user_id: 1
[16-Jul-2025 13:19:15 Europe/Berlin] getCartItems raw fetched items: Array
(
)

[16-Jul-2025 13:19:16 Europe/Berlin] Verifying token: eyJ0eXAiOi...
[16-Jul-2025 13:19:16 Europe/Berlin] Verifying token: eyJ0eXAiOi...
[16-Jul-2025 13:19:16 Europe/Berlin] Verifying token: eyJ0eXAiOi...
[16-Jul-2025 13:19:16 Europe/Berlin] Token belongs to user_id: 1
[16-Jul-2025 13:19:16 Europe/Berlin] Token belongs to user_id: 1
[16-Jul-2025 13:19:16 Europe/Berlin] Token belongs to user_id: 1
[16-Jul-2025 13:19:16 Europe/Berlin] Starting cart sync for user_id: 1
[16-Jul-2025 13:19:16 Europe/Berlin] Starting cart sync for user_id: 1
[16-Jul-2025 13:19:16 Europe/Berlin] Syncing from guest session: guest_1752660637652_mra85gcqqyo to user: 1
[16-Jul-2025 13:19:16 Europe/Berlin] Syncing from guest session: guest_1752660637652_mra85gcqqyo to user: 1
[16-Jul-2025 13:19:16 Europe/Berlin] getCartItems raw fetched items: Array
(
)

[16-Jul-2025 13:19:16 Europe/Berlin] No guest cart found for session_id: guest_1752660637652_mra85gcqqyo
[16-Jul-2025 13:19:16 Europe/Berlin] No guest cart found for session_id: guest_1752660637652_mra85gcqqyo
[16-Jul-2025 13:19:41 Europe/Berlin] Verifying token: eyJ0eXAiOi...
[16-Jul-2025 13:19:41 Europe/Berlin] Token belongs to user_id: 1
[16-Jul-2025 13:19:41 Europe/Berlin] getCartItems raw fetched items: Array
(
)

[16-Jul-2025 13:19:44 Europe/Berlin] No authentication token provided in request
[16-Jul-2025 19:24:08 Asia/Manila] PHP Fatal error:  Uncaught Error: Call to undefined function getLocationsTree() in C:\projects\pgrs\main\api.php:45
Stack trace:
#0 {main}
  thrown in C:\projects\pgrs\main\api.php on line 45
[16-Jul-2025 13:24:08 Europe/Berlin] No authentication token provided in request
[16-Jul-2025 19:24:17 Asia/Manila] PHP Fatal error:  Uncaught Error: Call to undefined function getLocationsTree() in C:\projects\pgrs\main\api.php:45
Stack trace:
#0 {main}
  thrown in C:\projects\pgrs\main\api.php on line 45
[16-Jul-2025 13:24:38 Europe/Berlin] No authentication token provided in request
[16-Jul-2025 19:24:38 Asia/Manila] PHP Fatal error:  Uncaught Error: Call to undefined function getLocationsTree() in C:\projects\pgrs\main\api.php:45
Stack trace:
#0 {main}
  thrown in C:\projects\pgrs\main\api.php on line 45
[16-Jul-2025 13:24:42 Europe/Berlin] getSexes error: SQLSTATE[HY000]: General error: 2006 MySQL server has gone away
[16-Jul-2025 13:24:44 Europe/Berlin] Database connection failed: SQLSTATE[HY000] [2002] No connection could be made because the target machine actively refused it
[16-Jul-2025 13:24:53 Europe/Berlin] No authentication token provided in request
[16-Jul-2025 19:24:53 Asia/Manila] PHP Fatal error:  Uncaught Error: Call to undefined function getLocationsTree() in C:\projects\pgrs\main\api.php:45
Stack trace:
#0 {main}
  thrown in C:\projects\pgrs\main\api.php on line 45
[16-Jul-2025 19:25:15 Asia/Manila] PHP Fatal error:  Uncaught Error: Call to undefined function getLocationsTree() in C:\projects\pgrs\main\api.php:45
Stack trace:
#0 {main}
  thrown in C:\projects\pgrs\main\api.php on line 45
[16-Jul-2025 19:29:19 Asia/Manila] Executing getLocationsTree
[16-Jul-2025 13:29:19 Europe/Berlin] No authentication token provided in request
[16-Jul-2025 19:29:19 Asia/Manila] Executing SQL: SELECT DISTINCT region, province, city_or_municipality as city, barangay FROM hgcp_stations_new WHERE region IS NOT NULL AND region != '' AND province IS NOT NULL AND province != ''
[16-Jul-2025 19:29:24 Asia/Manila] Executing getLocationsTree
[16-Jul-2025 19:29:24 Asia/Manila] Executing SQL: SELECT DISTINCT region, province, city_or_municipality as city, barangay FROM vgcp_stations_new WHERE region IS NOT NULL AND region != '' AND province IS NOT NULL AND province != ''
[16-Jul-2025 19:29:32 Asia/Manila] Executing getLocationsTree
[16-Jul-2025 19:29:32 Asia/Manila] Executing SQL: SELECT DISTINCT region, province, city as city, barangay FROM grav_stations_new WHERE region IS NOT NULL AND region != '' AND province IS NOT NULL AND province != ''
[16-Jul-2025 19:29:34 Asia/Manila] Executing getLocationsTree
[16-Jul-2025 19:29:34 Asia/Manila] Executing SQL: SELECT DISTINCT region, province, city_or_municipality as city, barangay FROM vgcp_stations_new WHERE region IS NOT NULL AND region != '' AND province IS NOT NULL AND province != ''
[16-Jul-2025 19:29:38 Asia/Manila] Executing getLocationsTree
[16-Jul-2025 19:29:38 Asia/Manila] Executing SQL: SELECT DISTINCT region, province, city_or_municipality as city, barangay FROM hgcp_stations_new WHERE region IS NOT NULL AND region != '' AND province IS NOT NULL AND province != ''
[16-Jul-2025 19:29:59 Asia/Manila] Executing getLocationsTree
[16-Jul-2025 19:29:59 Asia/Manila] Executing SQL: SELECT DISTINCT region, province, city_or_municipality as city, barangay FROM vgcp_stations_new WHERE region IS NOT NULL AND region != '' AND province IS NOT NULL AND province != ''
[16-Jul-2025 19:30:00 Asia/Manila] Executing getLocationsTree
[16-Jul-2025 19:30:00 Asia/Manila] Executing SQL: SELECT DISTINCT region, province, city_or_municipality as city, barangay FROM hgcp_stations_new WHERE region IS NOT NULL AND region != '' AND province IS NOT NULL AND province != ''
[16-Jul-2025 19:33:38 Asia/Manila] API Route: api/locations
[16-Jul-2025 19:33:38 Asia/Manila] Executing getLocationsTree
[16-Jul-2025 13:33:38 Europe/Berlin] No authentication token provided in request
[16-Jul-2025 19:33:38 Asia/Manila] Executing SQL: SELECT DISTINCT region, province, city_or_municipality as city, barangay FROM hgcp_stations_new WHERE region IS NOT NULL AND region != '' AND province IS NOT NULL AND province != ''
[16-Jul-2025 19:33:48 Asia/Manila] API Route: api/locations
[16-Jul-2025 19:33:48 Asia/Manila] Executing getLocationsTree
[16-Jul-2025 19:33:48 Asia/Manila] Executing SQL: SELECT DISTINCT region, province, city_or_municipality as city, barangay FROM vgcp_stations_new WHERE region IS NOT NULL AND region != '' AND province IS NOT NULL AND province != ''
[16-Jul-2025 19:33:53 Asia/Manila] API Route: api/search/stations
[16-Jul-2025 13:33:57 Europe/Berlin] addToCart received data: stdClass Object
(
    [station_id] => 1271
    [station_type] => vertical
    [station_name] => LO-1 (LE-142)
    [session_id] => guest_1752660637652_mra85gcqqyo
)

[16-Jul-2025 13:33:57 Europe/Berlin] No authentication token provided in request
[16-Jul-2025 13:33:57 Europe/Berlin] Getting cart for user_id: NULL, session_id: guest_1752660637652_mra85gcqqyo
[16-Jul-2025 13:33:57 Europe/Berlin] Creating new guest cart for session: guest_1752660637652_mra85gcqqyo
[16-Jul-2025 13:33:57 Europe/Berlin] Created new guest cart ID: 14
[16-Jul-2025 13:33:57 Europe/Berlin] Executing INSERT for cart_item with cart_id: 14, station_id: 1271, station_name: LO-1 (LE-142), station_type: vertical
[16-Jul-2025 13:34:01 Europe/Berlin] No authentication token provided in request
[16-Jul-2025 19:34:27 Asia/Manila] API Route: api/locations
[16-Jul-2025 19:34:27 Asia/Manila] Executing getLocationsTree
[16-Jul-2025 19:34:27 Asia/Manila] Executing SQL: SELECT DISTINCT region, province, city_or_municipality as city, barangay FROM hgcp_stations_new WHERE region IS NOT NULL AND region != '' AND province IS NOT NULL AND province != ''
[16-Jul-2025 19:34:35 Asia/Manila] API Route: api/search/stations
[16-Jul-2025 19:34:35 Asia/Manila] Error fetching stations: Unknown column 'city' in 'where clause'
[16-Jul-2025 19:34:47 Asia/Manila] API Route: api/locations
[16-Jul-2025 13:34:47 Europe/Berlin] No authentication token provided in request
[16-Jul-2025 19:34:47 Asia/Manila] Executing getLocationsTree
[16-Jul-2025 19:34:47 Asia/Manila] Executing SQL: SELECT DISTINCT region, province, city_or_municipality as city, barangay FROM hgcp_stations_new WHERE region IS NOT NULL AND region != '' AND province IS NOT NULL AND province != ''
[16-Jul-2025 13:34:47 Europe/Berlin] getCartItems raw fetched items: Array
(
)

[16-Jul-2025 19:34:52 Asia/Manila] API Route: api/locations
[16-Jul-2025 19:34:52 Asia/Manila] Executing getLocationsTree
[16-Jul-2025 19:34:52 Asia/Manila] Executing SQL: SELECT DISTINCT region, province, city_or_municipality as city, barangay FROM hgcp_stations_new WHERE region IS NOT NULL AND region != '' AND province IS NOT NULL AND province != ''
[16-Jul-2025 13:34:52 Europe/Berlin] No authentication token provided in request
[16-Jul-2025 13:34:52 Europe/Berlin] getCartItems raw fetched items: Array
(
)

[16-Jul-2025 19:34:57 Asia/Manila] API Route: api/search/stations
[16-Jul-2025 19:35:02 Asia/Manila] API Route: api/search/stations
[16-Jul-2025 19:35:02 Asia/Manila] Error fetching stations: Unknown column 'city' in 'where clause'
[16-Jul-2025 19:36:35 Asia/Manila] API Route: api/locations
[16-Jul-2025 19:36:35 Asia/Manila] Executing getLocationsTree
[16-Jul-2025 13:36:35 Europe/Berlin] No authentication token provided in request
[16-Jul-2025 19:36:35 Asia/Manila] Executing SQL: SELECT DISTINCT region, province, city_or_municipality as city_or_municipality, barangay FROM hgcp_stations_new WHERE region IS NOT NULL AND region != '' AND province IS NOT NULL AND province != ''
[16-Jul-2025 13:36:35 Europe/Berlin] getCartItems raw fetched items: Array
(
)

[16-Jul-2025 19:36:50 Asia/Manila] API Route: api/search/stations
[16-Jul-2025 19:37:01 Asia/Manila] API Route: api/search/stations
[16-Jul-2025 13:38:21 Europe/Berlin] addToCart received data: stdClass Object
(
    [station_id] => 4703
    [station_type] => horizontal
    [station_name] => NEJ-3467 (BBM-22)
    [session_id] => guest_1752660637652_mra85gcqqyo
)

[16-Jul-2025 13:38:21 Europe/Berlin] No authentication token provided in request
[16-Jul-2025 13:38:21 Europe/Berlin] Getting cart for user_id: NULL, session_id: guest_1752660637652_mra85gcqqyo
[16-Jul-2025 13:38:21 Europe/Berlin] Found existing guest cart ID: 14
[16-Jul-2025 13:38:21 Europe/Berlin] Executing INSERT for cart_item with cart_id: 14, station_id: 4703, station_name: NEJ-3467 (BBM-22), station_type: horizontal
[16-Jul-2025 13:38:22 Europe/Berlin] No authentication token provided in request
[16-Jul-2025 19:38:24 Asia/Manila] API Route: api/locations
[16-Jul-2025 19:38:24 Asia/Manila] Executing getLocationsTree
[16-Jul-2025 19:38:24 Asia/Manila] Executing SQL: SELECT DISTINCT region, province, city_or_municipality as city_or_municipality, barangay FROM vgcp_stations_new WHERE region IS NOT NULL AND region != '' AND province IS NOT NULL AND province != ''
[16-Jul-2025 19:38:30 Asia/Manila] API Route: api/search/stations
[16-Jul-2025 13:39:24 Europe/Berlin] No authentication token provided in request
[16-Jul-2025 19:39:24 Asia/Manila] API Route: api/locations
[16-Jul-2025 19:39:24 Asia/Manila] Executing getLocationsTree
[16-Jul-2025 13:39:24 Europe/Berlin] getCartItems raw fetched items: Array
(
)

[16-Jul-2025 19:39:24 Asia/Manila] Executing SQL: SELECT DISTINCT region, province, city_or_municipality as city_or_municipality, barangay FROM hgcp_stations_new WHERE region IS NOT NULL AND region != '' AND province IS NOT NULL AND province != ''
