[05-Jun-2025 18:07:46 Europe/Berlin] PHP Warning:  Constant DB_HOST already defined in C:\Users\cumbe\OneDrive\Desktop\PGRS Portal\webGNIS Sample Data\250418 Drei\WebGNIS Files\config.php on line 10
[05-Jun-2025 18:07:46 Europe/Berlin] PHP Warning:  Constant DB_USER already defined in C:\Users\cumbe\OneDrive\Desktop\PGRS Portal\webGNIS Sample Data\250418 Drei\WebGNIS Files\config.php on line 11
[05-Jun-2025 18:07:46 Europe/Berlin] PHP Warning:  Constant DB_PASS already defined in C:\Users\cumbe\OneDrive\Desktop\PGRS Portal\webGNIS Sample Data\250418 Drei\WebGNIS Files\config.php on line 12
[05-Jun-2025 18:07:46 Europe/Berlin] PHP Warning:  Constant DB_NAME already defined in C:\Users\cumbe\OneDrive\Desktop\PGRS Portal\webGNIS Sample Data\250418 Drei\WebGNIS Files\config.php on line 13
[05-Jun-2025 18:07:46 Europe/Berlin] PHP Warning:  Constant DB_CHARSET already defined in C:\Users\cumbe\OneDrive\Desktop\PGRS Portal\webGNIS Sample Data\250418 Drei\WebGNIS Files\config.php on line 14
[05-Jun-2025 18:07:46 Europe/Berlin] [CONFIG] Database connection successful
[06-Jun-2025 00:07:46 Asia/Manila] PHP Warning:  Constant JWT_SECRET already defined in C:\Users\cumbe\OneDrive\Desktop\PGRS Portal\webGNIS Sample Data\250418 Drei\WebGNIS Files\config.php on line 90
[06-Jun-2025 00:07:46 Asia/Manila] PHP Warning:  Constant TOKEN_EXPIRY already defined in C:\Users\cumbe\OneDrive\Desktop\PGRS Portal\webGNIS Sample Data\250418 Drei\WebGNIS Files\config.php on line 91
[05-Jun-2025 18:07:46 Europe/Berlin] PHP Warning:  Constant DB_HOST already defined in C:\Users\cumbe\OneDrive\Desktop\PGRS Portal\webGNIS Sample Data\250418 Drei\WebGNIS Files\config.php on line 10
[05-Jun-2025 18:07:46 Europe/Berlin] PHP Warning:  Constant DB_USER already defined in C:\Users\cumbe\OneDrive\Desktop\PGRS Portal\webGNIS Sample Data\250418 Drei\WebGNIS Files\config.php on line 11
[05-Jun-2025 18:07:46 Europe/Berlin] PHP Warning:  Constant DB_PASS already defined in C:\Users\cumbe\OneDrive\Desktop\PGRS Portal\webGNIS Sample Data\250418 Drei\WebGNIS Files\config.php on line 12
[05-Jun-2025 18:07:46 Europe/Berlin] PHP Warning:  Constant DB_NAME already defined in C:\Users\cumbe\OneDrive\Desktop\PGRS Portal\webGNIS Sample Data\250418 Drei\WebGNIS Files\config.php on line 13
[05-Jun-2025 18:07:46 Europe/Berlin] PHP Warning:  Constant DB_CHARSET already defined in C:\Users\cumbe\OneDrive\Desktop\PGRS Portal\webGNIS Sample Data\250418 Drei\WebGNIS Files\config.php on line 14
[05-Jun-2025 18:07:46 Europe/Berlin] [CONFIG] Database connection successful
[06-Jun-2025 00:07:46 Asia/Manila] PHP Warning:  Constant JWT_SECRET already defined in C:\Users\cumbe\OneDrive\Desktop\PGRS Portal\webGNIS Sample Data\250418 Drei\WebGNIS Files\config.php on line 90
[06-Jun-2025 00:07:46 Asia/Manila] PHP Warning:  Constant TOKEN_EXPIRY already defined in C:\Users\cumbe\OneDrive\Desktop\PGRS Portal\webGNIS Sample Data\250418 Drei\WebGNIS Files\config.php on line 91
[05-Jun-2025 18:07:53 Europe/Berlin] PHP Warning:  Constant DB_HOST already defined in C:\Users\cumbe\OneDrive\Desktop\PGRS Portal\webGNIS Sample Data\250418 Drei\WebGNIS Files\config.php on line 10
[05-Jun-2025 18:07:53 Europe/Berlin] PHP Warning:  Constant DB_USER already defined in C:\Users\cumbe\OneDrive\Desktop\PGRS Portal\webGNIS Sample Data\250418 Drei\WebGNIS Files\config.php on line 11
[05-Jun-2025 18:07:53 Europe/Berlin] PHP Warning:  Constant DB_PASS already defined in C:\Users\cumbe\OneDrive\Desktop\PGRS Portal\webGNIS Sample Data\250418 Drei\WebGNIS Files\config.php on line 12
[05-Jun-2025 18:07:53 Europe/Berlin] PHP Warning:  Constant DB_NAME already defined in C:\Users\cumbe\OneDrive\Desktop\PGRS Portal\webGNIS Sample Data\250418 Drei\WebGNIS Files\config.php on line 13
[05-Jun-2025 18:07:53 Europe/Berlin] PHP Warning:  Constant DB_CHARSET already defined in C:\Users\cumbe\OneDrive\Desktop\PGRS Portal\webGNIS Sample Data\250418 Drei\WebGNIS Files\config.php on line 14
[05-Jun-2025 18:07:53 Europe/Berlin] [CONFIG] Database connection successful
[06-Jun-2025 00:07:53 Asia/Manila] PHP Warning:  Constant JWT_SECRET already defined in C:\Users\cumbe\OneDrive\Desktop\PGRS Portal\webGNIS Sample Data\250418 Drei\WebGNIS Files\config.php on line 90
[06-Jun-2025 00:07:53 Asia/Manila] PHP Warning:  Constant TOKEN_EXPIRY already defined in C:\Users\cumbe\OneDrive\Desktop\PGRS Portal\webGNIS Sample Data\250418 Drei\WebGNIS Files\config.php on line 91
[06-Jun-2025 00:07:54 Asia/Manila] [2025-06-06 00:07:54] getAllPayments called by user_id: 1
[06-Jun-2025 00:07:54 Asia/Manila] [2025-06-06 00:07:54] Running query: SELECT t.*,
                pm.method_name, 
                r.user_id, r.transaction_code,
                u.username, u.email,
                rs.status_name
                FROM transactions t
                LEFT JOIN payment_methods pm ON t.payment_method_id = pm.payment_method_id
                LEFT JOIN requests r ON t.request_id = r.request_id
                LEFT JOIN users u ON r.user_id = u.user_id
                LEFT JOIN request_statuses rs ON t.status_id = rs.status_id
                ORDER BY t.payment_date DESC
                LIMIT :offset, :per_page
[06-Jun-2025 00:07:54 Asia/Manila] [2025-06-06 00:07:54] Found 4 transactions
[06-Jun-2025 00:14:17 Asia/Manila] [2025-06-06 00:14:17] getAllPayments called by user_id: 1
[06-Jun-2025 00:14:17 Asia/Manila] [2025-06-06 00:14:17] Running query: SELECT t.*,
                pm.method_name, 
                r.user_id, r.transaction_code,
                u.username, u.email,
                rs.status_name
                FROM transactions t
                LEFT JOIN payment_methods pm ON t.payment_method_id = pm.payment_method_id
                LEFT JOIN requests r ON t.request_id = r.request_id
                LEFT JOIN users u ON r.user_id = u.user_id
                LEFT JOIN request_statuses rs ON t.status_id = rs.status_id
                ORDER BY t.payment_date DESC
                LIMIT :offset, :per_page
[06-Jun-2025 00:14:17 Asia/Manila] [2025-06-06 00:14:17] Found 4 transactions
[05-Jun-2025 18:14:19 Europe/Berlin] PHP Warning:  Constant DB_HOST already defined in C:\Users\cumbe\OneDrive\Desktop\PGRS Portal\webGNIS Sample Data\250418 Drei\WebGNIS Files\config.php on line 10
[05-Jun-2025 18:14:19 Europe/Berlin] PHP Warning:  Constant DB_USER already defined in C:\Users\cumbe\OneDrive\Desktop\PGRS Portal\webGNIS Sample Data\250418 Drei\WebGNIS Files\config.php on line 11
[05-Jun-2025 18:14:19 Europe/Berlin] PHP Warning:  Constant DB_PASS already defined in C:\Users\cumbe\OneDrive\Desktop\PGRS Portal\webGNIS Sample Data\250418 Drei\WebGNIS Files\config.php on line 12
[05-Jun-2025 18:14:19 Europe/Berlin] PHP Warning:  Constant DB_NAME already defined in C:\Users\cumbe\OneDrive\Desktop\PGRS Portal\webGNIS Sample Data\250418 Drei\WebGNIS Files\config.php on line 13
[05-Jun-2025 18:14:19 Europe/Berlin] PHP Warning:  Constant DB_CHARSET already defined in C:\Users\cumbe\OneDrive\Desktop\PGRS Portal\webGNIS Sample Data\250418 Drei\WebGNIS Files\config.php on line 14
[05-Jun-2025 18:14:19 Europe/Berlin] [CONFIG] Database connection successful
[06-Jun-2025 00:14:19 Asia/Manila] PHP Warning:  Constant JWT_SECRET already defined in C:\Users\cumbe\OneDrive\Desktop\PGRS Portal\webGNIS Sample Data\250418 Drei\WebGNIS Files\config.php on line 90
[06-Jun-2025 00:14:19 Asia/Manila] PHP Warning:  Constant TOKEN_EXPIRY already defined in C:\Users\cumbe\OneDrive\Desktop\PGRS Portal\webGNIS Sample Data\250418 Drei\WebGNIS Files\config.php on line 91
[05-Jun-2025 18:14:30 Europe/Berlin] PHP Warning:  Constant DB_HOST already defined in C:\Users\cumbe\OneDrive\Desktop\PGRS Portal\webGNIS Sample Data\250418 Drei\WebGNIS Files\config.php on line 10
[05-Jun-2025 18:14:30 Europe/Berlin] PHP Warning:  Constant DB_USER already defined in C:\Users\cumbe\OneDrive\Desktop\PGRS Portal\webGNIS Sample Data\250418 Drei\WebGNIS Files\config.php on line 11
[05-Jun-2025 18:14:30 Europe/Berlin] PHP Warning:  Constant DB_PASS already defined in C:\Users\cumbe\OneDrive\Desktop\PGRS Portal\webGNIS Sample Data\250418 Drei\WebGNIS Files\config.php on line 12
[05-Jun-2025 18:14:30 Europe/Berlin] PHP Warning:  Constant DB_NAME already defined in C:\Users\cumbe\OneDrive\Desktop\PGRS Portal\webGNIS Sample Data\250418 Drei\WebGNIS Files\config.php on line 13
[05-Jun-2025 18:14:30 Europe/Berlin] PHP Warning:  Constant DB_CHARSET already defined in C:\Users\cumbe\OneDrive\Desktop\PGRS Portal\webGNIS Sample Data\250418 Drei\WebGNIS Files\config.php on line 14
[05-Jun-2025 18:14:30 Europe/Berlin] [CONFIG] Database connection successful
[06-Jun-2025 00:14:30 Asia/Manila] PHP Warning:  Constant JWT_SECRET already defined in C:\Users\cumbe\OneDrive\Desktop\PGRS Portal\webGNIS Sample Data\250418 Drei\WebGNIS Files\config.php on line 90
[06-Jun-2025 00:14:30 Asia/Manila] PHP Warning:  Constant TOKEN_EXPIRY already defined in C:\Users\cumbe\OneDrive\Desktop\PGRS Portal\webGNIS Sample Data\250418 Drei\WebGNIS Files\config.php on line 91
[06-Jun-2025 00:14:31 Asia/Manila] [2025-06-06 00:14:31] getAllPayments called by user_id: 1
[06-Jun-2025 00:14:31 Asia/Manila] [2025-06-06 00:14:31] Running query: SELECT t.*,
                pm.method_name, 
                r.user_id, r.transaction_code,
                u.username, u.email,
                rs.status_name
                FROM transactions t
                LEFT JOIN payment_methods pm ON t.payment_method_id = pm.payment_method_id
                LEFT JOIN requests r ON t.request_id = r.request_id
                LEFT JOIN users u ON r.user_id = u.user_id
                LEFT JOIN request_statuses rs ON t.status_id = rs.status_id
                ORDER BY t.payment_date DESC
                LIMIT :offset, :per_page
[06-Jun-2025 00:14:31 Asia/Manila] [2025-06-06 00:14:31] Found 4 transactions
[06-Jun-2025 00:15:12 Asia/Manila] [2025-06-06 00:15:12] getAllPayments called by user_id: 1
[06-Jun-2025 00:15:12 Asia/Manila] [2025-06-06 00:15:12] Running query: SELECT t.*,
                pm.method_name, 
                r.user_id, r.transaction_code,
                u.username, u.email,
                rs.status_name
                FROM transactions t
                LEFT JOIN payment_methods pm ON t.payment_method_id = pm.payment_method_id
                LEFT JOIN requests r ON t.request_id = r.request_id
                LEFT JOIN users u ON r.user_id = u.user_id
                LEFT JOIN request_statuses rs ON t.status_id = rs.status_id
                ORDER BY t.payment_date DESC
                LIMIT :offset, :per_page
[06-Jun-2025 00:15:12 Asia/Manila] [2025-06-06 00:15:12] Found 4 transactions
[06-Jun-2025 00:16:27 Asia/Manila] [2025-06-06 00:16:27] getAllPayments called by user_id: 1
[06-Jun-2025 00:16:27 Asia/Manila] [2025-06-06 00:16:27] Running query: SELECT t.*,
                pm.method_name, 
                r.user_id, r.transaction_code,
                u.username, u.email,
                rs.status_name
                FROM transactions t
                LEFT JOIN payment_methods pm ON t.payment_method_id = pm.payment_method_id
                LEFT JOIN requests r ON t.request_id = r.request_id
                LEFT JOIN users u ON r.user_id = u.user_id
                LEFT JOIN request_statuses rs ON t.status_id = rs.status_id
                ORDER BY t.payment_date DESC
                LIMIT :offset, :per_page
[06-Jun-2025 00:16:27 Asia/Manila] [2025-06-06 00:16:27] Found 4 transactions
[05-Jun-2025 18:16:31 Europe/Berlin] PHP Warning:  Constant DB_HOST already defined in C:\Users\cumbe\OneDrive\Desktop\PGRS Portal\webGNIS Sample Data\250418 Drei\WebGNIS Files\config.php on line 10
[05-Jun-2025 18:16:31 Europe/Berlin] PHP Warning:  Constant DB_USER already defined in C:\Users\cumbe\OneDrive\Desktop\PGRS Portal\webGNIS Sample Data\250418 Drei\WebGNIS Files\config.php on line 11
[05-Jun-2025 18:16:31 Europe/Berlin] PHP Warning:  Constant DB_PASS already defined in C:\Users\cumbe\OneDrive\Desktop\PGRS Portal\webGNIS Sample Data\250418 Drei\WebGNIS Files\config.php on line 12
[05-Jun-2025 18:16:31 Europe/Berlin] PHP Warning:  Constant DB_NAME already defined in C:\Users\cumbe\OneDrive\Desktop\PGRS Portal\webGNIS Sample Data\250418 Drei\WebGNIS Files\config.php on line 13
[05-Jun-2025 18:16:31 Europe/Berlin] PHP Warning:  Constant DB_CHARSET already defined in C:\Users\cumbe\OneDrive\Desktop\PGRS Portal\webGNIS Sample Data\250418 Drei\WebGNIS Files\config.php on line 14
[05-Jun-2025 18:16:31 Europe/Berlin] [CONFIG] Database connection successful
[06-Jun-2025 00:16:31 Asia/Manila] PHP Warning:  Constant JWT_SECRET already defined in C:\Users\cumbe\OneDrive\Desktop\PGRS Portal\webGNIS Sample Data\250418 Drei\WebGNIS Files\config.php on line 90
[06-Jun-2025 00:16:31 Asia/Manila] PHP Warning:  Constant TOKEN_EXPIRY already defined in C:\Users\cumbe\OneDrive\Desktop\PGRS Portal\webGNIS Sample Data\250418 Drei\WebGNIS Files\config.php on line 91
[06-Jun-2025 00:16:32 Asia/Manila] [2025-06-06 00:16:32] getAllPayments called by user_id: 1
[06-Jun-2025 00:16:32 Asia/Manila] [2025-06-06 00:16:32] Running query: SELECT t.*,
                pm.method_name, 
                r.user_id, r.transaction_code,
                u.username, u.email,
                rs.status_name
                FROM transactions t
                LEFT JOIN payment_methods pm ON t.payment_method_id = pm.payment_method_id
                LEFT JOIN requests r ON t.request_id = r.request_id
                LEFT JOIN users u ON r.user_id = u.user_id
                LEFT JOIN request_statuses rs ON t.status_id = rs.status_id
                ORDER BY t.payment_date DESC
                LIMIT :offset, :per_page
[06-Jun-2025 00:16:32 Asia/Manila] [2025-06-06 00:16:32] Found 4 transactions
[06-Jun-2025 00:16:44 Asia/Manila] getUserRequests called with userId: 1
[06-Jun-2025 00:16:44 Asia/Manila] verifyToken called with requiredRole: null
[06-Jun-2025 00:16:44 Asia/Manila] Authorization header present: yes (Bearer eyJ0eXAi...)
[06-Jun-2025 00:16:44 Asia/Manila] JWT token for verification (length: 198): eyJ0eXAiOiJKV1QiLCJh...
[06-Jun-2025 00:16:44 Asia/Manila] Token payload decoded successfully. User ID: 1, Type: admin
[06-Jun-2025 00:16:44 Asia/Manila] Token user_id: 1, type: integer
[06-Jun-2025 00:16:44 Asia/Manila] Requested user_id: 1, type: integer
[06-Jun-2025 00:16:44 Asia/Manila] Found 2 requests for user 1
[06-Jun-2025 00:16:44 Asia/Manila] getUserRequests called with userId: 1
[06-Jun-2025 00:16:44 Asia/Manila] verifyToken called with requiredRole: null
[06-Jun-2025 00:16:44 Asia/Manila] Authorization header present: yes (Bearer eyJ0eXAi...)
[06-Jun-2025 00:16:44 Asia/Manila] JWT token for verification (length: 198): eyJ0eXAiOiJKV1QiLCJh...
[06-Jun-2025 00:16:44 Asia/Manila] Token payload decoded successfully. User ID: 1, Type: admin
[06-Jun-2025 00:16:44 Asia/Manila] Token user_id: 1, type: integer
[06-Jun-2025 00:16:44 Asia/Manila] Requested user_id: 1, type: integer
[06-Jun-2025 00:16:44 Asia/Manila] Found 2 requests for user 1
[06-Jun-2025 00:23:53 Asia/Manila] getUserRequests called with userId: 1
[06-Jun-2025 00:23:53 Asia/Manila] verifyToken called with requiredRole: null
[06-Jun-2025 00:23:53 Asia/Manila] Authorization header present: yes (Bearer eyJ0eXAi...)
[06-Jun-2025 00:23:53 Asia/Manila] JWT token for verification (length: 198): eyJ0eXAiOiJKV1QiLCJh...
[06-Jun-2025 00:23:53 Asia/Manila] Token payload decoded successfully. User ID: 1, Type: admin
[06-Jun-2025 00:23:53 Asia/Manila] Token user_id: 1, type: integer
[06-Jun-2025 00:23:53 Asia/Manila] Requested user_id: 1, type: integer
[06-Jun-2025 00:23:53 Asia/Manila] Found 2 requests for user 1
[06-Jun-2025 00:23:53 Asia/Manila] getUserRequests called with userId: 1
[06-Jun-2025 00:23:53 Asia/Manila] verifyToken called with requiredRole: null
[06-Jun-2025 00:23:53 Asia/Manila] Authorization header present: yes (Bearer eyJ0eXAi...)
[06-Jun-2025 00:23:53 Asia/Manila] JWT token for verification (length: 198): eyJ0eXAiOiJKV1QiLCJh...
[06-Jun-2025 00:23:53 Asia/Manila] Token payload decoded successfully. User ID: 1, Type: admin
[06-Jun-2025 00:23:53 Asia/Manila] Token user_id: 1, type: integer
[06-Jun-2025 00:23:53 Asia/Manila] Requested user_id: 1, type: integer
[06-Jun-2025 00:23:53 Asia/Manila] Found 2 requests for user 1
[06-Jun-2025 00:23:58 Asia/Manila] getUserRequests called with userId: 1
[06-Jun-2025 00:23:58 Asia/Manila] verifyToken called with requiredRole: null
[06-Jun-2025 00:23:58 Asia/Manila] Authorization header present: yes (Bearer eyJ0eXAi...)
[06-Jun-2025 00:23:58 Asia/Manila] JWT token for verification (length: 198): eyJ0eXAiOiJKV1QiLCJh...
[06-Jun-2025 00:23:58 Asia/Manila] Token payload decoded successfully. User ID: 1, Type: admin
[06-Jun-2025 00:23:58 Asia/Manila] Token user_id: 1, type: integer
[06-Jun-2025 00:23:58 Asia/Manila] Requested user_id: 1, type: integer
[06-Jun-2025 00:23:58 Asia/Manila] Found 2 requests for user 1
[06-Jun-2025 00:23:58 Asia/Manila] getUserRequests called with userId: 1
[06-Jun-2025 00:23:58 Asia/Manila] verifyToken called with requiredRole: null
[06-Jun-2025 00:23:58 Asia/Manila] Authorization header present: yes (Bearer eyJ0eXAi...)
[06-Jun-2025 00:23:58 Asia/Manila] JWT token for verification (length: 198): eyJ0eXAiOiJKV1QiLCJh...
[06-Jun-2025 00:23:58 Asia/Manila] Token payload decoded successfully. User ID: 1, Type: admin
[06-Jun-2025 00:23:58 Asia/Manila] Token user_id: 1, type: integer
[06-Jun-2025 00:23:58 Asia/Manila] Requested user_id: 1, type: integer
[06-Jun-2025 00:23:58 Asia/Manila] Found 2 requests for user 1
[05-Jun-2025 18:23:59 Europe/Berlin] PHP Warning:  Constant DB_HOST already defined in C:\Users\cumbe\OneDrive\Desktop\PGRS Portal\webGNIS Sample Data\250418 Drei\WebGNIS Files\config.php on line 10
[05-Jun-2025 18:23:59 Europe/Berlin] PHP Warning:  Constant DB_USER already defined in C:\Users\cumbe\OneDrive\Desktop\PGRS Portal\webGNIS Sample Data\250418 Drei\WebGNIS Files\config.php on line 11
[05-Jun-2025 18:23:59 Europe/Berlin] PHP Warning:  Constant DB_PASS already defined in C:\Users\cumbe\OneDrive\Desktop\PGRS Portal\webGNIS Sample Data\250418 Drei\WebGNIS Files\config.php on line 12
[05-Jun-2025 18:23:59 Europe/Berlin] PHP Warning:  Constant DB_NAME already defined in C:\Users\cumbe\OneDrive\Desktop\PGRS Portal\webGNIS Sample Data\250418 Drei\WebGNIS Files\config.php on line 13
[05-Jun-2025 18:23:59 Europe/Berlin] PHP Warning:  Constant DB_CHARSET already defined in C:\Users\cumbe\OneDrive\Desktop\PGRS Portal\webGNIS Sample Data\250418 Drei\WebGNIS Files\config.php on line 14
[05-Jun-2025 18:23:59 Europe/Berlin] [CONFIG] Database connection successful
[06-Jun-2025 00:23:59 Asia/Manila] PHP Warning:  Constant JWT_SECRET already defined in C:\Users\cumbe\OneDrive\Desktop\PGRS Portal\webGNIS Sample Data\250418 Drei\WebGNIS Files\config.php on line 90
[06-Jun-2025 00:23:59 Asia/Manila] PHP Warning:  Constant TOKEN_EXPIRY already defined in C:\Users\cumbe\OneDrive\Desktop\PGRS Portal\webGNIS Sample Data\250418 Drei\WebGNIS Files\config.php on line 91
[05-Jun-2025 18:24:05 Europe/Berlin] PHP Warning:  Constant DB_HOST already defined in C:\Users\cumbe\OneDrive\Desktop\PGRS Portal\webGNIS Sample Data\250418 Drei\WebGNIS Files\config.php on line 10
[05-Jun-2025 18:24:05 Europe/Berlin] PHP Warning:  Constant DB_USER already defined in C:\Users\cumbe\OneDrive\Desktop\PGRS Portal\webGNIS Sample Data\250418 Drei\WebGNIS Files\config.php on line 11
[05-Jun-2025 18:24:05 Europe/Berlin] PHP Warning:  Constant DB_PASS already defined in C:\Users\cumbe\OneDrive\Desktop\PGRS Portal\webGNIS Sample Data\250418 Drei\WebGNIS Files\config.php on line 12
[05-Jun-2025 18:24:05 Europe/Berlin] PHP Warning:  Constant DB_NAME already defined in C:\Users\cumbe\OneDrive\Desktop\PGRS Portal\webGNIS Sample Data\250418 Drei\WebGNIS Files\config.php on line 13
[05-Jun-2025 18:24:05 Europe/Berlin] PHP Warning:  Constant DB_CHARSET already defined in C:\Users\cumbe\OneDrive\Desktop\PGRS Portal\webGNIS Sample Data\250418 Drei\WebGNIS Files\config.php on line 14
[05-Jun-2025 18:24:05 Europe/Berlin] [CONFIG] Database connection successful
[06-Jun-2025 00:24:05 Asia/Manila] PHP Warning:  Constant JWT_SECRET already defined in C:\Users\cumbe\OneDrive\Desktop\PGRS Portal\webGNIS Sample Data\250418 Drei\WebGNIS Files\config.php on line 90
[06-Jun-2025 00:24:05 Asia/Manila] PHP Warning:  Constant TOKEN_EXPIRY already defined in C:\Users\cumbe\OneDrive\Desktop\PGRS Portal\webGNIS Sample Data\250418 Drei\WebGNIS Files\config.php on line 91
[07-Jun-2025 12:08:50 Asia/Manila] getUserRequests called with userId: 1
[07-Jun-2025 12:08:50 Asia/Manila] verifyToken called with requiredRole: null
[07-Jun-2025 12:08:50 Asia/Manila] Authorization header present: yes (Bearer eyJ0eXAi...)
[07-Jun-2025 12:08:50 Asia/Manila] JWT token for verification (length: 198): eyJ0eXAiOiJKV1QiLCJh...
[07-Jun-2025 12:08:50 Asia/Manila] Token payload decoded successfully. User ID: 1, Type: admin
[07-Jun-2025 12:08:50 Asia/Manila] Token user_id: 1, type: integer
[07-Jun-2025 12:08:50 Asia/Manila] Requested user_id: 1, type: integer
[07-Jun-2025 12:08:50 Asia/Manila] getUserRequests called with userId: 1
[07-Jun-2025 12:08:50 Asia/Manila] verifyToken called with requiredRole: null
[07-Jun-2025 12:08:50 Asia/Manila] Authorization header present: yes (Bearer eyJ0eXAi...)
[07-Jun-2025 12:08:50 Asia/Manila] JWT token for verification (length: 198): eyJ0eXAiOiJKV1QiLCJh...
[07-Jun-2025 12:08:50 Asia/Manila] Token payload decoded successfully. User ID: 1, Type: admin
[07-Jun-2025 12:08:50 Asia/Manila] Token user_id: 1, type: integer
[07-Jun-2025 12:08:50 Asia/Manila] Requested user_id: 1, type: integer
[07-Jun-2025 12:08:50 Asia/Manila] Found 2 requests for user 1
[07-Jun-2025 12:08:50 Asia/Manila] Found 2 requests for user 1
[07-Jun-2025 06:08:51 Europe/Berlin] Verifying token: eyJ0eXAiOi...
[07-Jun-2025 06:08:51 Europe/Berlin] Token belongs to user_id: 1
[07-Jun-2025 06:08:51 Europe/Berlin] getCartItems raw fetched items: Array
(
)

[07-Jun-2025 12:08:51 Asia/Manila] API Request: /api/stations/horizontal
[07-Jun-2025 12:08:51 Asia/Manila] API Request: /api/stations/horizontal
[07-Jun-2025 06:08:52 Europe/Berlin] Verifying token: eyJ0eXAiOi...
[07-Jun-2025 06:08:52 Europe/Berlin] Token belongs to user_id: 1
[07-Jun-2025 06:08:52 Europe/Berlin] getCartItems raw fetched items: Array
(
)

[07-Jun-2025 06:08:55 Europe/Berlin] Verifying token: eyJ0eXAiOi...
[07-Jun-2025 06:08:55 Europe/Berlin] Token belongs to user_id: 1
[07-Jun-2025 06:08:55 Europe/Berlin] Starting cart sync for user_id: 1
[07-Jun-2025 06:08:55 Europe/Berlin] Syncing from guest session: guest_1748692627518_inawyi6651j to user: 1
[07-Jun-2025 06:08:55 Europe/Berlin] No guest cart found for session_id: guest_1748692627518_inawyi6651j
[07-Jun-2025 06:08:58 Europe/Berlin] Verifying token: eyJ0eXAiOi...
[07-Jun-2025 06:08:58 Europe/Berlin] Token belongs to user_id: 1
[07-Jun-2025 06:08:58 Europe/Berlin] getCartItems raw fetched items: Array
(
)

[07-Jun-2025 12:08:59 Asia/Manila] getUserRequests called with userId: 1
[07-Jun-2025 12:08:59 Asia/Manila] verifyToken called with requiredRole: null
[07-Jun-2025 12:08:59 Asia/Manila] Authorization header present: yes (Bearer eyJ0eXAi...)
[07-Jun-2025 12:08:59 Asia/Manila] JWT token for verification (length: 198): eyJ0eXAiOiJKV1QiLCJh...
[07-Jun-2025 12:08:59 Asia/Manila] Token payload decoded successfully. User ID: 1, Type: admin
[07-Jun-2025 12:08:59 Asia/Manila] Token user_id: 1, type: integer
[07-Jun-2025 12:08:59 Asia/Manila] Requested user_id: 1, type: integer
[07-Jun-2025 12:08:59 Asia/Manila] Found 2 requests for user 1
[07-Jun-2025 12:08:59 Asia/Manila] getUserRequests called with userId: 1
[07-Jun-2025 12:08:59 Asia/Manila] verifyToken called with requiredRole: null
[07-Jun-2025 12:08:59 Asia/Manila] Authorization header present: yes (Bearer eyJ0eXAi...)
[07-Jun-2025 12:08:59 Asia/Manila] JWT token for verification (length: 198): eyJ0eXAiOiJKV1QiLCJh...
[07-Jun-2025 12:08:59 Asia/Manila] Token payload decoded successfully. User ID: 1, Type: admin
[07-Jun-2025 12:08:59 Asia/Manila] Token user_id: 1, type: integer
[07-Jun-2025 12:08:59 Asia/Manila] Requested user_id: 1, type: integer
[07-Jun-2025 12:08:59 Asia/Manila] Found 2 requests for user 1
[07-Jun-2025 06:09:00 Europe/Berlin] PHP Warning:  Constant DB_HOST already defined in C:\xampp\htdocs\WebGNIS Files\config.php on line 10
[07-Jun-2025 06:09:00 Europe/Berlin] PHP Warning:  Constant DB_USER already defined in C:\xampp\htdocs\WebGNIS Files\config.php on line 11
[07-Jun-2025 06:09:00 Europe/Berlin] PHP Warning:  Constant DB_PASS already defined in C:\xampp\htdocs\WebGNIS Files\config.php on line 12
[07-Jun-2025 06:09:00 Europe/Berlin] PHP Warning:  Constant DB_NAME already defined in C:\xampp\htdocs\WebGNIS Files\config.php on line 13
[07-Jun-2025 06:09:00 Europe/Berlin] PHP Warning:  Constant DB_CHARSET already defined in C:\xampp\htdocs\WebGNIS Files\config.php on line 14
[07-Jun-2025 06:09:00 Europe/Berlin] [CONFIG] Database connection successful
[07-Jun-2025 12:09:00 Asia/Manila] PHP Warning:  Constant JWT_SECRET already defined in C:\xampp\htdocs\WebGNIS Files\config.php on line 90
[07-Jun-2025 12:09:00 Asia/Manila] PHP Warning:  Constant TOKEN_EXPIRY already defined in C:\xampp\htdocs\WebGNIS Files\config.php on line 91
[07-Jun-2025 12:09:15 Asia/Manila] [2025-06-07 12:09:15] getAllPayments called by user_id: 1
[07-Jun-2025 12:09:15 Asia/Manila] [2025-06-07 12:09:15] Running query: SELECT t.*,
                pm.method_name, 
                r.user_id, r.transaction_code,
                u.username, u.email,
                rs.status_name
                FROM transactions t
                LEFT JOIN payment_methods pm ON t.payment_method_id = pm.payment_method_id
                LEFT JOIN requests r ON t.request_id = r.request_id
                LEFT JOIN users u ON r.user_id = u.user_id
                LEFT JOIN request_statuses rs ON t.status_id = rs.status_id
                ORDER BY t.payment_date DESC
                LIMIT :offset, :per_page
[07-Jun-2025 12:09:15 Asia/Manila] [2025-06-07 12:09:15] Found 4 transactions
[07-Jun-2025 12:09:17 Asia/Manila] getUserRequests called with userId: 1
[07-Jun-2025 12:09:17 Asia/Manila] verifyToken called with requiredRole: null
[07-Jun-2025 12:09:17 Asia/Manila] Authorization header present: yes (Bearer eyJ0eXAi...)
[07-Jun-2025 12:09:17 Asia/Manila] JWT token for verification (length: 198): eyJ0eXAiOiJKV1QiLCJh...
[07-Jun-2025 12:09:17 Asia/Manila] Token payload decoded successfully. User ID: 1, Type: admin
[07-Jun-2025 12:09:17 Asia/Manila] Token user_id: 1, type: integer
[07-Jun-2025 12:09:17 Asia/Manila] Requested user_id: 1, type: integer
[07-Jun-2025 12:09:17 Asia/Manila] Found 2 requests for user 1
[07-Jun-2025 12:09:17 Asia/Manila] getUserRequests called with userId: 1
[07-Jun-2025 12:09:17 Asia/Manila] verifyToken called with requiredRole: null
[07-Jun-2025 12:09:17 Asia/Manila] Authorization header present: yes (Bearer eyJ0eXAi...)
[07-Jun-2025 12:09:17 Asia/Manila] JWT token for verification (length: 198): eyJ0eXAiOiJKV1QiLCJh...
[07-Jun-2025 12:09:17 Asia/Manila] Token payload decoded successfully. User ID: 1, Type: admin
[07-Jun-2025 12:09:17 Asia/Manila] Token user_id: 1, type: integer
[07-Jun-2025 12:09:17 Asia/Manila] Requested user_id: 1, type: integer
[07-Jun-2025 12:09:17 Asia/Manila] Found 2 requests for user 1
[07-Jun-2025 06:09:17 Europe/Berlin] Verifying token: eyJ0eXAiOi...
[07-Jun-2025 06:09:17 Europe/Berlin] Token belongs to user_id: 1
[07-Jun-2025 06:09:17 Europe/Berlin] getCartItems raw fetched items: Array
(
)

[07-Jun-2025 12:09:17 Asia/Manila] API Request: /api/stations/horizontal
[07-Jun-2025 06:09:18 Europe/Berlin] Verifying token: eyJ0eXAiOi...
[07-Jun-2025 06:09:18 Europe/Berlin] Token belongs to user_id: 1
[07-Jun-2025 06:09:18 Europe/Berlin] getCartItems raw fetched items: Array
(
)

[07-Jun-2025 12:09:18 Asia/Manila] API Request: /api/stations/horizontal
[07-Jun-2025 06:09:20 Europe/Berlin] Verifying token: eyJ0eXAiOi...
[07-Jun-2025 06:09:20 Europe/Berlin] Token belongs to user_id: 1
[07-Jun-2025 06:09:20 Europe/Berlin] Starting cart sync for user_id: 1
[07-Jun-2025 06:09:20 Europe/Berlin] Syncing from guest session: guest_1748692627518_inawyi6651j to user: 1
[07-Jun-2025 06:09:20 Europe/Berlin] No guest cart found for session_id: guest_1748692627518_inawyi6651j
[07-Jun-2025 06:09:26 Europe/Berlin] Verifying token: eyJ0eXAiOi...
[07-Jun-2025 06:09:26 Europe/Berlin] Token belongs to user_id: 1
[07-Jun-2025 06:09:26 Europe/Berlin] getCartItems raw fetched items: Array
(
)

[07-Jun-2025 06:09:42 Europe/Berlin] addToCart received data: stdClass Object
(
    [station_id] => 1101
    [station_type] => caap
    [station_name] => MMA-39 (W-2)
    [session_id] => guest_1748692627518_inawyi6651j
)

[07-Jun-2025 06:09:42 Europe/Berlin] Verifying token: eyJ0eXAiOi...
[07-Jun-2025 06:09:42 Europe/Berlin] Token belongs to user_id: 1
[07-Jun-2025 06:09:42 Europe/Berlin] Getting cart for user_id: 1, session_id: guest_1748692627518_inawyi6651j
[07-Jun-2025 06:09:42 Europe/Berlin] Found existing user cart ID: 11
[07-Jun-2025 06:09:42 Europe/Berlin] Executing INSERT for cart_item with cart_id: 11, station_id: 1101, station_name: MMA-39 (W-2), station_type: caap
[07-Jun-2025 12:10:01 Asia/Manila] verifyToken called with requiredRole: null
[07-Jun-2025 12:10:01 Asia/Manila] Authorization header present: yes (Bearer eyJ0eXAi...)
[07-Jun-2025 12:10:01 Asia/Manila] JWT token for verification (length: 198): eyJ0eXAiOiJKV1QiLCJh...
[07-Jun-2025 12:10:01 Asia/Manila] Token payload decoded successfully. User ID: 1, Type: admin
[07-Jun-2025 12:10:01 Asia/Manila] createRequest called with token user_id: 1 (type: integer)
[07-Jun-2025 12:10:01 Asia/Manila] Full token object: (object) array(
   'iat' => 1749269225,
   'exp' => 1749355625,
   'user_id' => 1,
   'username' => 'admin',
   'user_type' => 'admin',
)
[07-Jun-2025 12:10:01 Asia/Manila] Request data: stdClass Object
(
    [items] => Array
        (
            [0] => stdClass Object
                (
                    [station_id] => 1101
                    [station_name] => MMA-39 (W-2)
                    [station_type] => caap
                )

        )

    [clear_cart] => 1
)

[07-Jun-2025 12:10:01 Asia/Manila] Generated transaction code: CSUMGB-20250607-1-001 for user_id: 1
[07-Jun-2025 12:10:01 Asia/Manila] Inserted request with ID: 82, user_id: 1, transaction_code: CSUMGB-20250607-1-001
[07-Jun-2025 12:10:01 Asia/Manila] Verification of request record - user_id: 1, transaction_code: CSUMGB-20250607-1-001
[07-Jun-2025 12:10:01 Asia/Manila] [createRequest] Processing item: stdClass Object
(
    [station_id] => 1101
    [station_name] => MMA-39 (W-2)
    [station_type] => caap
)

[07-Jun-2025 12:10:01 Asia/Manila] [createRequest] DB Insert Values: ID='1101', Name='MMA-39 (W-2)', Type='caap', Price='720'
[07-Jun-2025 12:10:01 Asia/Manila] Attempting to clear cart items for user_id: 1 using query: DELETE FROM cart_items WHERE cart_id IN (SELECT cart_id FROM carts WHERE user_id = :user_id)
[07-Jun-2025 12:10:01 Asia/Manila] Cart items cleared for user_id: 1. Rows affected: 1
[07-Jun-2025 12:10:01 Asia/Manila] uploadPaymentProof called with POST: Array
(
    [request_id] => 82
    [paid_amount] => 720.00
    [payment_method] => 1
    [reference_number] => 123456987
)

[07-Jun-2025 12:10:01 Asia/Manila] FILES array: Array
(
    [proof_file] => Array
        (
            [name] => IMG_2878.jpeg
            [full_path] => IMG_2878.jpeg
            [type] => image/jpeg
            [tmp_name] => C:\xampp\tmp\php4FC5.tmp
            [error] => 0
            [size] => 9392894
        )

)

[07-Jun-2025 12:10:13 Asia/Manila] getUserRequests called with userId: 1
[07-Jun-2025 12:10:13 Asia/Manila] verifyToken called with requiredRole: null
[07-Jun-2025 12:10:13 Asia/Manila] Authorization header present: yes (Bearer eyJ0eXAi...)
[07-Jun-2025 12:10:13 Asia/Manila] JWT token for verification (length: 198): eyJ0eXAiOiJKV1QiLCJh...
[07-Jun-2025 12:10:13 Asia/Manila] Token payload decoded successfully. User ID: 1, Type: admin
[07-Jun-2025 12:10:13 Asia/Manila] Token user_id: 1, type: integer
[07-Jun-2025 12:10:13 Asia/Manila] Requested user_id: 1, type: integer
[07-Jun-2025 12:10:13 Asia/Manila] Found 3 requests for user 1
[07-Jun-2025 12:10:13 Asia/Manila] getUserRequests called with userId: 1
[07-Jun-2025 12:10:13 Asia/Manila] verifyToken called with requiredRole: null
[07-Jun-2025 12:10:13 Asia/Manila] Authorization header present: yes (Bearer eyJ0eXAi...)
[07-Jun-2025 12:10:13 Asia/Manila] JWT token for verification (length: 198): eyJ0eXAiOiJKV1QiLCJh...
[07-Jun-2025 12:10:13 Asia/Manila] Token payload decoded successfully. User ID: 1, Type: admin
[07-Jun-2025 12:10:13 Asia/Manila] Token user_id: 1, type: integer
[07-Jun-2025 12:10:13 Asia/Manila] Requested user_id: 1, type: integer
[07-Jun-2025 12:10:13 Asia/Manila] Found 3 requests for user 1
[07-Jun-2025 12:10:17 Asia/Manila] [2025-06-07 12:10:17] Fetching request ID: 82 from action: view/82
[07-Jun-2025 12:10:17 Asia/Manila] verifyToken called with requiredRole: null
[07-Jun-2025 12:10:17 Asia/Manila] Authorization header present: yes (Bearer eyJ0eXAi...)
[07-Jun-2025 12:10:17 Asia/Manila] JWT token for verification (length: 198): eyJ0eXAiOiJKV1QiLCJh...
[07-Jun-2025 12:10:17 Asia/Manila] Token payload decoded successfully. User ID: 1, Type: admin
[07-Jun-2025 12:10:23 Asia/Manila] [2025-06-07 12:10:23] Fetching request ID: 82 from action: view/82
[07-Jun-2025 12:10:23 Asia/Manila] verifyToken called with requiredRole: null
[07-Jun-2025 12:10:23 Asia/Manila] Authorization header present: yes (Bearer eyJ0eXAi...)
[07-Jun-2025 12:10:23 Asia/Manila] JWT token for verification (length: 198): eyJ0eXAiOiJKV1QiLCJh...
[07-Jun-2025 12:10:23 Asia/Manila] Token payload decoded successfully. User ID: 1, Type: admin
[07-Jun-2025 12:10:23 Asia/Manila] [2025-06-07 12:10:23] Fetching request ID: 82 from action: view/82
[07-Jun-2025 12:10:23 Asia/Manila] verifyToken called with requiredRole: null
[07-Jun-2025 12:10:23 Asia/Manila] Authorization header present: yes (Bearer eyJ0eXAi...)
[07-Jun-2025 12:10:23 Asia/Manila] JWT token for verification (length: 198): eyJ0eXAiOiJKV1QiLCJh...
[07-Jun-2025 12:10:23 Asia/Manila] Token payload decoded successfully. User ID: 1, Type: admin
[07-Jun-2025 12:10:31 Asia/Manila] uploadPaymentProof called with POST: Array
(
    [request_id] => 82
    [paid_amount] => 720.00
    [payment_method] => linkbiz
    [reference_number] => 111222333
)

[07-Jun-2025 12:10:31 Asia/Manila] FILES array: Array
(
    [proof_file] => Array
        (
            [name] => IMG_2878.jpeg
            [full_path] => IMG_2878.jpeg
            [type] => image/jpeg
            [tmp_name] => C:\xampp\tmp\phpC60F.tmp
            [error] => 0
            [size] => 9392894
        )

)

[07-Jun-2025 12:10:37 Asia/Manila] uploadPaymentProof called with POST: Array
(
    [request_id] => 82
    [paid_amount] => 720.00
    [payment_method] => linkbiz
    [reference_number] => 111222333
)

[07-Jun-2025 12:10:37 Asia/Manila] FILES array: Array
(
    [proof_file] => Array
        (
            [name] => Jon_ID.jpg
            [full_path] => Jon_ID.jpg
            [type] => image/jpeg
            [tmp_name] => C:\xampp\tmp\phpDEE7.tmp
            [error] => 0
            [size] => 182323
        )

)

[07-Jun-2025 12:10:38 Asia/Manila] Using fallback payment method ID: 1 for method: linkbiz
[07-Jun-2025 12:10:39 Asia/Manila] getUserRequests called with userId: 1
[07-Jun-2025 12:10:39 Asia/Manila] verifyToken called with requiredRole: null
[07-Jun-2025 12:10:39 Asia/Manila] Authorization header present: yes (Bearer eyJ0eXAi...)
[07-Jun-2025 12:10:39 Asia/Manila] JWT token for verification (length: 198): eyJ0eXAiOiJKV1QiLCJh...
[07-Jun-2025 12:10:39 Asia/Manila] Token payload decoded successfully. User ID: 1, Type: admin
[07-Jun-2025 12:10:39 Asia/Manila] Token user_id: 1, type: integer
[07-Jun-2025 12:10:39 Asia/Manila] Requested user_id: 1, type: integer
[07-Jun-2025 12:10:39 Asia/Manila] Found 3 requests for user 1
[07-Jun-2025 12:10:41 Asia/Manila] [2025-06-07 12:10:41] getAllPayments called by user_id: 1
[07-Jun-2025 12:10:41 Asia/Manila] [2025-06-07 12:10:41] Running query: SELECT t.*,
                pm.method_name, 
                r.user_id, r.transaction_code,
                u.username, u.email,
                rs.status_name
                FROM transactions t
                LEFT JOIN payment_methods pm ON t.payment_method_id = pm.payment_method_id
                LEFT JOIN requests r ON t.request_id = r.request_id
                LEFT JOIN users u ON r.user_id = u.user_id
                LEFT JOIN request_statuses rs ON t.status_id = rs.status_id
                ORDER BY t.payment_date DESC
                LIMIT :offset, :per_page
[07-Jun-2025 12:10:41 Asia/Manila] [2025-06-07 12:10:41] Found 5 transactions
[07-Jun-2025 12:10:54 Asia/Manila] [2025-06-07 12:10:54] Fetching transaction ID: 38 from action: view
[07-Jun-2025 12:10:54 Asia/Manila] [2025-06-07 12:10:54] getTransactionById called with ID: 38
[07-Jun-2025 12:10:54 Asia/Manila] [2025-06-07 12:10:54] User verified: user_id=1, user_type=admin
[07-Jun-2025 12:10:54 Asia/Manila] [2025-06-07 12:10:54] Executing query for transaction_id: 38
[07-Jun-2025 12:10:54 Asia/Manila] [2025-06-07 12:10:54] Found transaction: 38, request_id: 82, user_id: 1
[07-Jun-2025 12:10:54 Asia/Manila] [2025-06-07 12:10:54] Fetching request ID: 82 from action: view
[07-Jun-2025 12:10:54 Asia/Manila] verifyToken called with requiredRole: null
[07-Jun-2025 12:10:54 Asia/Manila] Authorization header present: yes (Bearer eyJ0eXAi...)
[07-Jun-2025 12:10:54 Asia/Manila] JWT token for verification (length: 198): eyJ0eXAiOiJKV1QiLCJh...
[07-Jun-2025 12:10:54 Asia/Manila] Token payload decoded successfully. User ID: 1, Type: admin
[07-Jun-2025 12:11:01 Asia/Manila] PHP Warning:  Constant DB_HOST already defined in C:\xampp\htdocs\WebGNIS Files\config.php on line 10
[07-Jun-2025 12:11:01 Asia/Manila] PHP Warning:  Constant DB_USER already defined in C:\xampp\htdocs\WebGNIS Files\config.php on line 11
[07-Jun-2025 12:11:01 Asia/Manila] PHP Warning:  Constant DB_PASS already defined in C:\xampp\htdocs\WebGNIS Files\config.php on line 12
[07-Jun-2025 12:11:01 Asia/Manila] PHP Warning:  Constant DB_NAME already defined in C:\xampp\htdocs\WebGNIS Files\config.php on line 13
[07-Jun-2025 12:11:01 Asia/Manila] PHP Warning:  Constant DB_CHARSET already defined in C:\xampp\htdocs\WebGNIS Files\config.php on line 14
[07-Jun-2025 12:11:01 Asia/Manila] [CONFIG] Database connection successful
[07-Jun-2025 12:11:01 Asia/Manila] PHP Warning:  Constant JWT_SECRET already defined in C:\xampp\htdocs\WebGNIS Files\config.php on line 90
[07-Jun-2025 12:11:01 Asia/Manila] PHP Warning:  Constant TOKEN_EXPIRY already defined in C:\xampp\htdocs\WebGNIS Files\config.php on line 91
[07-Jun-2025 12:11:01 Asia/Manila] [2025-06-07 12:11:01] Updating transaction ID: 38 with data: Array
(
    [status] => approved
    [verified] => 1
    [verified_by] => 1
    [verified_date] => 2025-06-07 04:11:01
)

[07-Jun-2025 12:11:01 Asia/Manila] [DEBUG] Initial qrOutputDir path defined as: C:\xampp\htdocs\WebGNIS Files/assets/qrcodes/
[07-Jun-2025 12:11:01 Asia/Manila] [DEBUG] qrOutputDir ('C:\xampp\htdocs\WebGNIS Files/assets/qrcodes/') already exists.
[07-Jun-2025 12:11:01 Asia/Manila] [DEBUG] qrOutputDir ('C:\xampp\htdocs\WebGNIS Files/assets/qrcodes/') is writable.
[07-Jun-2025 12:11:02 Asia/Manila] PHP Warning:  Undefined array key "ApprovedBy" in C:\xampp\htdocs\WebGNIS Files\certificate_generator.php on line 374
[07-Jun-2025 12:11:02 Asia/Manila] PHP Deprecated:  Function utf8_decode() is deprecated in C:\xampp\htdocs\WebGNIS Files\certificate_generator.php on line 374
[07-Jun-2025 12:11:02 Asia/Manila] PHP Deprecated:  utf8_decode(): Passing null to parameter #1 ($string) of type string is deprecated in C:\xampp\htdocs\WebGNIS Files\certificate_generator.php on line 374
[07-Jun-2025 12:11:02 Asia/Manila] PHP Deprecated:  Function utf8_decode() is deprecated in C:\xampp\htdocs\WebGNIS Files\certificate_generator.php on line 395
[07-Jun-2025 12:11:02 Asia/Manila] PHP Deprecated:  Function utf8_decode() is deprecated in C:\xampp\htdocs\WebGNIS Files\certificate_generator.php on line 400
[07-Jun-2025 12:11:02 Asia/Manila] PHP Deprecated:  Function utf8_decode() is deprecated in C:\xampp\htdocs\WebGNIS Files\certificate_generator.php on line 434
[07-Jun-2025 12:11:02 Asia/Manila] PHP Deprecated:  Function utf8_decode() is deprecated in C:\xampp\htdocs\WebGNIS Files\certificate_generator.php on line 439
[07-Jun-2025 12:11:02 Asia/Manila] [INFO] Certificate generated successfully for transaction: CSUMGB-20250607-1-001 at C:\xampp\htdocs\WebGNIS Files/assets/preprocessed_certs/CSUMGB-20250607-1-001.pdf. Filename: CSUMGB-20250607-1-001.pdf
[07-Jun-2025 12:11:02 Asia/Manila] [INFO] Certificate record INSERTED for transaction_code CSUMGB-20250607-1-001 with filename CSUMGB-20250607-1-001.pdf
[07-Jun-2025 06:11:02 Europe/Berlin] PHP Warning:  Constant DB_HOST already defined in C:\xampp\htdocs\WebGNIS Files\config.php on line 10
[07-Jun-2025 06:11:02 Europe/Berlin] PHP Warning:  Constant DB_USER already defined in C:\xampp\htdocs\WebGNIS Files\config.php on line 11
[07-Jun-2025 06:11:02 Europe/Berlin] PHP Warning:  Constant DB_PASS already defined in C:\xampp\htdocs\WebGNIS Files\config.php on line 12
[07-Jun-2025 06:11:02 Europe/Berlin] PHP Warning:  Constant DB_NAME already defined in C:\xampp\htdocs\WebGNIS Files\config.php on line 13
[07-Jun-2025 06:11:02 Europe/Berlin] PHP Warning:  Constant DB_CHARSET already defined in C:\xampp\htdocs\WebGNIS Files\config.php on line 14
[07-Jun-2025 06:11:02 Europe/Berlin] [CONFIG] Database connection successful
[07-Jun-2025 12:11:02 Asia/Manila] PHP Warning:  Constant JWT_SECRET already defined in C:\xampp\htdocs\WebGNIS Files\config.php on line 90
[07-Jun-2025 12:11:02 Asia/Manila] PHP Warning:  Constant TOKEN_EXPIRY already defined in C:\xampp\htdocs\WebGNIS Files\config.php on line 91
[07-Jun-2025 12:11:02 Asia/Manila] [DEBUG] Initial qrOutputDir path defined as: C:\xampp\htdocs\WebGNIS Files/assets/qrcodes/
[07-Jun-2025 12:11:02 Asia/Manila] [DEBUG] qrOutputDir ('C:\xampp\htdocs\WebGNIS Files/assets/qrcodes/') already exists.
[07-Jun-2025 12:11:02 Asia/Manila] [DEBUG] qrOutputDir ('C:\xampp\htdocs\WebGNIS Files/assets/qrcodes/') is writable.
[07-Jun-2025 12:11:02 Asia/Manila] PHP Warning:  Undefined array key "ApprovedBy" in C:\xampp\htdocs\WebGNIS Files\certificate_generator.php on line 374
[07-Jun-2025 12:11:02 Asia/Manila] PHP Deprecated:  Function utf8_decode() is deprecated in C:\xampp\htdocs\WebGNIS Files\certificate_generator.php on line 374
[07-Jun-2025 12:11:02 Asia/Manila] PHP Deprecated:  utf8_decode(): Passing null to parameter #1 ($string) of type string is deprecated in C:\xampp\htdocs\WebGNIS Files\certificate_generator.php on line 374
[07-Jun-2025 12:11:02 Asia/Manila] PHP Deprecated:  Function utf8_decode() is deprecated in C:\xampp\htdocs\WebGNIS Files\certificate_generator.php on line 395
[07-Jun-2025 12:11:02 Asia/Manila] PHP Deprecated:  Function utf8_decode() is deprecated in C:\xampp\htdocs\WebGNIS Files\certificate_generator.php on line 400
[07-Jun-2025 12:11:02 Asia/Manila] PHP Deprecated:  Function utf8_decode() is deprecated in C:\xampp\htdocs\WebGNIS Files\certificate_generator.php on line 434
[07-Jun-2025 12:11:02 Asia/Manila] PHP Deprecated:  Function utf8_decode() is deprecated in C:\xampp\htdocs\WebGNIS Files\certificate_generator.php on line 439
[07-Jun-2025 12:11:02 Asia/Manila] [2025-06-07 12:11:02] getAllPayments called by user_id: 1
[07-Jun-2025 12:11:02 Asia/Manila] [2025-06-07 12:11:02] Running query: SELECT t.*,
                pm.method_name, 
                r.user_id, r.transaction_code,
                u.username, u.email,
                rs.status_name
                FROM transactions t
                LEFT JOIN payment_methods pm ON t.payment_method_id = pm.payment_method_id
                LEFT JOIN requests r ON t.request_id = r.request_id
                LEFT JOIN users u ON r.user_id = u.user_id
                LEFT JOIN request_statuses rs ON t.status_id = rs.status_id
                ORDER BY t.payment_date DESC
                LIMIT :offset, :per_page
[07-Jun-2025 12:11:02 Asia/Manila] [2025-06-07 12:11:02] Found 5 transactions
[07-Jun-2025 12:11:04 Asia/Manila] getUserRequests called with userId: 1
[07-Jun-2025 12:11:04 Asia/Manila] verifyToken called with requiredRole: null
[07-Jun-2025 12:11:04 Asia/Manila] Authorization header present: yes (Bearer eyJ0eXAi...)
[07-Jun-2025 12:11:04 Asia/Manila] JWT token for verification (length: 198): eyJ0eXAiOiJKV1QiLCJh...
[07-Jun-2025 12:11:04 Asia/Manila] Token payload decoded successfully. User ID: 1, Type: admin
[07-Jun-2025 12:11:04 Asia/Manila] Token user_id: 1, type: integer
[07-Jun-2025 12:11:04 Asia/Manila] Requested user_id: 1, type: integer
[07-Jun-2025 12:11:04 Asia/Manila] Found 3 requests for user 1
[07-Jun-2025 12:11:04 Asia/Manila] getUserRequests called with userId: 1
[07-Jun-2025 12:11:04 Asia/Manila] verifyToken called with requiredRole: null
[07-Jun-2025 12:11:04 Asia/Manila] Authorization header present: yes (Bearer eyJ0eXAi...)
[07-Jun-2025 12:11:04 Asia/Manila] JWT token for verification (length: 198): eyJ0eXAiOiJKV1QiLCJh...
[07-Jun-2025 12:11:04 Asia/Manila] Token payload decoded successfully. User ID: 1, Type: admin
[07-Jun-2025 12:11:04 Asia/Manila] Token user_id: 1, type: integer
[07-Jun-2025 12:11:04 Asia/Manila] Requested user_id: 1, type: integer
[07-Jun-2025 12:11:04 Asia/Manila] Found 3 requests for user 1
[07-Jun-2025 12:11:08 Asia/Manila] [2025-06-07 12:11:08] getAllPayments called by user_id: 1
[07-Jun-2025 12:11:08 Asia/Manila] [2025-06-07 12:11:08] Running query: SELECT t.*,
                pm.method_name, 
                r.user_id, r.transaction_code,
                u.username, u.email,
                rs.status_name
                FROM transactions t
                LEFT JOIN payment_methods pm ON t.payment_method_id = pm.payment_method_id
                LEFT JOIN requests r ON t.request_id = r.request_id
                LEFT JOIN users u ON r.user_id = u.user_id
                LEFT JOIN request_statuses rs ON t.status_id = rs.status_id
                ORDER BY t.payment_date DESC
                LIMIT :offset, :per_page
[07-Jun-2025 12:11:08 Asia/Manila] [2025-06-07 12:11:08] Found 5 transactions
[07-Jun-2025 06:11:15 Europe/Berlin] PHP Warning:  Constant DB_HOST already defined in C:\xampp\htdocs\WebGNIS Files\config.php on line 10
[07-Jun-2025 06:11:15 Europe/Berlin] PHP Warning:  Constant DB_USER already defined in C:\xampp\htdocs\WebGNIS Files\config.php on line 11
[07-Jun-2025 06:11:15 Europe/Berlin] PHP Warning:  Constant DB_PASS already defined in C:\xampp\htdocs\WebGNIS Files\config.php on line 12
[07-Jun-2025 06:11:15 Europe/Berlin] PHP Warning:  Constant DB_NAME already defined in C:\xampp\htdocs\WebGNIS Files\config.php on line 13
[07-Jun-2025 06:11:15 Europe/Berlin] PHP Warning:  Constant DB_CHARSET already defined in C:\xampp\htdocs\WebGNIS Files\config.php on line 14
[07-Jun-2025 06:11:15 Europe/Berlin] [CONFIG] Database connection successful
[07-Jun-2025 12:11:15 Asia/Manila] PHP Warning:  Constant JWT_SECRET already defined in C:\xampp\htdocs\WebGNIS Files\config.php on line 90
[07-Jun-2025 12:11:15 Asia/Manila] PHP Warning:  Constant TOKEN_EXPIRY already defined in C:\xampp\htdocs\WebGNIS Files\config.php on line 91
[07-Jun-2025 12:11:27 Asia/Manila] getUserRequests called with userId: 1
[07-Jun-2025 12:11:27 Asia/Manila] verifyToken called with requiredRole: null
[07-Jun-2025 12:11:27 Asia/Manila] Authorization header present: yes (Bearer eyJ0eXAi...)
[07-Jun-2025 12:11:27 Asia/Manila] JWT token for verification (length: 198): eyJ0eXAiOiJKV1QiLCJh...
[07-Jun-2025 12:11:27 Asia/Manila] Token payload decoded successfully. User ID: 1, Type: admin
[07-Jun-2025 12:11:27 Asia/Manila] Token user_id: 1, type: integer
[07-Jun-2025 12:11:27 Asia/Manila] Requested user_id: 1, type: integer
[07-Jun-2025 12:11:27 Asia/Manila] Found 3 requests for user 1
[07-Jun-2025 12:11:28 Asia/Manila] getUserRequests called with userId: 1
[07-Jun-2025 12:11:28 Asia/Manila] verifyToken called with requiredRole: null
[07-Jun-2025 12:11:28 Asia/Manila] Authorization header present: yes (Bearer eyJ0eXAi...)
[07-Jun-2025 12:11:28 Asia/Manila] JWT token for verification (length: 198): eyJ0eXAiOiJKV1QiLCJh...
[07-Jun-2025 12:11:28 Asia/Manila] Token payload decoded successfully. User ID: 1, Type: admin
[07-Jun-2025 12:11:28 Asia/Manila] Token user_id: 1, type: integer
[07-Jun-2025 12:11:28 Asia/Manila] Requested user_id: 1, type: integer
[07-Jun-2025 12:11:28 Asia/Manila] Found 3 requests for user 1
[07-Jun-2025 12:11:31 Asia/Manila] [2025-06-07 12:11:31] Fetching request ID: 82 from action: view/82
[07-Jun-2025 12:11:31 Asia/Manila] verifyToken called with requiredRole: null
[07-Jun-2025 12:11:31 Asia/Manila] Authorization header present: yes (Bearer eyJ0eXAi...)
[07-Jun-2025 12:11:31 Asia/Manila] JWT token for verification (length: 198): eyJ0eXAiOiJKV1QiLCJh...
[07-Jun-2025 12:11:31 Asia/Manila] Token payload decoded successfully. User ID: 1, Type: admin
[07-Jun-2025 06:11:34 Europe/Berlin] PHP Warning:  Constant DB_HOST already defined in C:\xampp\htdocs\WebGNIS Files\config.php on line 10
[07-Jun-2025 06:11:34 Europe/Berlin] PHP Warning:  Constant DB_USER already defined in C:\xampp\htdocs\WebGNIS Files\config.php on line 11
[07-Jun-2025 06:11:34 Europe/Berlin] PHP Warning:  Constant DB_PASS already defined in C:\xampp\htdocs\WebGNIS Files\config.php on line 12
[07-Jun-2025 06:11:34 Europe/Berlin] PHP Warning:  Constant DB_NAME already defined in C:\xampp\htdocs\WebGNIS Files\config.php on line 13
[07-Jun-2025 06:11:34 Europe/Berlin] PHP Warning:  Constant DB_CHARSET already defined in C:\xampp\htdocs\WebGNIS Files\config.php on line 14
[07-Jun-2025 06:11:34 Europe/Berlin] [CONFIG] Database connection successful
[07-Jun-2025 12:11:34 Asia/Manila] PHP Warning:  Constant JWT_SECRET already defined in C:\xampp\htdocs\WebGNIS Files\config.php on line 90
[07-Jun-2025 12:11:34 Asia/Manila] PHP Warning:  Constant TOKEN_EXPIRY already defined in C:\xampp\htdocs\WebGNIS Files\config.php on line 91
[07-Jun-2025 06:11:44 Europe/Berlin] Verifying token: eyJ0eXAiOi...
[07-Jun-2025 06:11:44 Europe/Berlin] Token belongs to user_id: 1
[07-Jun-2025 06:11:44 Europe/Berlin] getCartItems raw fetched items: Array
(
)

[07-Jun-2025 12:11:44 Asia/Manila] API Request: /api/stations/horizontal
[07-Jun-2025 06:11:45 Europe/Berlin] Verifying token: eyJ0eXAiOi...
[07-Jun-2025 06:11:45 Europe/Berlin] Token belongs to user_id: 1
[07-Jun-2025 06:11:45 Europe/Berlin] getCartItems raw fetched items: Array
(
)

[07-Jun-2025 12:11:45 Asia/Manila] API Request: /api/stations/horizontal
[07-Jun-2025 06:11:46 Europe/Berlin] Verifying token: eyJ0eXAiOi...
[07-Jun-2025 06:11:46 Europe/Berlin] Token belongs to user_id: 1
[07-Jun-2025 06:11:46 Europe/Berlin] Starting cart sync for user_id: 1
[07-Jun-2025 06:11:46 Europe/Berlin] Syncing from guest session: guest_1748692627518_inawyi6651j to user: 1
[07-Jun-2025 06:11:46 Europe/Berlin] No guest cart found for session_id: guest_1748692627518_inawyi6651j
[07-Jun-2025 06:12:11 Europe/Berlin] Verifying token: eyJ0eXAiOi...
[07-Jun-2025 06:12:11 Europe/Berlin] Token belongs to user_id: 1
[07-Jun-2025 06:12:11 Europe/Berlin] getCartItems raw fetched items: Array
(
)

[07-Jun-2025 12:12:14 Asia/Manila] [2025-06-07 12:12:14] getAllPayments called by user_id: 1
[07-Jun-2025 12:12:14 Asia/Manila] [2025-06-07 12:12:14] Running query: SELECT t.*,
                pm.method_name, 
                r.user_id, r.transaction_code,
                u.username, u.email,
                rs.status_name
                FROM transactions t
                LEFT JOIN payment_methods pm ON t.payment_method_id = pm.payment_method_id
                LEFT JOIN requests r ON t.request_id = r.request_id
                LEFT JOIN users u ON r.user_id = u.user_id
                LEFT JOIN request_statuses rs ON t.status_id = rs.status_id
                ORDER BY t.payment_date DESC
                LIMIT :offset, :per_page
[07-Jun-2025 12:12:14 Asia/Manila] [2025-06-07 12:12:14] Found 5 transactions
[07-Jun-2025 06:12:24 Europe/Berlin] PHP Warning:  Constant DB_HOST already defined in C:\xampp\htdocs\WebGNIS Files\config.php on line 10
[07-Jun-2025 06:12:24 Europe/Berlin] PHP Warning:  Constant DB_USER already defined in C:\xampp\htdocs\WebGNIS Files\config.php on line 11
[07-Jun-2025 06:12:24 Europe/Berlin] PHP Warning:  Constant DB_PASS already defined in C:\xampp\htdocs\WebGNIS Files\config.php on line 12
[07-Jun-2025 06:12:24 Europe/Berlin] PHP Warning:  Constant DB_NAME already defined in C:\xampp\htdocs\WebGNIS Files\config.php on line 13
[07-Jun-2025 06:12:24 Europe/Berlin] PHP Warning:  Constant DB_CHARSET already defined in C:\xampp\htdocs\WebGNIS Files\config.php on line 14
[07-Jun-2025 06:12:24 Europe/Berlin] [CONFIG] Database connection successful
[07-Jun-2025 12:12:24 Asia/Manila] PHP Warning:  Constant JWT_SECRET already defined in C:\xampp\htdocs\WebGNIS Files\config.php on line 90
[07-Jun-2025 12:12:24 Asia/Manila] PHP Warning:  Constant TOKEN_EXPIRY already defined in C:\xampp\htdocs\WebGNIS Files\config.php on line 91
[07-Jun-2025 12:12:26 Asia/Manila] [2025-06-07 12:12:26] getAllPayments called by user_id: 1
[07-Jun-2025 12:12:26 Asia/Manila] [2025-06-07 12:12:26] Running query: SELECT t.*,
                pm.method_name, 
                r.user_id, r.transaction_code,
                u.username, u.email,
                rs.status_name
                FROM transactions t
                LEFT JOIN payment_methods pm ON t.payment_method_id = pm.payment_method_id
                LEFT JOIN requests r ON t.request_id = r.request_id
                LEFT JOIN users u ON r.user_id = u.user_id
                LEFT JOIN request_statuses rs ON t.status_id = rs.status_id
                ORDER BY t.payment_date DESC
                LIMIT :offset, :per_page
[07-Jun-2025 12:12:26 Asia/Manila] [2025-06-07 12:12:26] Found 5 transactions
[07-Jun-2025 12:12:30 Asia/Manila] getUserRequests called with userId: 1
[07-Jun-2025 12:12:30 Asia/Manila] verifyToken called with requiredRole: null
[07-Jun-2025 12:12:30 Asia/Manila] Authorization header present: yes (Bearer eyJ0eXAi...)
[07-Jun-2025 12:12:30 Asia/Manila] JWT token for verification (length: 198): eyJ0eXAiOiJKV1QiLCJh...
[07-Jun-2025 12:12:30 Asia/Manila] Token payload decoded successfully. User ID: 1, Type: admin
[07-Jun-2025 12:12:30 Asia/Manila] Token user_id: 1, type: integer
[07-Jun-2025 12:12:30 Asia/Manila] Requested user_id: 1, type: integer
[07-Jun-2025 12:12:31 Asia/Manila] Found 3 requests for user 1
[07-Jun-2025 12:12:31 Asia/Manila] getUserRequests called with userId: 1
[07-Jun-2025 12:12:31 Asia/Manila] verifyToken called with requiredRole: null
[07-Jun-2025 12:12:31 Asia/Manila] Authorization header present: yes (Bearer eyJ0eXAi...)
[07-Jun-2025 12:12:31 Asia/Manila] JWT token for verification (length: 198): eyJ0eXAiOiJKV1QiLCJh...
[07-Jun-2025 12:12:31 Asia/Manila] Token payload decoded successfully. User ID: 1, Type: admin
[07-Jun-2025 12:12:31 Asia/Manila] Token user_id: 1, type: integer
[07-Jun-2025 12:12:31 Asia/Manila] Requested user_id: 1, type: integer
[07-Jun-2025 12:12:31 Asia/Manila] Found 3 requests for user 1
[07-Jun-2025 12:12:33 Asia/Manila] getUserRequests called with userId: 1
[07-Jun-2025 12:12:33 Asia/Manila] verifyToken called with requiredRole: null
[07-Jun-2025 12:12:33 Asia/Manila] Authorization header present: yes (Bearer eyJ0eXAi...)
[07-Jun-2025 12:12:33 Asia/Manila] JWT token for verification (length: 198): eyJ0eXAiOiJKV1QiLCJh...
[07-Jun-2025 12:12:33 Asia/Manila] Token payload decoded successfully. User ID: 1, Type: admin
[07-Jun-2025 12:12:33 Asia/Manila] Token user_id: 1, type: integer
[07-Jun-2025 12:12:33 Asia/Manila] Requested user_id: 1, type: integer
[07-Jun-2025 12:12:33 Asia/Manila] Found 3 requests for user 1
[07-Jun-2025 12:12:33 Asia/Manila] getUserRequests called with userId: 1
[07-Jun-2025 12:12:33 Asia/Manila] verifyToken called with requiredRole: null
[07-Jun-2025 12:12:33 Asia/Manila] Authorization header present: yes (Bearer eyJ0eXAi...)
[07-Jun-2025 12:12:33 Asia/Manila] JWT token for verification (length: 198): eyJ0eXAiOiJKV1QiLCJh...
[07-Jun-2025 12:12:33 Asia/Manila] Token payload decoded successfully. User ID: 1, Type: admin
[07-Jun-2025 12:12:33 Asia/Manila] Token user_id: 1, type: integer
[07-Jun-2025 12:12:33 Asia/Manila] Requested user_id: 1, type: integer
[07-Jun-2025 12:12:33 Asia/Manila] Found 3 requests for user 1
[07-Jun-2025 06:12:35 Europe/Berlin] PHP Warning:  Constant DB_HOST already defined in C:\xampp\htdocs\WebGNIS Files\config.php on line 10
[07-Jun-2025 06:12:35 Europe/Berlin] PHP Warning:  Constant DB_USER already defined in C:\xampp\htdocs\WebGNIS Files\config.php on line 11
[07-Jun-2025 06:12:35 Europe/Berlin] PHP Warning:  Constant DB_PASS already defined in C:\xampp\htdocs\WebGNIS Files\config.php on line 12
[07-Jun-2025 06:12:35 Europe/Berlin] PHP Warning:  Constant DB_NAME already defined in C:\xampp\htdocs\WebGNIS Files\config.php on line 13
[07-Jun-2025 06:12:35 Europe/Berlin] PHP Warning:  Constant DB_CHARSET already defined in C:\xampp\htdocs\WebGNIS Files\config.php on line 14
[07-Jun-2025 06:12:35 Europe/Berlin] [CONFIG] Database connection successful
[07-Jun-2025 12:12:35 Asia/Manila] PHP Warning:  Constant JWT_SECRET already defined in C:\xampp\htdocs\WebGNIS Files\config.php on line 90
[07-Jun-2025 12:12:35 Asia/Manila] PHP Warning:  Constant TOKEN_EXPIRY already defined in C:\xampp\htdocs\WebGNIS Files\config.php on line 91
[07-Jun-2025 12:12:49 Asia/Manila] [2025-06-07 12:12:49] getAllPayments called by user_id: 1
[07-Jun-2025 12:12:49 Asia/Manila] [2025-06-07 12:12:49] Running query: SELECT t.*,
                pm.method_name, 
                r.user_id, r.transaction_code,
                u.username, u.email,
                rs.status_name
                FROM transactions t
                LEFT JOIN payment_methods pm ON t.payment_method_id = pm.payment_method_id
                LEFT JOIN requests r ON t.request_id = r.request_id
                LEFT JOIN users u ON r.user_id = u.user_id
                LEFT JOIN request_statuses rs ON t.status_id = rs.status_id
                ORDER BY t.payment_date DESC
                LIMIT :offset, :per_page
[07-Jun-2025 12:12:49 Asia/Manila] [2025-06-07 12:12:49] Found 5 transactions
[07-Jun-2025 06:12:54 Europe/Berlin] PHP Warning:  Constant DB_HOST already defined in C:\xampp\htdocs\WebGNIS Files\config.php on line 10
[07-Jun-2025 06:12:54 Europe/Berlin] PHP Warning:  Constant DB_USER already defined in C:\xampp\htdocs\WebGNIS Files\config.php on line 11
[07-Jun-2025 06:12:54 Europe/Berlin] PHP Warning:  Constant DB_PASS already defined in C:\xampp\htdocs\WebGNIS Files\config.php on line 12
[07-Jun-2025 06:12:54 Europe/Berlin] PHP Warning:  Constant DB_NAME already defined in C:\xampp\htdocs\WebGNIS Files\config.php on line 13
[07-Jun-2025 06:12:54 Europe/Berlin] PHP Warning:  Constant DB_CHARSET already defined in C:\xampp\htdocs\WebGNIS Files\config.php on line 14
[07-Jun-2025 06:12:54 Europe/Berlin] [CONFIG] Database connection successful
[07-Jun-2025 12:12:54 Asia/Manila] PHP Warning:  Constant JWT_SECRET already defined in C:\xampp\htdocs\WebGNIS Files\config.php on line 90
[07-Jun-2025 12:12:54 Asia/Manila] PHP Warning:  Constant TOKEN_EXPIRY already defined in C:\xampp\htdocs\WebGNIS Files\config.php on line 91
[07-Jun-2025 12:12:56 Asia/Manila] [2025-06-07 12:12:56] getAllPayments called by user_id: 1
[07-Jun-2025 12:12:56 Asia/Manila] [2025-06-07 12:12:56] Running query: SELECT t.*,
                pm.method_name, 
                r.user_id, r.transaction_code,
                u.username, u.email,
                rs.status_name
                FROM transactions t
                LEFT JOIN payment_methods pm ON t.payment_method_id = pm.payment_method_id
                LEFT JOIN requests r ON t.request_id = r.request_id
                LEFT JOIN users u ON r.user_id = u.user_id
                LEFT JOIN request_statuses rs ON t.status_id = rs.status_id
                ORDER BY t.payment_date DESC
                LIMIT :offset, :per_page
[07-Jun-2025 12:12:56 Asia/Manila] [2025-06-07 12:12:56] Found 5 transactions
[07-Jun-2025 12:12:57 Asia/Manila] getUserRequests called with userId: 1
[07-Jun-2025 12:12:57 Asia/Manila] verifyToken called with requiredRole: null
[07-Jun-2025 12:12:57 Asia/Manila] Authorization header present: yes (Bearer eyJ0eXAi...)
[07-Jun-2025 12:12:57 Asia/Manila] JWT token for verification (length: 198): eyJ0eXAiOiJKV1QiLCJh...
[07-Jun-2025 12:12:57 Asia/Manila] Token payload decoded successfully. User ID: 1, Type: admin
[07-Jun-2025 12:12:57 Asia/Manila] Token user_id: 1, type: integer
[07-Jun-2025 12:12:57 Asia/Manila] Requested user_id: 1, type: integer
[07-Jun-2025 12:12:57 Asia/Manila] Found 3 requests for user 1
[07-Jun-2025 12:12:57 Asia/Manila] getUserRequests called with userId: 1
[07-Jun-2025 12:12:57 Asia/Manila] verifyToken called with requiredRole: null
[07-Jun-2025 12:12:57 Asia/Manila] Authorization header present: yes (Bearer eyJ0eXAi...)
[07-Jun-2025 12:12:57 Asia/Manila] JWT token for verification (length: 198): eyJ0eXAiOiJKV1QiLCJh...
[07-Jun-2025 12:12:57 Asia/Manila] Token payload decoded successfully. User ID: 1, Type: admin
[07-Jun-2025 12:12:57 Asia/Manila] Token user_id: 1, type: integer
[07-Jun-2025 12:12:57 Asia/Manila] Requested user_id: 1, type: integer
[07-Jun-2025 12:12:57 Asia/Manila] Found 3 requests for user 1
[07-Jun-2025 06:13:00 Europe/Berlin] PHP Warning:  Constant DB_HOST already defined in C:\xampp\htdocs\WebGNIS Files\config.php on line 10
[07-Jun-2025 06:13:00 Europe/Berlin] PHP Warning:  Constant DB_USER already defined in C:\xampp\htdocs\WebGNIS Files\config.php on line 11
[07-Jun-2025 06:13:00 Europe/Berlin] PHP Warning:  Constant DB_PASS already defined in C:\xampp\htdocs\WebGNIS Files\config.php on line 12
[07-Jun-2025 06:13:00 Europe/Berlin] PHP Warning:  Constant DB_NAME already defined in C:\xampp\htdocs\WebGNIS Files\config.php on line 13
[07-Jun-2025 06:13:00 Europe/Berlin] PHP Warning:  Constant DB_CHARSET already defined in C:\xampp\htdocs\WebGNIS Files\config.php on line 14
[07-Jun-2025 06:13:00 Europe/Berlin] [CONFIG] Database connection successful
[07-Jun-2025 12:13:00 Asia/Manila] PHP Warning:  Constant JWT_SECRET already defined in C:\xampp\htdocs\WebGNIS Files\config.php on line 90
[07-Jun-2025 12:13:00 Asia/Manila] PHP Warning:  Constant TOKEN_EXPIRY already defined in C:\xampp\htdocs\WebGNIS Files\config.php on line 91
[07-Jun-2025 12:14:24 Asia/Manila] Admin API Request received: GET /api/admin/regions
[07-Jun-2025 12:14:24 Asia/Manila] Admin API Request received: GET /api/admin/stations/vertical
[07-Jun-2025 12:14:24 Asia/Manila] Query parameters: Array
(
)

[07-Jun-2025 12:14:24 Asia/Manila] Query parameters: Array
(
)

[07-Jun-2025 12:14:24 Asia/Manila] Admin: Fetching regions
[07-Jun-2025 12:14:24 Asia/Manila] Admin: Fetching stations for type: vertical
[07-Jun-2025 12:14:24 Asia/Manila] Admin API Request received: GET /api/admin/provinces
[07-Jun-2025 12:14:24 Asia/Manila] Query parameters: Array
(
)

[07-Jun-2025 12:14:24 Asia/Manila] Admin: Fetching provinces for region: 
[07-Jun-2025 12:14:24 Asia/Manila] Admin API Request received: GET /api/admin/regions
[07-Jun-2025 12:14:24 Asia/Manila] Query parameters: Array
(
)

[07-Jun-2025 12:14:24 Asia/Manila] Admin: Fetching regions
[07-Jun-2025 12:14:24 Asia/Manila] Admin API Request received: GET /api/admin/cities
[07-Jun-2025 12:14:24 Asia/Manila] Query parameters: Array
(
)

[07-Jun-2025 12:14:24 Asia/Manila] Admin: Fetching cities for province: 
[07-Jun-2025 12:14:24 Asia/Manila] Admin API Request received: GET /api/admin/provinces
[07-Jun-2025 12:14:24 Asia/Manila] Query parameters: Array
(
)

[07-Jun-2025 12:14:24 Asia/Manila] Admin: Fetching provinces for region: 
[07-Jun-2025 12:14:24 Asia/Manila] Admin API Request received: GET /api/admin/barangays
[07-Jun-2025 12:14:24 Asia/Manila] Query parameters: Array
(
)

[07-Jun-2025 12:14:24 Asia/Manila] Admin: Fetching barangays for city: 
[07-Jun-2025 12:14:24 Asia/Manila] Admin API Request received: GET /api/admin/cities
[07-Jun-2025 12:14:24 Asia/Manila] Query parameters: Array
(
)

[07-Jun-2025 12:14:24 Asia/Manila] Admin: Fetching cities for province: 
[07-Jun-2025 12:14:24 Asia/Manila] Admin API Request received: GET /api/admin/barangays
[07-Jun-2025 12:14:24 Asia/Manila] Query parameters: Array
(
)

[07-Jun-2025 12:14:24 Asia/Manila] Admin: Fetching barangays for city: 
[07-Jun-2025 12:14:40 Asia/Manila] Admin API Request received: GET /api/admin/barangays
[07-Jun-2025 12:14:40 Asia/Manila] Query parameters: Array
(
    [city] => QUEZON CITY
)

[07-Jun-2025 12:14:40 Asia/Manila] Admin: Fetching barangays for city: QUEZON CITY
[07-Jun-2025 12:14:40 Asia/Manila] Admin API Request received: GET /api/admin/provinces
[07-Jun-2025 12:14:40 Asia/Manila] Admin API Request received: GET /api/admin/cities
[07-Jun-2025 12:14:40 Asia/Manila] Query parameters: Array
(
    [region] => NCR
)

[07-Jun-2025 12:14:40 Asia/Manila] Query parameters: Array
(
    [province] => NCR - SECOND DISTRICT
)

[07-Jun-2025 12:14:40 Asia/Manila] Admin: Fetching provinces for region: NCR
[07-Jun-2025 12:14:40 Asia/Manila] Admin: Fetching cities for province: NCR - SECOND DISTRICT
[07-Jun-2025 12:15:16 Asia/Manila] Admin API Request received: GET /api/admin/stations/vertical
[07-Jun-2025 12:15:16 Asia/Manila] Query parameters: Array
(
)

[07-Jun-2025 12:15:16 Asia/Manila] Admin: Fetching stations for type: vertical
[07-Jun-2025 12:15:16 Asia/Manila] Admin API Request received: GET /api/admin/regions
[07-Jun-2025 12:15:16 Asia/Manila] Query parameters: Array
(
)

[07-Jun-2025 12:15:16 Asia/Manila] Admin: Fetching regions
[07-Jun-2025 12:15:16 Asia/Manila] Admin API Request received: GET /api/admin/provinces
[07-Jun-2025 12:15:16 Asia/Manila] Query parameters: Array
(
)

[07-Jun-2025 12:15:16 Asia/Manila] Admin: Fetching provinces for region: 
[07-Jun-2025 12:15:16 Asia/Manila] Admin API Request received: GET /api/admin/cities
[07-Jun-2025 12:15:16 Asia/Manila] Query parameters: Array
(
)

[07-Jun-2025 12:15:16 Asia/Manila] Admin: Fetching cities for province: 
[07-Jun-2025 12:15:16 Asia/Manila] Admin API Request received: GET /api/admin/regions
[07-Jun-2025 12:15:16 Asia/Manila] Query parameters: Array
(
)

[07-Jun-2025 12:15:16 Asia/Manila] Admin: Fetching regions
[07-Jun-2025 12:15:16 Asia/Manila] Admin API Request received: GET /api/admin/barangays
[07-Jun-2025 12:15:16 Asia/Manila] Query parameters: Array
(
)

[07-Jun-2025 12:15:16 Asia/Manila] Admin: Fetching barangays for city: 
[07-Jun-2025 12:15:16 Asia/Manila] Admin API Request received: GET /api/admin/provinces
[07-Jun-2025 12:15:16 Asia/Manila] Query parameters: Array
(
)

[07-Jun-2025 12:15:16 Asia/Manila] Admin: Fetching provinces for region: 
[07-Jun-2025 12:15:17 Asia/Manila] Admin API Request received: GET /api/admin/cities
[07-Jun-2025 12:15:17 Asia/Manila] Query parameters: Array
(
)

[07-Jun-2025 12:15:17 Asia/Manila] Admin: Fetching cities for province: 
[07-Jun-2025 12:15:17 Asia/Manila] Admin API Request received: GET /api/admin/barangays
[07-Jun-2025 12:15:17 Asia/Manila] Query parameters: Array
(
)

[07-Jun-2025 12:15:17 Asia/Manila] Admin: Fetching barangays for city: 
[07-Jun-2025 12:15:20 Asia/Manila] [2025-06-07 12:15:20] getAllPayments called by user_id: 1
[07-Jun-2025 12:15:20 Asia/Manila] [2025-06-07 12:15:20] Running query: SELECT t.*,
                pm.method_name, 
                r.user_id, r.transaction_code,
                u.username, u.email,
                rs.status_name
                FROM transactions t
                LEFT JOIN payment_methods pm ON t.payment_method_id = pm.payment_method_id
                LEFT JOIN requests r ON t.request_id = r.request_id
                LEFT JOIN users u ON r.user_id = u.user_id
                LEFT JOIN request_statuses rs ON t.status_id = rs.status_id
                ORDER BY t.payment_date DESC
                LIMIT :offset, :per_page
[07-Jun-2025 12:15:20 Asia/Manila] [2025-06-07 12:15:20] Found 5 transactions
[07-Jun-2025 12:15:29 Asia/Manila] getUserRequests called with userId: 1
[07-Jun-2025 12:15:29 Asia/Manila] verifyToken called with requiredRole: null
[07-Jun-2025 12:15:29 Asia/Manila] Authorization header present: yes (Bearer eyJ0eXAi...)
[07-Jun-2025 12:15:29 Asia/Manila] JWT token for verification (length: 198): eyJ0eXAiOiJKV1QiLCJh...
[07-Jun-2025 12:15:29 Asia/Manila] Token payload decoded successfully. User ID: 1, Type: admin
[07-Jun-2025 12:15:29 Asia/Manila] Token user_id: 1, type: integer
[07-Jun-2025 12:15:29 Asia/Manila] Requested user_id: 1, type: integer
[07-Jun-2025 12:15:29 Asia/Manila] Found 3 requests for user 1
[07-Jun-2025 12:15:29 Asia/Manila] getUserRequests called with userId: 1
[07-Jun-2025 12:15:29 Asia/Manila] verifyToken called with requiredRole: null
[07-Jun-2025 12:15:29 Asia/Manila] Authorization header present: yes (Bearer eyJ0eXAi...)
[07-Jun-2025 12:15:29 Asia/Manila] JWT token for verification (length: 198): eyJ0eXAiOiJKV1QiLCJh...
[07-Jun-2025 12:15:29 Asia/Manila] Token payload decoded successfully. User ID: 1, Type: admin
[07-Jun-2025 12:15:29 Asia/Manila] Token user_id: 1, type: integer
[07-Jun-2025 12:15:29 Asia/Manila] Requested user_id: 1, type: integer
[07-Jun-2025 12:15:29 Asia/Manila] Found 3 requests for user 1
[07-Jun-2025 06:15:32 Europe/Berlin] Verifying token: eyJ0eXAiOi...
[07-Jun-2025 06:15:32 Europe/Berlin] Token belongs to user_id: 1
[07-Jun-2025 06:15:32 Europe/Berlin] getCartItems raw fetched items: Array
(
)

[07-Jun-2025 12:15:32 Asia/Manila] API Request: /api/stations/horizontal
[07-Jun-2025 12:15:32 Asia/Manila] API Request: /api/stations/horizontal
[07-Jun-2025 06:15:33 Europe/Berlin] Verifying token: eyJ0eXAiOi...
[07-Jun-2025 06:15:33 Europe/Berlin] Token belongs to user_id: 1
[07-Jun-2025 06:15:33 Europe/Berlin] getCartItems raw fetched items: Array
(
)

[07-Jun-2025 06:15:44 Europe/Berlin] Verifying token: eyJ0eXAiOi...
[07-Jun-2025 06:15:44 Europe/Berlin] Token belongs to user_id: 1
[07-Jun-2025 06:15:44 Europe/Berlin] Starting cart sync for user_id: 1
[07-Jun-2025 06:15:44 Europe/Berlin] Syncing from guest session: guest_1748692627518_inawyi6651j to user: 1
[07-Jun-2025 06:15:44 Europe/Berlin] No guest cart found for session_id: guest_1748692627518_inawyi6651j
[07-Jun-2025 06:15:54 Europe/Berlin] Verifying token: eyJ0eXAiOi...
[07-Jun-2025 06:15:54 Europe/Berlin] Token belongs to user_id: 1
[07-Jun-2025 06:15:54 Europe/Berlin] getCartItems raw fetched items: Array
(
)

[07-Jun-2025 06:16:06 Europe/Berlin] addToCart received data: stdClass Object
(
    [station_id] => 3
    [station_type] => caap
    [station_name] => BM-66 (MMA) INTER 2014
    [session_id] => guest_1748692627518_inawyi6651j
)

[07-Jun-2025 06:16:06 Europe/Berlin] Verifying token: eyJ0eXAiOi...
[07-Jun-2025 06:16:06 Europe/Berlin] Token belongs to user_id: 1
[07-Jun-2025 06:16:06 Europe/Berlin] Getting cart for user_id: 1, session_id: guest_1748692627518_inawyi6651j
[07-Jun-2025 06:16:06 Europe/Berlin] Found existing user cart ID: 11
[07-Jun-2025 06:16:06 Europe/Berlin] Executing INSERT for cart_item with cart_id: 11, station_id: 3, station_name: BM-66 (MMA) INTER 2014, station_type: caap
[07-Jun-2025 12:16:26 Asia/Manila] verifyToken called with requiredRole: null
[07-Jun-2025 12:16:26 Asia/Manila] Authorization header present: yes (Bearer eyJ0eXAi...)
[07-Jun-2025 12:16:26 Asia/Manila] JWT token for verification (length: 198): eyJ0eXAiOiJKV1QiLCJh...
[07-Jun-2025 12:16:26 Asia/Manila] Token payload decoded successfully. User ID: 1, Type: admin
[07-Jun-2025 12:16:26 Asia/Manila] createRequest called with token user_id: 1 (type: integer)
[07-Jun-2025 12:16:26 Asia/Manila] Full token object: (object) array(
   'iat' => 1749269225,
   'exp' => 1749355625,
   'user_id' => 1,
   'username' => 'admin',
   'user_type' => 'admin',
)
[07-Jun-2025 12:16:26 Asia/Manila] Request data: stdClass Object
(
    [items] => Array
        (
            [0] => stdClass Object
                (
                    [station_id] => 3
                    [station_name] => BM-66 (MMA) INTER 2014
                    [station_type] => caap
                )

        )

    [clear_cart] => 1
)

[07-Jun-2025 12:16:26 Asia/Manila] Generated transaction code: CSUMGB-20250607-1-002 for user_id: 1
[07-Jun-2025 12:16:26 Asia/Manila] Inserted request with ID: 83, user_id: 1, transaction_code: CSUMGB-20250607-1-002
[07-Jun-2025 12:16:26 Asia/Manila] Verification of request record - user_id: 1, transaction_code: CSUMGB-20250607-1-002
[07-Jun-2025 12:16:26 Asia/Manila] [createRequest] Processing item: stdClass Object
(
    [station_id] => 3
    [station_name] => BM-66 (MMA) INTER 2014
    [station_type] => caap
)

[07-Jun-2025 12:16:26 Asia/Manila] [createRequest] DB Insert Values: ID='3', Name='BM-66 (MMA) INTER 2014', Type='caap', Price='720'
[07-Jun-2025 12:16:26 Asia/Manila] Attempting to clear cart items for user_id: 1 using query: DELETE FROM cart_items WHERE cart_id IN (SELECT cart_id FROM carts WHERE user_id = :user_id)
[07-Jun-2025 12:16:26 Asia/Manila] Cart items cleared for user_id: 1. Rows affected: 1
[07-Jun-2025 12:16:26 Asia/Manila] uploadPaymentProof called with POST: Array
(
    [request_id] => 83
    [paid_amount] => 720.00
    [payment_method] => 1
    [reference_number] => aaaaa
)

[07-Jun-2025 12:16:26 Asia/Manila] FILES array: Array
(
    [proof_file] => Array
        (
            [name] => Snapinst.app_482743283_18148652683374073_5114105607115373574_n_1080.jpg
            [full_path] => Snapinst.app_482743283_18148652683374073_5114105607115373574_n_1080.jpg
            [type] => image/jpeg
            [tmp_name] => C:\xampp\tmp\php30BB.tmp
            [error] => 0
            [size] => 85538
        )

)

[07-Jun-2025 12:16:28 Asia/Manila] getUserRequests called with userId: 1
[07-Jun-2025 12:16:28 Asia/Manila] verifyToken called with requiredRole: null
[07-Jun-2025 12:16:28 Asia/Manila] Authorization header present: yes (Bearer eyJ0eXAi...)
[07-Jun-2025 12:16:28 Asia/Manila] JWT token for verification (length: 198): eyJ0eXAiOiJKV1QiLCJh...
[07-Jun-2025 12:16:28 Asia/Manila] Token payload decoded successfully. User ID: 1, Type: admin
[07-Jun-2025 12:16:28 Asia/Manila] Token user_id: 1, type: integer
[07-Jun-2025 12:16:28 Asia/Manila] Requested user_id: 1, type: integer
[07-Jun-2025 12:16:28 Asia/Manila] Found 4 requests for user 1
[07-Jun-2025 12:16:28 Asia/Manila] getUserRequests called with userId: 1
[07-Jun-2025 12:16:28 Asia/Manila] verifyToken called with requiredRole: null
[07-Jun-2025 12:16:28 Asia/Manila] Authorization header present: yes (Bearer eyJ0eXAi...)
[07-Jun-2025 12:16:28 Asia/Manila] JWT token for verification (length: 198): eyJ0eXAiOiJKV1QiLCJh...
[07-Jun-2025 12:16:28 Asia/Manila] Token payload decoded successfully. User ID: 1, Type: admin
[07-Jun-2025 12:16:28 Asia/Manila] Token user_id: 1, type: integer
[07-Jun-2025 12:16:28 Asia/Manila] Requested user_id: 1, type: integer
[07-Jun-2025 12:16:28 Asia/Manila] Found 4 requests for user 1
[07-Jun-2025 12:16:29 Asia/Manila] Admin API Request received: GET /api/admin/regions
[07-Jun-2025 12:16:29 Asia/Manila] Admin API Request received: GET /api/admin/stations/vertical
[07-Jun-2025 12:16:29 Asia/Manila] Query parameters: Array
(
)

[07-Jun-2025 12:16:29 Asia/Manila] Query parameters: Array
(
)

[07-Jun-2025 12:16:29 Asia/Manila] Admin: Fetching regions
[07-Jun-2025 12:16:29 Asia/Manila] Admin: Fetching stations for type: vertical
[07-Jun-2025 12:16:29 Asia/Manila] Admin API Request received: GET /api/admin/provinces
[07-Jun-2025 12:16:29 Asia/Manila] Query parameters: Array
(
)

[07-Jun-2025 12:16:29 Asia/Manila] Admin: Fetching provinces for region: 
[07-Jun-2025 12:16:29 Asia/Manila] Admin API Request received: GET /api/admin/cities
[07-Jun-2025 12:16:29 Asia/Manila] Query parameters: Array
(
)

[07-Jun-2025 12:16:29 Asia/Manila] Admin: Fetching cities for province: 
[07-Jun-2025 12:16:29 Asia/Manila] Admin API Request received: GET /api/admin/barangays
[07-Jun-2025 12:16:29 Asia/Manila] Query parameters: Array
(
)

[07-Jun-2025 12:16:29 Asia/Manila] Admin: Fetching barangays for city: 
[07-Jun-2025 12:16:29 Asia/Manila] Admin API Request received: GET /api/admin/regions
[07-Jun-2025 12:16:29 Asia/Manila] Query parameters: Array
(
)

[07-Jun-2025 12:16:29 Asia/Manila] Admin: Fetching regions
[07-Jun-2025 12:16:29 Asia/Manila] Admin API Request received: GET /api/admin/provinces
[07-Jun-2025 12:16:29 Asia/Manila] Query parameters: Array
(
)

[07-Jun-2025 12:16:29 Asia/Manila] Admin: Fetching provinces for region: 
[07-Jun-2025 12:16:29 Asia/Manila] Admin API Request received: GET /api/admin/cities
[07-Jun-2025 12:16:29 Asia/Manila] Query parameters: Array
(
)

[07-Jun-2025 12:16:29 Asia/Manila] Admin: Fetching cities for province: 
[07-Jun-2025 12:16:29 Asia/Manila] Admin API Request received: GET /api/admin/barangays
[07-Jun-2025 12:16:29 Asia/Manila] Query parameters: Array
(
)

[07-Jun-2025 12:16:29 Asia/Manila] Admin: Fetching barangays for city: 
[07-Jun-2025 12:16:30 Asia/Manila] [2025-06-07 12:16:30] getAllPayments called by user_id: 1
[07-Jun-2025 12:16:30 Asia/Manila] [2025-06-07 12:16:30] Running query: SELECT t.*,
                pm.method_name, 
                r.user_id, r.transaction_code,
                u.username, u.email,
                rs.status_name
                FROM transactions t
                LEFT JOIN payment_methods pm ON t.payment_method_id = pm.payment_method_id
                LEFT JOIN requests r ON t.request_id = r.request_id
                LEFT JOIN users u ON r.user_id = u.user_id
                LEFT JOIN request_statuses rs ON t.status_id = rs.status_id
                ORDER BY t.payment_date DESC
                LIMIT :offset, :per_page
[07-Jun-2025 12:16:30 Asia/Manila] [2025-06-07 12:16:30] Found 6 transactions
[07-Jun-2025 12:16:32 Asia/Manila] getUserRequests called with userId: 1
[07-Jun-2025 12:16:32 Asia/Manila] verifyToken called with requiredRole: null
[07-Jun-2025 12:16:32 Asia/Manila] Authorization header present: yes (Bearer eyJ0eXAi...)
[07-Jun-2025 12:16:32 Asia/Manila] JWT token for verification (length: 198): eyJ0eXAiOiJKV1QiLCJh...
[07-Jun-2025 12:16:32 Asia/Manila] Token payload decoded successfully. User ID: 1, Type: admin
[07-Jun-2025 12:16:32 Asia/Manila] Token user_id: 1, type: integer
[07-Jun-2025 12:16:32 Asia/Manila] Requested user_id: 1, type: integer
[07-Jun-2025 12:16:33 Asia/Manila] Found 4 requests for user 1
[07-Jun-2025 12:16:33 Asia/Manila] getUserRequests called with userId: 1
[07-Jun-2025 12:16:33 Asia/Manila] verifyToken called with requiredRole: null
[07-Jun-2025 12:16:33 Asia/Manila] Authorization header present: yes (Bearer eyJ0eXAi...)
[07-Jun-2025 12:16:33 Asia/Manila] JWT token for verification (length: 198): eyJ0eXAiOiJKV1QiLCJh...
[07-Jun-2025 12:16:33 Asia/Manila] Token payload decoded successfully. User ID: 1, Type: admin
[07-Jun-2025 12:16:33 Asia/Manila] Token user_id: 1, type: integer
[07-Jun-2025 12:16:33 Asia/Manila] Requested user_id: 1, type: integer
[07-Jun-2025 12:16:33 Asia/Manila] Found 4 requests for user 1
[07-Jun-2025 12:16:38 Asia/Manila] [2025-06-07 12:16:38] getAllPayments called by user_id: 1
[07-Jun-2025 12:16:38 Asia/Manila] [2025-06-07 12:16:38] Running query: SELECT t.*,
                pm.method_name, 
                r.user_id, r.transaction_code,
                u.username, u.email,
                rs.status_name
                FROM transactions t
                LEFT JOIN payment_methods pm ON t.payment_method_id = pm.payment_method_id
                LEFT JOIN requests r ON t.request_id = r.request_id
                LEFT JOIN users u ON r.user_id = u.user_id
                LEFT JOIN request_statuses rs ON t.status_id = rs.status_id
                ORDER BY t.payment_date DESC
                LIMIT :offset, :per_page
[07-Jun-2025 12:16:38 Asia/Manila] [2025-06-07 12:16:38] Found 6 transactions
[07-Jun-2025 12:16:41 Asia/Manila] [2025-06-07 12:16:41] Fetching transaction ID: 39 from action: view
[07-Jun-2025 12:16:41 Asia/Manila] [2025-06-07 12:16:41] getTransactionById called with ID: 39
[07-Jun-2025 12:16:41 Asia/Manila] [2025-06-07 12:16:41] User verified: user_id=1, user_type=admin
[07-Jun-2025 12:16:41 Asia/Manila] [2025-06-07 12:16:41] Executing query for transaction_id: 39
[07-Jun-2025 12:16:41 Asia/Manila] [2025-06-07 12:16:41] Found transaction: 39, request_id: 83, user_id: 1
[07-Jun-2025 12:16:41 Asia/Manila] [2025-06-07 12:16:41] Fetching request ID: 83 from action: view
[07-Jun-2025 12:16:41 Asia/Manila] verifyToken called with requiredRole: null
[07-Jun-2025 12:16:41 Asia/Manila] Authorization header present: yes (Bearer eyJ0eXAi...)
[07-Jun-2025 12:16:41 Asia/Manila] JWT token for verification (length: 198): eyJ0eXAiOiJKV1QiLCJh...
[07-Jun-2025 12:16:41 Asia/Manila] Token payload decoded successfully. User ID: 1, Type: admin
[07-Jun-2025 12:16:45 Asia/Manila] PHP Warning:  Constant DB_HOST already defined in C:\xampp\htdocs\WebGNIS Files\config.php on line 10
[07-Jun-2025 12:16:45 Asia/Manila] PHP Warning:  Constant DB_USER already defined in C:\xampp\htdocs\WebGNIS Files\config.php on line 11
[07-Jun-2025 12:16:45 Asia/Manila] PHP Warning:  Constant DB_PASS already defined in C:\xampp\htdocs\WebGNIS Files\config.php on line 12
[07-Jun-2025 12:16:45 Asia/Manila] PHP Warning:  Constant DB_NAME already defined in C:\xampp\htdocs\WebGNIS Files\config.php on line 13
[07-Jun-2025 12:16:45 Asia/Manila] PHP Warning:  Constant DB_CHARSET already defined in C:\xampp\htdocs\WebGNIS Files\config.php on line 14
[07-Jun-2025 12:16:45 Asia/Manila] [CONFIG] Database connection successful
[07-Jun-2025 12:16:45 Asia/Manila] PHP Warning:  Constant JWT_SECRET already defined in C:\xampp\htdocs\WebGNIS Files\config.php on line 90
[07-Jun-2025 12:16:45 Asia/Manila] PHP Warning:  Constant TOKEN_EXPIRY already defined in C:\xampp\htdocs\WebGNIS Files\config.php on line 91
[07-Jun-2025 12:16:45 Asia/Manila] [2025-06-07 12:16:45] Updating transaction ID: 39 with data: Array
(
    [status] => not approved
    [verified] => 0
    [verified_by] => 1
    [verified_date] => 2025-06-07 04:16:45
    [remarks] => 
)

[07-Jun-2025 12:16:45 Asia/Manila] [2025-06-07 12:16:45] getAllPayments called by user_id: 1
[07-Jun-2025 12:16:45 Asia/Manila] [2025-06-07 12:16:45] Running query: SELECT t.*,
                pm.method_name, 
                r.user_id, r.transaction_code,
                u.username, u.email,
                rs.status_name
                FROM transactions t
                LEFT JOIN payment_methods pm ON t.payment_method_id = pm.payment_method_id
                LEFT JOIN requests r ON t.request_id = r.request_id
                LEFT JOIN users u ON r.user_id = u.user_id
                LEFT JOIN request_statuses rs ON t.status_id = rs.status_id
                ORDER BY t.payment_date DESC
                LIMIT :offset, :per_page
[07-Jun-2025 12:16:45 Asia/Manila] [2025-06-07 12:16:45] Found 6 transactions
[07-Jun-2025 12:16:49 Asia/Manila] getUserRequests called with userId: 1
[07-Jun-2025 12:16:49 Asia/Manila] verifyToken called with requiredRole: null
[07-Jun-2025 12:16:49 Asia/Manila] Authorization header present: yes (Bearer eyJ0eXAi...)
[07-Jun-2025 12:16:49 Asia/Manila] JWT token for verification (length: 198): eyJ0eXAiOiJKV1QiLCJh...
[07-Jun-2025 12:16:49 Asia/Manila] Token payload decoded successfully. User ID: 1, Type: admin
[07-Jun-2025 12:16:49 Asia/Manila] Token user_id: 1, type: integer
[07-Jun-2025 12:16:49 Asia/Manila] Requested user_id: 1, type: integer
[07-Jun-2025 12:16:49 Asia/Manila] Found 4 requests for user 1
[07-Jun-2025 12:16:49 Asia/Manila] getUserRequests called with userId: 1
[07-Jun-2025 12:16:49 Asia/Manila] verifyToken called with requiredRole: null
[07-Jun-2025 12:16:49 Asia/Manila] Authorization header present: yes (Bearer eyJ0eXAi...)
[07-Jun-2025 12:16:49 Asia/Manila] JWT token for verification (length: 198): eyJ0eXAiOiJKV1QiLCJh...
[07-Jun-2025 12:16:49 Asia/Manila] Token payload decoded successfully. User ID: 1, Type: admin
[07-Jun-2025 12:16:49 Asia/Manila] Token user_id: 1, type: integer
[07-Jun-2025 12:16:49 Asia/Manila] Requested user_id: 1, type: integer
[07-Jun-2025 12:16:49 Asia/Manila] Found 4 requests for user 1
[07-Jun-2025 12:16:51 Asia/Manila] [2025-06-07 12:16:51] Fetching request ID: 83 from action: view/83
[07-Jun-2025 12:16:51 Asia/Manila] verifyToken called with requiredRole: null
[07-Jun-2025 12:16:51 Asia/Manila] Authorization header present: yes (Bearer eyJ0eXAi...)
[07-Jun-2025 12:16:51 Asia/Manila] JWT token for verification (length: 198): eyJ0eXAiOiJKV1QiLCJh...
[07-Jun-2025 12:16:51 Asia/Manila] Token payload decoded successfully. User ID: 1, Type: admin
[07-Jun-2025 06:16:58 Europe/Berlin] Verifying token: eyJ0eXAiOi...
[07-Jun-2025 06:16:58 Europe/Berlin] Token belongs to user_id: 1
[07-Jun-2025 06:16:58 Europe/Berlin] getCartItems raw fetched items: Array
(
)

[07-Jun-2025 12:16:58 Asia/Manila] API Request: /api/stations/horizontal
[07-Jun-2025 12:16:58 Asia/Manila] API Request: /api/stations/horizontal
[07-Jun-2025 06:16:59 Europe/Berlin] Verifying token: eyJ0eXAiOi...
[07-Jun-2025 06:16:59 Europe/Berlin] Token belongs to user_id: 1
[07-Jun-2025 06:16:59 Europe/Berlin] getCartItems raw fetched items: Array
(
)

[07-Jun-2025 06:17:01 Europe/Berlin] Verifying token: eyJ0eXAiOi...
[07-Jun-2025 06:17:01 Europe/Berlin] Token belongs to user_id: 1
[07-Jun-2025 06:17:01 Europe/Berlin] Starting cart sync for user_id: 1
[07-Jun-2025 06:17:01 Europe/Berlin] Syncing from guest session: guest_1748692627518_inawyi6651j to user: 1
[07-Jun-2025 06:17:01 Europe/Berlin] No guest cart found for session_id: guest_1748692627518_inawyi6651j
[07-Jun-2025 06:17:02 Europe/Berlin] Verifying token: eyJ0eXAiOi...
[07-Jun-2025 06:17:02 Europe/Berlin] Token belongs to user_id: 1
[07-Jun-2025 06:17:02 Europe/Berlin] getCartItems raw fetched items: Array
(
)

[07-Jun-2025 12:17:28 Asia/Manila] API Request: /api/stations/vertical
[07-Jun-2025 12:17:40 Asia/Manila] [2025-06-07 12:17:40] getAllPayments called by user_id: 1
[07-Jun-2025 12:17:40 Asia/Manila] [2025-06-07 12:17:40] Running query: SELECT t.*,
                pm.method_name, 
                r.user_id, r.transaction_code,
                u.username, u.email,
                rs.status_name
                FROM transactions t
                LEFT JOIN payment_methods pm ON t.payment_method_id = pm.payment_method_id
                LEFT JOIN requests r ON t.request_id = r.request_id
                LEFT JOIN users u ON r.user_id = u.user_id
                LEFT JOIN request_statuses rs ON t.status_id = rs.status_id
                ORDER BY t.payment_date DESC
                LIMIT :offset, :per_page
[07-Jun-2025 12:17:40 Asia/Manila] [2025-06-07 12:17:40] Found 6 transactions
[07-Jun-2025 12:17:41 Asia/Manila] Admin API Request received: GET /api/admin/regions
[07-Jun-2025 12:17:41 Asia/Manila] Query parameters: Array
(
)

[07-Jun-2025 12:17:41 Asia/Manila] Admin: Fetching regions
[07-Jun-2025 12:17:41 Asia/Manila] Admin API Request received: GET /api/admin/provinces
[07-Jun-2025 12:17:41 Asia/Manila] Query parameters: Array
(
)

[07-Jun-2025 12:17:41 Asia/Manila] Admin: Fetching provinces for region: 
[07-Jun-2025 12:17:41 Asia/Manila] Admin API Request received: GET /api/admin/stations/vertical
[07-Jun-2025 12:17:41 Asia/Manila] Query parameters: Array
(
)

[07-Jun-2025 12:17:41 Asia/Manila] Admin: Fetching stations for type: vertical
[07-Jun-2025 12:17:41 Asia/Manila] Admin API Request received: GET /api/admin/cities
[07-Jun-2025 12:17:41 Asia/Manila] Query parameters: Array
(
)

[07-Jun-2025 12:17:41 Asia/Manila] Admin: Fetching cities for province: 
[07-Jun-2025 12:17:41 Asia/Manila] Admin API Request received: GET /api/admin/barangays
[07-Jun-2025 12:17:41 Asia/Manila] Query parameters: Array
(
)

[07-Jun-2025 12:17:41 Asia/Manila] Admin: Fetching barangays for city: 
[07-Jun-2025 12:17:41 Asia/Manila] Admin API Request received: GET /api/admin/regions
[07-Jun-2025 12:17:41 Asia/Manila] Query parameters: Array
(
)

[07-Jun-2025 12:17:41 Asia/Manila] Admin: Fetching regions
[07-Jun-2025 12:17:41 Asia/Manila] Admin API Request received: GET /api/admin/provinces
[07-Jun-2025 12:17:41 Asia/Manila] Query parameters: Array
(
)

[07-Jun-2025 12:17:41 Asia/Manila] Admin: Fetching provinces for region: 
[07-Jun-2025 12:17:41 Asia/Manila] Admin API Request received: GET /api/admin/cities
[07-Jun-2025 12:17:41 Asia/Manila] Query parameters: Array
(
)

[07-Jun-2025 12:17:41 Asia/Manila] Admin: Fetching cities for province: 
[07-Jun-2025 12:17:41 Asia/Manila] Admin API Request received: GET /api/admin/barangays
[07-Jun-2025 12:17:41 Asia/Manila] Query parameters: Array
(
)

[07-Jun-2025 12:17:41 Asia/Manila] Admin: Fetching barangays for city: 
[07-Jun-2025 12:17:43 Asia/Manila] Admin API Request received: GET /api/admin/provinces
[07-Jun-2025 12:17:43 Asia/Manila] Admin API Request received: GET /api/admin/barangays
[07-Jun-2025 12:17:43 Asia/Manila] Admin API Request received: GET /api/admin/cities
[07-Jun-2025 12:17:43 Asia/Manila] Query parameters: Array
(
    [region] => NCR
)

[07-Jun-2025 12:17:43 Asia/Manila] Query parameters: Array
(
    [city] => QUEZON CITY
)

[07-Jun-2025 12:17:43 Asia/Manila] Query parameters: Array
(
    [province] => NCR - SECOND DISTRICT
)

[07-Jun-2025 12:17:43 Asia/Manila] Admin: Fetching provinces for region: NCR
[07-Jun-2025 12:17:43 Asia/Manila] Admin: Fetching barangays for city: QUEZON CITY
[07-Jun-2025 12:17:43 Asia/Manila] Admin: Fetching cities for province: NCR - SECOND DISTRICT
[07-Jun-2025 12:18:20 Asia/Manila] [2025-06-07 12:18:20] getAllPayments called by user_id: 1
[07-Jun-2025 12:18:20 Asia/Manila] [2025-06-07 12:18:20] Running query: SELECT t.*,
                pm.method_name, 
                r.user_id, r.transaction_code,
                u.username, u.email,
                rs.status_name
                FROM transactions t
                LEFT JOIN payment_methods pm ON t.payment_method_id = pm.payment_method_id
                LEFT JOIN requests r ON t.request_id = r.request_id
                LEFT JOIN users u ON r.user_id = u.user_id
                LEFT JOIN request_statuses rs ON t.status_id = rs.status_id
                ORDER BY t.payment_date DESC
                LIMIT :offset, :per_page
[07-Jun-2025 12:18:20 Asia/Manila] [2025-06-07 12:18:20] Found 6 transactions
[07-Jun-2025 12:19:18 Asia/Manila] [2025-06-07 12:19:18] getAllPayments called by user_id: 1
[07-Jun-2025 12:19:18 Asia/Manila] [2025-06-07 12:19:18] Running query: SELECT t.*,
                pm.method_name, 
                r.user_id, r.transaction_code,
                u.username, u.email,
                rs.status_name
                FROM transactions t
                LEFT JOIN payment_methods pm ON t.payment_method_id = pm.payment_method_id
                LEFT JOIN requests r ON t.request_id = r.request_id
                LEFT JOIN users u ON r.user_id = u.user_id
                LEFT JOIN request_statuses rs ON t.status_id = rs.status_id
                ORDER BY t.payment_date DESC
                LIMIT :offset, :per_page
[07-Jun-2025 12:19:18 Asia/Manila] [2025-06-07 12:19:18] Found 6 transactions
[07-Jun-2025 12:19:19 Asia/Manila] Admin API Request received: GET /api/admin/stations/vertical
[07-Jun-2025 12:19:19 Asia/Manila] Query parameters: Array
(
)

[07-Jun-2025 12:19:19 Asia/Manila] Admin: Fetching stations for type: vertical
[07-Jun-2025 12:19:19 Asia/Manila] Admin API Request received: GET /api/admin/regions
[07-Jun-2025 12:19:19 Asia/Manila] Query parameters: Array
(
)

[07-Jun-2025 12:19:19 Asia/Manila] Admin: Fetching regions
[07-Jun-2025 12:19:19 Asia/Manila] Admin API Request received: GET /api/admin/provinces
[07-Jun-2025 12:19:19 Asia/Manila] Query parameters: Array
(
)

[07-Jun-2025 12:19:19 Asia/Manila] Admin: Fetching provinces for region: 
[07-Jun-2025 12:19:19 Asia/Manila] Admin API Request received: GET /api/admin/cities
[07-Jun-2025 12:19:19 Asia/Manila] Query parameters: Array
(
)

[07-Jun-2025 12:19:19 Asia/Manila] Admin: Fetching cities for province: 
[07-Jun-2025 12:19:19 Asia/Manila] Admin API Request received: GET /api/admin/barangays
[07-Jun-2025 12:19:19 Asia/Manila] Query parameters: Array
(
)

[07-Jun-2025 12:19:19 Asia/Manila] Admin: Fetching barangays for city: 
[07-Jun-2025 12:19:19 Asia/Manila] Admin API Request received: GET /api/admin/regions
[07-Jun-2025 12:19:19 Asia/Manila] Query parameters: Array
(
)

[07-Jun-2025 12:19:19 Asia/Manila] Admin: Fetching regions
[07-Jun-2025 12:19:20 Asia/Manila] Admin API Request received: GET /api/admin/provinces
[07-Jun-2025 12:19:20 Asia/Manila] Query parameters: Array
(
)

[07-Jun-2025 12:19:20 Asia/Manila] Admin: Fetching provinces for region: 
[07-Jun-2025 12:19:20 Asia/Manila] Admin API Request received: GET /api/admin/cities
[07-Jun-2025 12:19:20 Asia/Manila] Query parameters: Array
(
)

[07-Jun-2025 12:19:20 Asia/Manila] Admin: Fetching cities for province: 
[07-Jun-2025 12:19:20 Asia/Manila] Admin API Request received: GET /api/admin/barangays
[07-Jun-2025 12:19:20 Asia/Manila] Query parameters: Array
(
)

[07-Jun-2025 12:19:20 Asia/Manila] Admin: Fetching barangays for city: 
[07-Jun-2025 12:19:20 Asia/Manila] [2025-06-07 12:19:20] getAllPayments called by user_id: 1
[07-Jun-2025 12:19:20 Asia/Manila] [2025-06-07 12:19:20] Running query: SELECT t.*,
                pm.method_name, 
                r.user_id, r.transaction_code,
                u.username, u.email,
                rs.status_name
                FROM transactions t
                LEFT JOIN payment_methods pm ON t.payment_method_id = pm.payment_method_id
                LEFT JOIN requests r ON t.request_id = r.request_id
                LEFT JOIN users u ON r.user_id = u.user_id
                LEFT JOIN request_statuses rs ON t.status_id = rs.status_id
                ORDER BY t.payment_date DESC
                LIMIT :offset, :per_page
[07-Jun-2025 12:19:20 Asia/Manila] [2025-06-07 12:19:20] Found 6 transactions
[07-Jun-2025 12:19:22 Asia/Manila] [2025-06-07 12:19:22] getAllPayments called by user_id: 1
[07-Jun-2025 12:19:22 Asia/Manila] [2025-06-07 12:19:22] Running query: SELECT t.*,
                pm.method_name, 
                r.user_id, r.transaction_code,
                u.username, u.email,
                rs.status_name
                FROM transactions t
                LEFT JOIN payment_methods pm ON t.payment_method_id = pm.payment_method_id
                LEFT JOIN requests r ON t.request_id = r.request_id
                LEFT JOIN users u ON r.user_id = u.user_id
                LEFT JOIN request_statuses rs ON t.status_id = rs.status_id
                ORDER BY t.payment_date DESC
                LIMIT :offset, :per_page
[07-Jun-2025 12:19:22 Asia/Manila] [2025-06-07 12:19:22] Found 6 transactions
[07-Jun-2025 12:19:23 Asia/Manila] Admin API Request received: GET /api/admin/stations/vertical
[07-Jun-2025 12:19:23 Asia/Manila] Admin API Request received: GET /api/admin/regions
[07-Jun-2025 12:19:23 Asia/Manila] Query parameters: Array
(
)

[07-Jun-2025 12:19:23 Asia/Manila] Query parameters: Array
(
)

[07-Jun-2025 12:19:23 Asia/Manila] Admin: Fetching stations for type: vertical
[07-Jun-2025 12:19:23 Asia/Manila] Admin: Fetching regions
[07-Jun-2025 12:19:23 Asia/Manila] Admin API Request received: GET /api/admin/provinces
[07-Jun-2025 12:19:23 Asia/Manila] Query parameters: Array
(
)

[07-Jun-2025 12:19:23 Asia/Manila] Admin: Fetching provinces for region: 
[07-Jun-2025 12:19:23 Asia/Manila] Admin API Request received: GET /api/admin/cities
[07-Jun-2025 12:19:23 Asia/Manila] Query parameters: Array
(
)

[07-Jun-2025 12:19:23 Asia/Manila] Admin: Fetching cities for province: 
[07-Jun-2025 12:19:23 Asia/Manila] Admin API Request received: GET /api/admin/barangays
[07-Jun-2025 12:19:23 Asia/Manila] Query parameters: Array
(
)

[07-Jun-2025 12:19:23 Asia/Manila] Admin: Fetching barangays for city: 
[07-Jun-2025 12:19:23 Asia/Manila] Admin API Request received: GET /api/admin/regions
[07-Jun-2025 12:19:23 Asia/Manila] Query parameters: Array
(
)

[07-Jun-2025 12:19:23 Asia/Manila] Admin: Fetching regions
[07-Jun-2025 12:19:23 Asia/Manila] Admin API Request received: GET /api/admin/provinces
[07-Jun-2025 12:19:23 Asia/Manila] Query parameters: Array
(
)

[07-Jun-2025 12:19:23 Asia/Manila] Admin: Fetching provinces for region: 
[07-Jun-2025 12:19:23 Asia/Manila] Admin API Request received: GET /api/admin/cities
[07-Jun-2025 12:19:23 Asia/Manila] Query parameters: Array
(
)

[07-Jun-2025 12:19:23 Asia/Manila] Admin: Fetching cities for province: 
[07-Jun-2025 12:19:23 Asia/Manila] Admin API Request received: GET /api/admin/barangays
[07-Jun-2025 12:19:23 Asia/Manila] Query parameters: Array
(
)

[07-Jun-2025 12:19:23 Asia/Manila] Admin: Fetching barangays for city: 
[07-Jun-2025 12:19:29 Asia/Manila] getUserRequests called with userId: 1
[07-Jun-2025 12:19:29 Asia/Manila] verifyToken called with requiredRole: null
[07-Jun-2025 12:19:29 Asia/Manila] Authorization header present: yes (Bearer eyJ0eXAi...)
[07-Jun-2025 12:19:29 Asia/Manila] JWT token for verification (length: 198): eyJ0eXAiOiJKV1QiLCJh...
[07-Jun-2025 12:19:29 Asia/Manila] Token payload decoded successfully. User ID: 1, Type: admin
[07-Jun-2025 12:19:29 Asia/Manila] Token user_id: 1, type: integer
[07-Jun-2025 12:19:29 Asia/Manila] Requested user_id: 1, type: integer
[07-Jun-2025 12:19:29 Asia/Manila] Found 4 requests for user 1
[07-Jun-2025 12:19:29 Asia/Manila] getUserRequests called with userId: 1
[07-Jun-2025 12:19:29 Asia/Manila] verifyToken called with requiredRole: null
[07-Jun-2025 12:19:29 Asia/Manila] Authorization header present: yes (Bearer eyJ0eXAi...)
[07-Jun-2025 12:19:29 Asia/Manila] JWT token for verification (length: 198): eyJ0eXAiOiJKV1QiLCJh...
[07-Jun-2025 12:19:29 Asia/Manila] Token payload decoded successfully. User ID: 1, Type: admin
[07-Jun-2025 12:19:29 Asia/Manila] Token user_id: 1, type: integer
[07-Jun-2025 12:19:29 Asia/Manila] Requested user_id: 1, type: integer
[07-Jun-2025 12:19:29 Asia/Manila] Found 4 requests for user 1
[07-Jun-2025 06:19:30 Europe/Berlin] Verifying token: eyJ0eXAiOi...
[07-Jun-2025 06:19:30 Europe/Berlin] Token belongs to user_id: 1
[07-Jun-2025 06:19:30 Europe/Berlin] getCartItems raw fetched items: Array
(
)

[07-Jun-2025 12:19:30 Asia/Manila] API Request: /api/stations/horizontal
[07-Jun-2025 12:19:30 Asia/Manila] API Request: /api/stations/horizontal
[07-Jun-2025 06:19:31 Europe/Berlin] Verifying token: eyJ0eXAiOi...
[07-Jun-2025 06:19:31 Europe/Berlin] Token belongs to user_id: 1
[07-Jun-2025 06:19:31 Europe/Berlin] getCartItems raw fetched items: Array
(
)

[07-Jun-2025 12:19:33 Asia/Manila] getUserRequests called with userId: 1
[07-Jun-2025 12:19:33 Asia/Manila] verifyToken called with requiredRole: null
[07-Jun-2025 12:19:33 Asia/Manila] Authorization header present: yes (Bearer eyJ0eXAi...)
[07-Jun-2025 12:19:33 Asia/Manila] JWT token for verification (length: 198): eyJ0eXAiOiJKV1QiLCJh...
[07-Jun-2025 12:19:33 Asia/Manila] Token payload decoded successfully. User ID: 1, Type: admin
[07-Jun-2025 12:19:33 Asia/Manila] Token user_id: 1, type: integer
[07-Jun-2025 12:19:33 Asia/Manila] Requested user_id: 1, type: integer
[07-Jun-2025 12:19:34 Asia/Manila] Found 4 requests for user 1
[07-Jun-2025 12:19:34 Asia/Manila] getUserRequests called with userId: 1
[07-Jun-2025 12:19:34 Asia/Manila] verifyToken called with requiredRole: null
[07-Jun-2025 12:19:34 Asia/Manila] Authorization header present: yes (Bearer eyJ0eXAi...)
[07-Jun-2025 12:19:34 Asia/Manila] JWT token for verification (length: 198): eyJ0eXAiOiJKV1QiLCJh...
[07-Jun-2025 12:19:34 Asia/Manila] Token payload decoded successfully. User ID: 1, Type: admin
[07-Jun-2025 12:19:34 Asia/Manila] Token user_id: 1, type: integer
[07-Jun-2025 12:19:34 Asia/Manila] Requested user_id: 1, type: integer
[07-Jun-2025 12:19:34 Asia/Manila] Found 4 requests for user 1
[07-Jun-2025 12:19:37 Asia/Manila] Admin API Request received: GET /api/admin/stations/vertical
[07-Jun-2025 12:19:37 Asia/Manila] Query parameters: Array
(
)

[07-Jun-2025 12:19:37 Asia/Manila] Admin: Fetching stations for type: vertical
[07-Jun-2025 12:19:37 Asia/Manila] Admin API Request received: GET /api/admin/regions
[07-Jun-2025 12:19:37 Asia/Manila] Query parameters: Array
(
)

[07-Jun-2025 12:19:37 Asia/Manila] Admin: Fetching regions
[07-Jun-2025 12:19:37 Asia/Manila] Admin API Request received: GET /api/admin/regions
[07-Jun-2025 12:19:37 Asia/Manila] Query parameters: Array
(
)

[07-Jun-2025 12:19:37 Asia/Manila] Admin: Fetching regions
[07-Jun-2025 12:19:37 Asia/Manila] Admin API Request received: GET /api/admin/provinces
[07-Jun-2025 12:19:37 Asia/Manila] Query parameters: Array
(
)

[07-Jun-2025 12:19:37 Asia/Manila] Admin: Fetching provinces for region: 
[07-Jun-2025 12:19:37 Asia/Manila] Admin API Request received: GET /api/admin/provinces
[07-Jun-2025 12:19:37 Asia/Manila] Query parameters: Array
(
)

[07-Jun-2025 12:19:37 Asia/Manila] Admin: Fetching provinces for region: 
[07-Jun-2025 12:19:37 Asia/Manila] Admin API Request received: GET /api/admin/cities
[07-Jun-2025 12:19:37 Asia/Manila] Query parameters: Array
(
)

[07-Jun-2025 12:19:37 Asia/Manila] Admin: Fetching cities for province: 
[07-Jun-2025 12:19:37 Asia/Manila] Admin API Request received: GET /api/admin/barangays
[07-Jun-2025 12:19:37 Asia/Manila] Query parameters: Array
(
)

[07-Jun-2025 12:19:37 Asia/Manila] Admin: Fetching barangays for city: 
[07-Jun-2025 12:19:37 Asia/Manila] Admin API Request received: GET /api/admin/cities
[07-Jun-2025 12:19:37 Asia/Manila] Query parameters: Array
(
)

[07-Jun-2025 12:19:37 Asia/Manila] Admin: Fetching cities for province: 
[07-Jun-2025 12:19:37 Asia/Manila] Admin API Request received: GET /api/admin/barangays
[07-Jun-2025 12:19:37 Asia/Manila] Query parameters: Array
(
)

[07-Jun-2025 12:19:37 Asia/Manila] Admin: Fetching barangays for city: 
[07-Jun-2025 12:20:00 Asia/Manila] getUserRequests called with userId: 1
[07-Jun-2025 12:20:00 Asia/Manila] verifyToken called with requiredRole: null
[07-Jun-2025 12:20:00 Asia/Manila] Authorization header present: yes (Bearer eyJ0eXAi...)
[07-Jun-2025 12:20:00 Asia/Manila] JWT token for verification (length: 198): eyJ0eXAiOiJKV1QiLCJh...
[07-Jun-2025 12:20:00 Asia/Manila] Token payload decoded successfully. User ID: 1, Type: admin
[07-Jun-2025 12:20:00 Asia/Manila] Token user_id: 1, type: integer
[07-Jun-2025 12:20:00 Asia/Manila] Requested user_id: 1, type: integer
[07-Jun-2025 12:20:00 Asia/Manila] Found 4 requests for user 1
[07-Jun-2025 12:20:00 Asia/Manila] getUserRequests called with userId: 1
[07-Jun-2025 12:20:00 Asia/Manila] verifyToken called with requiredRole: null
[07-Jun-2025 12:20:00 Asia/Manila] Authorization header present: yes (Bearer eyJ0eXAi...)
[07-Jun-2025 12:20:00 Asia/Manila] JWT token for verification (length: 198): eyJ0eXAiOiJKV1QiLCJh...
[07-Jun-2025 12:20:00 Asia/Manila] Token payload decoded successfully. User ID: 1, Type: admin
[07-Jun-2025 12:20:00 Asia/Manila] Token user_id: 1, type: integer
[07-Jun-2025 12:20:00 Asia/Manila] Requested user_id: 1, type: integer
[07-Jun-2025 12:20:00 Asia/Manila] Found 4 requests for user 1
[07-Jun-2025 12:20:41 Asia/Manila] Admin API Request received: GET /api/admin/stations/vertical
[07-Jun-2025 12:20:41 Asia/Manila] Admin API Request received: GET /api/admin/regions
[07-Jun-2025 12:20:41 Asia/Manila] Query parameters: Array
(
)

[07-Jun-2025 12:20:41 Asia/Manila] Query parameters: Array
(
)

[07-Jun-2025 12:20:41 Asia/Manila] Admin: Fetching regions
[07-Jun-2025 12:20:41 Asia/Manila] Admin: Fetching stations for type: vertical
[07-Jun-2025 12:20:41 Asia/Manila] Admin API Request received: GET /api/admin/provinces
[07-Jun-2025 12:20:41 Asia/Manila] Query parameters: Array
(
)

[07-Jun-2025 12:20:41 Asia/Manila] Admin: Fetching provinces for region: 
[07-Jun-2025 12:20:41 Asia/Manila] Admin API Request received: GET /api/admin/cities
[07-Jun-2025 12:20:41 Asia/Manila] Query parameters: Array
(
)

[07-Jun-2025 12:20:41 Asia/Manila] Admin: Fetching cities for province: 
[07-Jun-2025 12:20:41 Asia/Manila] Admin API Request received: GET /api/admin/regions
[07-Jun-2025 12:20:41 Asia/Manila] Query parameters: Array
(
)

[07-Jun-2025 12:20:41 Asia/Manila] Admin: Fetching regions
[07-Jun-2025 12:20:41 Asia/Manila] Admin API Request received: GET /api/admin/barangays
[07-Jun-2025 12:20:41 Asia/Manila] Query parameters: Array
(
)

[07-Jun-2025 12:20:41 Asia/Manila] Admin: Fetching barangays for city: 
[07-Jun-2025 12:20:41 Asia/Manila] Admin API Request received: GET /api/admin/provinces
[07-Jun-2025 12:20:41 Asia/Manila] Query parameters: Array
(
)

[07-Jun-2025 12:20:41 Asia/Manila] Admin: Fetching provinces for region: 
[07-Jun-2025 12:20:41 Asia/Manila] Admin API Request received: GET /api/admin/cities
[07-Jun-2025 12:20:41 Asia/Manila] Query parameters: Array
(
)

[07-Jun-2025 12:20:41 Asia/Manila] Admin: Fetching cities for province: 
[07-Jun-2025 12:20:41 Asia/Manila] Admin API Request received: GET /api/admin/barangays
[07-Jun-2025 12:20:41 Asia/Manila] Query parameters: Array
(
)

[07-Jun-2025 12:20:41 Asia/Manila] Admin: Fetching barangays for city: 
[07-Jun-2025 12:20:42 Asia/Manila] [2025-06-07 12:20:42] getAllPayments called by user_id: 1
[07-Jun-2025 12:20:42 Asia/Manila] [2025-06-07 12:20:42] Running query: SELECT t.*,
                pm.method_name, 
                r.user_id, r.transaction_code,
                u.username, u.email,
                rs.status_name
                FROM transactions t
                LEFT JOIN payment_methods pm ON t.payment_method_id = pm.payment_method_id
                LEFT JOIN requests r ON t.request_id = r.request_id
                LEFT JOIN users u ON r.user_id = u.user_id
                LEFT JOIN request_statuses rs ON t.status_id = rs.status_id
                ORDER BY t.payment_date DESC
                LIMIT :offset, :per_page
[07-Jun-2025 12:20:42 Asia/Manila] [2025-06-07 12:20:42] Found 6 transactions
[07-Jun-2025 12:21:18 Asia/Manila] [2025-06-07 12:21:18] Fetching transaction ID: 36 from action: view
[07-Jun-2025 12:21:18 Asia/Manila] [2025-06-07 12:21:18] getTransactionById called with ID: 36
[07-Jun-2025 12:21:18 Asia/Manila] [2025-06-07 12:21:18] User verified: user_id=1, user_type=admin
[07-Jun-2025 12:21:18 Asia/Manila] [2025-06-07 12:21:18] Executing query for transaction_id: 36
[07-Jun-2025 12:21:18 Asia/Manila] [2025-06-07 12:21:18] Found transaction: 36, request_id: 80, user_id: 1
[07-Jun-2025 12:21:18 Asia/Manila] [2025-06-07 12:21:18] Fetching request ID: 80 from action: view
[07-Jun-2025 12:21:18 Asia/Manila] verifyToken called with requiredRole: null
[07-Jun-2025 12:21:18 Asia/Manila] Authorization header present: yes (Bearer eyJ0eXAi...)
[07-Jun-2025 12:21:18 Asia/Manila] JWT token for verification (length: 198): eyJ0eXAiOiJKV1QiLCJh...
[07-Jun-2025 12:21:18 Asia/Manila] Token payload decoded successfully. User ID: 1, Type: admin
[07-Jun-2025 06:21:37 Europe/Berlin] PHP Warning:  Constant DB_HOST already defined in C:\xampp\htdocs\WebGNIS Files\config.php on line 10
[07-Jun-2025 06:21:37 Europe/Berlin] PHP Warning:  Constant DB_USER already defined in C:\xampp\htdocs\WebGNIS Files\config.php on line 11
[07-Jun-2025 06:21:37 Europe/Berlin] PHP Warning:  Constant DB_PASS already defined in C:\xampp\htdocs\WebGNIS Files\config.php on line 12
[07-Jun-2025 06:21:37 Europe/Berlin] PHP Warning:  Constant DB_NAME already defined in C:\xampp\htdocs\WebGNIS Files\config.php on line 13
[07-Jun-2025 06:21:37 Europe/Berlin] PHP Warning:  Constant DB_CHARSET already defined in C:\xampp\htdocs\WebGNIS Files\config.php on line 14
[07-Jun-2025 06:21:37 Europe/Berlin] [CONFIG] Database connection successful
[07-Jun-2025 12:21:37 Asia/Manila] PHP Warning:  Constant JWT_SECRET already defined in C:\xampp\htdocs\WebGNIS Files\config.php on line 90
[07-Jun-2025 12:21:37 Asia/Manila] PHP Warning:  Constant TOKEN_EXPIRY already defined in C:\xampp\htdocs\WebGNIS Files\config.php on line 91
[07-Jun-2025 06:21:55 Europe/Berlin] PHP Warning:  Constant DB_HOST already defined in C:\xampp\htdocs\WebGNIS Files\config.php on line 10
[07-Jun-2025 06:21:55 Europe/Berlin] PHP Warning:  Constant DB_USER already defined in C:\xampp\htdocs\WebGNIS Files\config.php on line 11
[07-Jun-2025 06:21:55 Europe/Berlin] PHP Warning:  Constant DB_PASS already defined in C:\xampp\htdocs\WebGNIS Files\config.php on line 12
[07-Jun-2025 06:21:55 Europe/Berlin] PHP Warning:  Constant DB_NAME already defined in C:\xampp\htdocs\WebGNIS Files\config.php on line 13
[07-Jun-2025 06:21:55 Europe/Berlin] PHP Warning:  Constant DB_CHARSET already defined in C:\xampp\htdocs\WebGNIS Files\config.php on line 14
[07-Jun-2025 06:21:55 Europe/Berlin] [CONFIG] Database connection successful
[07-Jun-2025 12:21:55 Asia/Manila] PHP Warning:  Constant JWT_SECRET already defined in C:\xampp\htdocs\WebGNIS Files\config.php on line 90
[07-Jun-2025 12:21:55 Asia/Manila] PHP Warning:  Constant TOKEN_EXPIRY already defined in C:\xampp\htdocs\WebGNIS Files\config.php on line 91
[07-Jun-2025 12:21:56 Asia/Manila] [2025-06-07 12:21:56] getAllPayments called by user_id: 1
[07-Jun-2025 12:21:56 Asia/Manila] [2025-06-07 12:21:56] Running query: SELECT t.*,
                pm.method_name, 
                r.user_id, r.transaction_code,
                u.username, u.email,
                rs.status_name
                FROM transactions t
                LEFT JOIN payment_methods pm ON t.payment_method_id = pm.payment_method_id
                LEFT JOIN requests r ON t.request_id = r.request_id
                LEFT JOIN users u ON r.user_id = u.user_id
                LEFT JOIN request_statuses rs ON t.status_id = rs.status_id
                ORDER BY t.payment_date DESC
                LIMIT :offset, :per_page
[07-Jun-2025 12:21:56 Asia/Manila] [2025-06-07 12:21:56] Found 6 transactions
[07-Jun-2025 06:22:06 Europe/Berlin] Verifying token: eyJ0eXAiOi...
[07-Jun-2025 06:22:06 Europe/Berlin] Token belongs to user_id: 1
[07-Jun-2025 06:22:06 Europe/Berlin] getCartItems raw fetched items: Array
(
)

[07-Jun-2025 12:22:06 Asia/Manila] API Request: /api/stations/horizontal
[07-Jun-2025 12:22:07 Asia/Manila] API Request: /api/stations/horizontal
[07-Jun-2025 06:22:07 Europe/Berlin] Verifying token: eyJ0eXAiOi...
[07-Jun-2025 06:22:07 Europe/Berlin] Token belongs to user_id: 1
[07-Jun-2025 06:22:07 Europe/Berlin] getCartItems raw fetched items: Array
(
)

[07-Jun-2025 06:22:11 Europe/Berlin] Verifying token: eyJ0eXAiOi...
[07-Jun-2025 06:22:11 Europe/Berlin] Token belongs to user_id: 1
[07-Jun-2025 06:22:11 Europe/Berlin] Starting cart sync for user_id: 1
[07-Jun-2025 06:22:11 Europe/Berlin] Syncing from guest session: guest_1748692627518_inawyi6651j to user: 1
[07-Jun-2025 06:22:11 Europe/Berlin] No guest cart found for session_id: guest_1748692627518_inawyi6651j
[07-Jun-2025 06:22:11 Europe/Berlin] Verifying token: eyJ0eXAiOi...
[07-Jun-2025 06:22:11 Europe/Berlin] Token belongs to user_id: 1
[07-Jun-2025 06:22:11 Europe/Berlin] getCartItems raw fetched items: Array
(
)

[07-Jun-2025 12:22:49 Asia/Manila] getUserRequests called with userId: 1
[07-Jun-2025 12:22:49 Asia/Manila] verifyToken called with requiredRole: null
[07-Jun-2025 12:22:49 Asia/Manila] Authorization header present: yes (Bearer eyJ0eXAi...)
[07-Jun-2025 12:22:49 Asia/Manila] JWT token for verification (length: 198): eyJ0eXAiOiJKV1QiLCJh...
[07-Jun-2025 12:22:49 Asia/Manila] Token payload decoded successfully. User ID: 1, Type: admin
[07-Jun-2025 12:22:49 Asia/Manila] Token user_id: 1, type: integer
[07-Jun-2025 12:22:49 Asia/Manila] Requested user_id: 1, type: integer
[07-Jun-2025 12:22:50 Asia/Manila] Found 4 requests for user 1
[07-Jun-2025 12:22:50 Asia/Manila] getUserRequests called with userId: 1
[07-Jun-2025 12:22:50 Asia/Manila] verifyToken called with requiredRole: null
[07-Jun-2025 12:22:50 Asia/Manila] Authorization header present: yes (Bearer eyJ0eXAi...)
[07-Jun-2025 12:22:50 Asia/Manila] JWT token for verification (length: 198): eyJ0eXAiOiJKV1QiLCJh...
[07-Jun-2025 12:22:50 Asia/Manila] Token payload decoded successfully. User ID: 1, Type: admin
[07-Jun-2025 12:22:50 Asia/Manila] Token user_id: 1, type: integer
[07-Jun-2025 12:22:50 Asia/Manila] Requested user_id: 1, type: integer
[07-Jun-2025 12:22:50 Asia/Manila] Found 4 requests for user 1
[07-Jun-2025 06:22:51 Europe/Berlin] Verifying token: eyJ0eXAiOi...
[07-Jun-2025 06:22:51 Europe/Berlin] Token belongs to user_id: 1
[07-Jun-2025 12:22:51 Asia/Manila] API Request: /api/stations/horizontal
[07-Jun-2025 06:22:51 Europe/Berlin] getCartItems raw fetched items: Array
(
)

[07-Jun-2025 12:22:51 Asia/Manila] API Request: /api/stations/horizontal
[07-Jun-2025 06:22:52 Europe/Berlin] Verifying token: eyJ0eXAiOi...
[07-Jun-2025 06:22:52 Europe/Berlin] Token belongs to user_id: 1
[07-Jun-2025 06:22:52 Europe/Berlin] getCartItems raw fetched items: Array
(
)

[07-Jun-2025 06:22:55 Europe/Berlin] Verifying token: eyJ0eXAiOi...
[07-Jun-2025 06:22:55 Europe/Berlin] Token belongs to user_id: 1
[07-Jun-2025 06:22:55 Europe/Berlin] Starting cart sync for user_id: 1
[07-Jun-2025 06:22:55 Europe/Berlin] Syncing from guest session: guest_1748692627518_inawyi6651j to user: 1
[07-Jun-2025 06:22:55 Europe/Berlin] No guest cart found for session_id: guest_1748692627518_inawyi6651j
[07-Jun-2025 12:22:55 Asia/Manila] getUserRequests called with userId: 1
[07-Jun-2025 12:22:55 Asia/Manila] verifyToken called with requiredRole: null
[07-Jun-2025 12:22:55 Asia/Manila] Authorization header present: yes (Bearer eyJ0eXAi...)
[07-Jun-2025 12:22:55 Asia/Manila] JWT token for verification (length: 198): eyJ0eXAiOiJKV1QiLCJh...
[07-Jun-2025 12:22:55 Asia/Manila] Token payload decoded successfully. User ID: 1, Type: admin
[07-Jun-2025 12:22:55 Asia/Manila] Token user_id: 1, type: integer
[07-Jun-2025 12:22:55 Asia/Manila] Requested user_id: 1, type: integer
[07-Jun-2025 12:22:56 Asia/Manila] Found 4 requests for user 1
[07-Jun-2025 12:22:56 Asia/Manila] getUserRequests called with userId: 1
[07-Jun-2025 12:22:56 Asia/Manila] verifyToken called with requiredRole: null
[07-Jun-2025 12:22:56 Asia/Manila] Authorization header present: yes (Bearer eyJ0eXAi...)
[07-Jun-2025 12:22:56 Asia/Manila] JWT token for verification (length: 198): eyJ0eXAiOiJKV1QiLCJh...
[07-Jun-2025 12:22:56 Asia/Manila] Token payload decoded successfully. User ID: 1, Type: admin
[07-Jun-2025 12:22:56 Asia/Manila] Token user_id: 1, type: integer
[07-Jun-2025 12:22:56 Asia/Manila] Requested user_id: 1, type: integer
[07-Jun-2025 12:22:56 Asia/Manila] Found 4 requests for user 1
[07-Jun-2025 12:23:01 Asia/Manila] Admin API Request received: GET /api/admin/stations/vertical
[07-Jun-2025 12:23:01 Asia/Manila] Admin API Request received: GET /api/admin/regions
[07-Jun-2025 12:23:01 Asia/Manila] Query parameters: Array
(
)

[07-Jun-2025 12:23:01 Asia/Manila] Query parameters: Array
(
)

[07-Jun-2025 12:23:01 Asia/Manila] Admin: Fetching stations for type: vertical
[07-Jun-2025 12:23:01 Asia/Manila] Admin: Fetching regions
[07-Jun-2025 12:23:01 Asia/Manila] Admin API Request received: GET /api/admin/provinces
[07-Jun-2025 12:23:01 Asia/Manila] Query parameters: Array
(
)

[07-Jun-2025 12:23:01 Asia/Manila] Admin: Fetching provinces for region: 
[07-Jun-2025 12:23:01 Asia/Manila] Admin API Request received: GET /api/admin/regions
[07-Jun-2025 12:23:01 Asia/Manila] Query parameters: Array
(
)

[07-Jun-2025 12:23:01 Asia/Manila] Admin: Fetching regions
[07-Jun-2025 12:23:01 Asia/Manila] Admin API Request received: GET /api/admin/cities
[07-Jun-2025 12:23:01 Asia/Manila] Query parameters: Array
(
)

[07-Jun-2025 12:23:01 Asia/Manila] Admin: Fetching cities for province: 
[07-Jun-2025 12:23:01 Asia/Manila] Admin API Request received: GET /api/admin/provinces
[07-Jun-2025 12:23:01 Asia/Manila] Query parameters: Array
(
)

[07-Jun-2025 12:23:01 Asia/Manila] Admin: Fetching provinces for region: 
[07-Jun-2025 12:23:01 Asia/Manila] Admin API Request received: GET /api/admin/barangays
[07-Jun-2025 12:23:01 Asia/Manila] Query parameters: Array
(
)

[07-Jun-2025 12:23:01 Asia/Manila] Admin: Fetching barangays for city: 
[07-Jun-2025 12:23:01 Asia/Manila] Admin API Request received: GET /api/admin/cities
[07-Jun-2025 12:23:01 Asia/Manila] Query parameters: Array
(
)

[07-Jun-2025 12:23:01 Asia/Manila] Admin: Fetching cities for province: 
[07-Jun-2025 12:23:01 Asia/Manila] Admin API Request received: GET /api/admin/barangays
[07-Jun-2025 12:23:01 Asia/Manila] Query parameters: Array
(
)

[07-Jun-2025 12:23:01 Asia/Manila] Admin: Fetching barangays for city: 
[07-Jun-2025 12:23:04 Asia/Manila] [2025-06-07 12:23:04] getAllPayments called by user_id: 1
[07-Jun-2025 12:23:04 Asia/Manila] [2025-06-07 12:23:04] Running query: SELECT t.*,
                pm.method_name, 
                r.user_id, r.transaction_code,
                u.username, u.email,
                rs.status_name
                FROM transactions t
                LEFT JOIN payment_methods pm ON t.payment_method_id = pm.payment_method_id
                LEFT JOIN requests r ON t.request_id = r.request_id
                LEFT JOIN users u ON r.user_id = u.user_id
                LEFT JOIN request_statuses rs ON t.status_id = rs.status_id
                ORDER BY t.payment_date DESC
                LIMIT :offset, :per_page
[07-Jun-2025 12:23:04 Asia/Manila] [2025-06-07 12:23:04] Found 6 transactions
[07-Jun-2025 12:23:09 Asia/Manila] [2025-06-07 12:23:09] getAllPayments called by user_id: 1
[07-Jun-2025 12:23:09 Asia/Manila] [2025-06-07 12:23:09] Running query: SELECT t.*,
                pm.method_name, 
                r.user_id, r.transaction_code,
                u.username, u.email,
                rs.status_name
                FROM transactions t
                LEFT JOIN payment_methods pm ON t.payment_method_id = pm.payment_method_id
                LEFT JOIN requests r ON t.request_id = r.request_id
                LEFT JOIN users u ON r.user_id = u.user_id
                LEFT JOIN request_statuses rs ON t.status_id = rs.status_id
                ORDER BY t.payment_date DESC
                LIMIT :offset, :per_page
[07-Jun-2025 12:23:09 Asia/Manila] [2025-06-07 12:23:09] Found 6 transactions
[25-Jun-2025 15:22:55 Asia/Manila] Database connection failed: SQLSTATE[HY000] [1130] Host 'localhost' is not allowed to connect to this MariaDB server
[25-Jun-2025 09:22:55 Europe/Berlin] Database connection failed: SQLSTATE[HY000] [1130] Host 'localhost' is not allowed to connect to this MariaDB server
[25-Jun-2025 09:22:55 Europe/Berlin] Database connection failed: SQLSTATE[HY000] [1130] Host 'localhost' is not allowed to connect to this MariaDB server
[25-Jun-2025 09:22:55 Europe/Berlin] Database connection failed: SQLSTATE[HY000] [1130] Host 'localhost' is not allowed to connect to this MariaDB server
[25-Jun-2025 15:22:55 Asia/Manila] API Request: /api/stations/horizontal
[25-Jun-2025 15:22:55 Asia/Manila] Exception in API: Host 'localhost' is not allowed to connect to this MariaDB server in C:\xampp\htdocs\WebGNIS Files\api.php on line 53\nStack trace:\n#0 C:\xampp\htdocs\WebGNIS Files\api.php(53): mysqli->__construct('127.0.0.1', 'root', Object(SensitiveParameterValue), 'webgnis_db')
#1 {main}
[25-Jun-2025 09:22:55 Europe/Berlin] Database connection failed: SQLSTATE[HY000] [1130] Host 'localhost' is not allowed to connect to this MariaDB server
[25-Jun-2025 15:22:55 Asia/Manila] API Request: /api/stations/horizontal
[25-Jun-2025 15:22:55 Asia/Manila] Exception in API: Host 'localhost' is not allowed to connect to this MariaDB server in C:\xampp\htdocs\WebGNIS Files\api.php on line 53\nStack trace:\n#0 C:\xampp\htdocs\WebGNIS Files\api.php(53): mysqli->__construct('127.0.0.1', 'root', Object(SensitiveParameterValue), 'webgnis_db')
#1 {main}
[25-Jun-2025 15:22:55 Asia/Manila] Stations API Request: , Type: horizontal
[25-Jun-2025 15:22:55 Asia/Manila] Exception in stations-api: Host 'localhost' is not allowed to connect to this MariaDB server in C:\xampp\htdocs\WebGNIS Files\stations-api.php on line 68\nStack trace:\n#0 C:\xampp\htdocs\WebGNIS Files\stations-api.php(68): mysqli->__construct('127.0.0.1', 'root', Object(SensitiveParameterValue), 'webgnis_db')
#1 {main}
[25-Jun-2025 09:22:55 Europe/Berlin] Database connection failed: SQLSTATE[HY000] [1130] Host 'localhost' is not allowed to connect to this MariaDB server
[25-Jun-2025 15:22:55 Asia/Manila] Stations API Request: , Type: horizontal
[25-Jun-2025 15:22:55 Asia/Manila] Exception in stations-api: Host 'localhost' is not allowed to connect to this MariaDB server in C:\xampp\htdocs\WebGNIS Files\stations-api.php on line 68\nStack trace:\n#0 C:\xampp\htdocs\WebGNIS Files\stations-api.php(68): mysqli->__construct('127.0.0.1', 'root', Object(SensitiveParameterValue), 'webgnis_db')
#1 {main}
[25-Jun-2025 09:23:08 Europe/Berlin] Database connection failed: SQLSTATE[HY000] [1130] Host 'localhost' is not allowed to connect to this MariaDB server
[25-Jun-2025 09:23:08 Europe/Berlin] Database connection failed: SQLSTATE[HY000] [1130] Host 'localhost' is not allowed to connect to this MariaDB server
[25-Jun-2025 15:23:08 Asia/Manila] Database connection failed: SQLSTATE[HY000] [1130] Host 'localhost' is not allowed to connect to this MariaDB server
[25-Jun-2025 15:23:08 Asia/Manila] API Request: /api/stations/horizontal
[25-Jun-2025 15:23:08 Asia/Manila] Exception in API: Host 'localhost' is not allowed to connect to this MariaDB server in C:\xampp\htdocs\WebGNIS Files\api.php on line 53\nStack trace:\n#0 C:\xampp\htdocs\WebGNIS Files\api.php(53): mysqli->__construct('127.0.0.1', 'root', Object(SensitiveParameterValue), 'webgnis_db')
#1 {main}
[25-Jun-2025 15:23:08 Asia/Manila] API Request: /api/stations/horizontal
[25-Jun-2025 15:23:08 Asia/Manila] Exception in API: Host 'localhost' is not allowed to connect to this MariaDB server in C:\xampp\htdocs\WebGNIS Files\api.php on line 53\nStack trace:\n#0 C:\xampp\htdocs\WebGNIS Files\api.php(53): mysqli->__construct('127.0.0.1', 'root', Object(SensitiveParameterValue), 'webgnis_db')
#1 {main}
[25-Jun-2025 15:23:08 Asia/Manila] Stations API Request: , Type: horizontal
[25-Jun-2025 15:23:08 Asia/Manila] Exception in stations-api: Host 'localhost' is not allowed to connect to this MariaDB server in C:\xampp\htdocs\WebGNIS Files\stations-api.php on line 68\nStack trace:\n#0 C:\xampp\htdocs\WebGNIS Files\stations-api.php(68): mysqli->__construct('127.0.0.1', 'root', Object(SensitiveParameterValue), 'webgnis_db')
#1 {main}
[25-Jun-2025 09:23:08 Europe/Berlin] Database connection failed: SQLSTATE[HY000] [1130] Host 'localhost' is not allowed to connect to this MariaDB server
[25-Jun-2025 15:23:08 Asia/Manila] Stations API Request: , Type: horizontal
[25-Jun-2025 15:23:08 Asia/Manila] Exception in stations-api: Host 'localhost' is not allowed to connect to this MariaDB server in C:\xampp\htdocs\WebGNIS Files\stations-api.php on line 68\nStack trace:\n#0 C:\xampp\htdocs\WebGNIS Files\stations-api.php(68): mysqli->__construct('127.0.0.1', 'root', Object(SensitiveParameterValue), 'webgnis_db')
#1 {main}
[05-Jul-2025 00:43:24 Europe/Berlin] No authentication token provided in request
[05-Jul-2025 06:43:24 Asia/Manila] API Request: /api/stations/horizontal
[05-Jul-2025 06:43:25 Asia/Manila] API Request: /api/stations/horizontal
[05-Jul-2025 06:43:41 Asia/Manila] API Request: /api/stations/horizontal
[05-Jul-2025 00:43:41 Europe/Berlin] No authentication token provided in request
[05-Jul-2025 06:43:41 Asia/Manila] API Request: /api/stations/horizontal
[05-Jul-2025 00:47:34 Europe/Berlin] No authentication token provided in request
[05-Jul-2025 06:47:34 Asia/Manila] API Request: /api/stations/horizontal
[05-Jul-2025 06:47:34 Asia/Manila] API Request: /api/stations/horizontal
[05-Jul-2025 00:48:27 Europe/Berlin] Verifying token: eyJ0eXAiOi...
[05-Jul-2025 00:48:27 Europe/Berlin] Token belongs to user_id: 1
[05-Jul-2025 00:48:27 Europe/Berlin] getCartItems raw fetched items: Array
(
)

[05-Jul-2025 00:48:27 Europe/Berlin] Verifying token: eyJ0eXAiOi...
[05-Jul-2025 00:48:27 Europe/Berlin] Token belongs to user_id: 1
[05-Jul-2025 00:48:27 Europe/Berlin] getCartItems raw fetched items: Array
(
)

[05-Jul-2025 06:48:27 Asia/Manila] API Request: /api/stations/horizontal
[05-Jul-2025 06:48:27 Asia/Manila] API Request: /api/stations/horizontal
[05-Jul-2025 00:48:29 Europe/Berlin] Verifying token: eyJ0eXAiOi...
[05-Jul-2025 00:48:29 Europe/Berlin] Token belongs to user_id: 1
[05-Jul-2025 00:48:29 Europe/Berlin] getCartItems raw fetched items: Array
(
)

[05-Jul-2025 00:48:29 Europe/Berlin] Verifying token: eyJ0eXAiOi...
[05-Jul-2025 00:48:29 Europe/Berlin] Token belongs to user_id: 1
[05-Jul-2025 00:48:29 Europe/Berlin] Starting cart sync for user_id: 1
[05-Jul-2025 00:48:29 Europe/Berlin] Syncing from guest session: guest_1748692627518_inawyi6651j to user: 1
[05-Jul-2025 00:48:29 Europe/Berlin] No guest cart found for session_id: guest_1748692627518_inawyi6651j
[05-Jul-2025 00:48:30 Europe/Berlin] Verifying token: eyJ0eXAiOi...
[05-Jul-2025 00:48:30 Europe/Berlin] Token belongs to user_id: 1
[05-Jul-2025 00:48:30 Europe/Berlin] getCartItems raw fetched items: Array
(
)

[05-Jul-2025 06:49:25 Asia/Manila] Admin API Request received: GET /api/admin/stations/vertical
[05-Jul-2025 06:49:25 Asia/Manila] Query parameters: Array
(
)

[05-Jul-2025 06:49:25 Asia/Manila] Admin: Fetching stations for type: vertical
[05-Jul-2025 06:49:25 Asia/Manila] Admin API Request received: GET /api/admin/regions
[05-Jul-2025 06:49:25 Asia/Manila] Query parameters: Array
(
)

[05-Jul-2025 06:49:25 Asia/Manila] Admin: Fetching regions
[05-Jul-2025 06:49:25 Asia/Manila] Admin API Request received: GET /api/admin/provinces
[05-Jul-2025 06:49:25 Asia/Manila] Query parameters: Array
(
)

[05-Jul-2025 06:49:25 Asia/Manila] Admin: Fetching provinces for region: 
[05-Jul-2025 06:49:26 Asia/Manila] Admin API Request received: GET /api/admin/regions
[05-Jul-2025 06:49:26 Asia/Manila] Query parameters: Array
(
)

[05-Jul-2025 06:49:26 Asia/Manila] Admin: Fetching regions
[05-Jul-2025 06:49:26 Asia/Manila] Admin API Request received: GET /api/admin/cities
[05-Jul-2025 06:49:26 Asia/Manila] Query parameters: Array
(
)

[05-Jul-2025 06:49:26 Asia/Manila] Admin: Fetching cities for province: 
[05-Jul-2025 06:49:26 Asia/Manila] Admin API Request received: GET /api/admin/provinces
[05-Jul-2025 06:49:26 Asia/Manila] Query parameters: Array
(
)

[05-Jul-2025 06:49:26 Asia/Manila] Admin: Fetching provinces for region: 
[05-Jul-2025 06:49:26 Asia/Manila] Admin API Request received: GET /api/admin/barangays
[05-Jul-2025 06:49:26 Asia/Manila] Query parameters: Array
(
)

[05-Jul-2025 06:49:26 Asia/Manila] Admin: Fetching barangays for city: 
[05-Jul-2025 06:49:26 Asia/Manila] Admin API Request received: GET /api/admin/cities
[05-Jul-2025 06:49:26 Asia/Manila] Query parameters: Array
(
)

[05-Jul-2025 06:49:26 Asia/Manila] Admin: Fetching cities for province: 
[05-Jul-2025 06:49:26 Asia/Manila] Admin API Request received: GET /api/admin/barangays
[05-Jul-2025 06:49:26 Asia/Manila] Query parameters: Array
(
)

[05-Jul-2025 06:49:26 Asia/Manila] Admin: Fetching barangays for city: 
[05-Jul-2025 07:49:26 Asia/Manila] PHP Fatal error:  Uncaught mysqli_sql_exception: Table 'webgnis_db.station_activity_log' doesn't exist in C:\xampp\htdocs\WebGNIS Files\stations_log.php:12
Stack trace:
#0 C:\xampp\htdocs\WebGNIS Files\stations_log.php(12): mysqli->query('SELECT station_...')
#1 {main}
  thrown in C:\xampp\htdocs\WebGNIS Files\stations_log.php on line 12
[05-Jul-2025 07:52:52 Asia/Manila] PHP Fatal error:  Uncaught mysqli_sql_exception: Table 'webgnis_db.station_activity_log' doesn't exist in C:\xampp\htdocs\WebGNIS Files\stations_log.php:12
Stack trace:
#0 C:\xampp\htdocs\WebGNIS Files\stations_log.php(12): mysqli->query('SELECT station_...')
#1 {main}
  thrown in C:\xampp\htdocs\WebGNIS Files\stations_log.php on line 12
[05-Jul-2025 07:52:55 Asia/Manila] PHP Fatal error:  Uncaught mysqli_sql_exception: Table 'webgnis_db.station_activity_log' doesn't exist in C:\xampp\htdocs\WebGNIS Files\stations_log.php:12
Stack trace:
#0 C:\xampp\htdocs\WebGNIS Files\stations_log.php(12): mysqli->query('SELECT station_...')
#1 {main}
  thrown in C:\xampp\htdocs\WebGNIS Files\stations_log.php on line 12
[05-Jul-2025 07:53:00 Asia/Manila] PHP Fatal error:  Uncaught mysqli_sql_exception: Table 'webgnis_db.station_activity_log' doesn't exist in C:\xampp\htdocs\WebGNIS Files\stations_log.php:12
Stack trace:
#0 C:\xampp\htdocs\WebGNIS Files\stations_log.php(12): mysqli->query('SELECT station_...')
#1 {main}
  thrown in C:\xampp\htdocs\WebGNIS Files\stations_log.php on line 12
[05-Jul-2025 07:53:31 Asia/Manila] PHP Fatal error:  Uncaught mysqli_sql_exception: Table 'webgnis_db.station_activity_log' doesn't exist in C:\xampp\htdocs\WebGNIS Files\stations_log.php:12
Stack trace:
#0 C:\xampp\htdocs\WebGNIS Files\stations_log.php(12): mysqli->query('SELECT station_...')
#1 {main}
  thrown in C:\xampp\htdocs\WebGNIS Files\stations_log.php on line 12
[05-Jul-2025 07:55:44 Asia/Manila] PHP Fatal error:  Uncaught mysqli_sql_exception: Table 'webgnis_db.station_activity_log' doesn't exist in C:\xampp\htdocs\WebGNIS Files\stations_log.php:12
Stack trace:
#0 C:\xampp\htdocs\WebGNIS Files\stations_log.php(12): mysqli->query('SELECT station_...')
#1 {main}
  thrown in C:\xampp\htdocs\WebGNIS Files\stations_log.php on line 12
[05-Jul-2025 07:56:05 Asia/Manila] PHP Fatal error:  Uncaught mysqli_sql_exception: Table 'webgnis_db.station_activity_log' doesn't exist in C:\xampp\htdocs\WebGNIS Files\stations_log.php:12
Stack trace:
#0 C:\xampp\htdocs\WebGNIS Files\stations_log.php(12): mysqli->query('SELECT station_...')
#1 {main}
  thrown in C:\xampp\htdocs\WebGNIS Files\stations_log.php on line 12
[05-Jul-2025 07:56:40 Asia/Manila] PHP Fatal error:  Uncaught mysqli_sql_exception: Table 'webgnis_db.station_activity_log' doesn't exist in C:\xampp\htdocs\WebGNIS Files\stations_log.php:12
Stack trace:
#0 C:\xampp\htdocs\WebGNIS Files\stations_log.php(12): mysqli->query('SELECT station_...')
#1 {main}
  thrown in C:\xampp\htdocs\WebGNIS Files\stations_log.php on line 12
[05-Jul-2025 07:58:06 Asia/Manila] PHP Fatal error:  Uncaught mysqli_sql_exception: Table 'webgnis_db.station_activity_log' doesn't exist in C:\xampp\htdocs\WebGNIS Files\stations_log.php:12
Stack trace:
#0 C:\xampp\htdocs\WebGNIS Files\stations_log.php(12): mysqli->query('SELECT station_...')
#1 {main}
  thrown in C:\xampp\htdocs\WebGNIS Files\stations_log.php on line 12
[05-Jul-2025 07:58:15 Asia/Manila] PHP Fatal error:  Uncaught mysqli_sql_exception: Table 'webgnis_db.station_activity_log' doesn't exist in C:\xampp\htdocs\WebGNIS Files\stations_log.php:12
Stack trace:
#0 C:\xampp\htdocs\WebGNIS Files\stations_log.php(12): mysqli->query('SELECT station_...')
#1 {main}
  thrown in C:\xampp\htdocs\WebGNIS Files\stations_log.php on line 12
[05-Jul-2025 07:58:36 Asia/Manila] PHP Fatal error:  Uncaught mysqli_sql_exception: Table 'webgnis_db.station_activity_log' doesn't exist in C:\xampp\htdocs\WebGNIS Files\stations_log.php:12
Stack trace:
#0 C:\xampp\htdocs\WebGNIS Files\stations_log.php(12): mysqli->query('SELECT station_...')
#1 {main}
  thrown in C:\xampp\htdocs\WebGNIS Files\stations_log.php on line 12
[05-Jul-2025 07:59:27 Asia/Manila] PHP Fatal error:  Uncaught mysqli_sql_exception: Table 'webgnis_db.station_activity_log' doesn't exist in C:\xampp\htdocs\WebGNIS Files\stations_log.php:12
Stack trace:
#0 C:\xampp\htdocs\WebGNIS Files\stations_log.php(12): mysqli->query('SELECT station_...')
#1 {main}
  thrown in C:\xampp\htdocs\WebGNIS Files\stations_log.php on line 12
[05-Jul-2025 08:01:22 Asia/Manila] PHP Fatal error:  Uncaught mysqli_sql_exception: Table 'webgnis_db.station_activity_log' doesn't exist in C:\xampp\htdocs\WebGNIS Files\stations_log.php:12
Stack trace:
#0 C:\xampp\htdocs\WebGNIS Files\stations_log.php(12): mysqli->query('SELECT station_...')
#1 {main}
  thrown in C:\xampp\htdocs\WebGNIS Files\stations_log.php on line 12
[05-Jul-2025 08:04:08 Asia/Manila] PHP Fatal error:  Uncaught mysqli_sql_exception: Table 'webgnis_db.station_activity_log' doesn't exist in C:\xampp\htdocs\WebGNIS Files\stations_log.php:12
Stack trace:
#0 C:\xampp\htdocs\WebGNIS Files\stations_log.php(12): mysqli->query('SELECT station_...')
#1 {main}
  thrown in C:\xampp\htdocs\WebGNIS Files\stations_log.php on line 12
[05-Jul-2025 08:06:21 Asia/Manila] PHP Fatal error:  Uncaught mysqli_sql_exception: Table 'webgnis_db.station_activity_log' doesn't exist in C:\xampp\htdocs\WebGNIS Files\stations_log.php:12
Stack trace:
#0 C:\xampp\htdocs\WebGNIS Files\stations_log.php(12): mysqli->query('SELECT station_...')
#1 {main}
  thrown in C:\xampp\htdocs\WebGNIS Files\stations_log.php on line 12
[05-Jul-2025 08:06:37 Asia/Manila] PHP Fatal error:  Uncaught mysqli_sql_exception: Table 'webgnis_db.station_activity_log' doesn't exist in C:\xampp\htdocs\WebGNIS Files\stations_log.php:12
Stack trace:
#0 C:\xampp\htdocs\WebGNIS Files\stations_log.php(12): mysqli->query('SELECT station_...')
#1 {main}
  thrown in C:\xampp\htdocs\WebGNIS Files\stations_log.php on line 12
[05-Jul-2025 08:07:37 Asia/Manila] PHP Fatal error:  Uncaught mysqli_sql_exception: Table 'webgnis_db.station_activity_log' doesn't exist in C:\xampp\htdocs\WebGNIS Files\stations_log.php:12
Stack trace:
#0 C:\xampp\htdocs\WebGNIS Files\stations_log.php(12): mysqli->query('SELECT station_...')
#1 {main}
  thrown in C:\xampp\htdocs\WebGNIS Files\stations_log.php on line 12
[05-Jul-2025 08:07:53 Asia/Manila] PHP Fatal error:  Uncaught mysqli_sql_exception: Table 'webgnis_db.station_activity_log' doesn't exist in C:\xampp\htdocs\WebGNIS Files\stations_log.php:12
Stack trace:
#0 C:\xampp\htdocs\WebGNIS Files\stations_log.php(12): mysqli->query('SELECT station_...')
#1 {main}
  thrown in C:\xampp\htdocs\WebGNIS Files\stations_log.php on line 12
[05-Jul-2025 08:08:25 Asia/Manila] PHP Fatal error:  Uncaught mysqli_sql_exception: Table 'webgnis_db.station_activity_log' doesn't exist in C:\xampp\htdocs\WebGNIS Files\stations_log.php:12
Stack trace:
#0 C:\xampp\htdocs\WebGNIS Files\stations_log.php(12): mysqli->query('SELECT station_...')
#1 {main}
  thrown in C:\xampp\htdocs\WebGNIS Files\stations_log.php on line 12
[05-Jul-2025 08:08:51 Asia/Manila] PHP Fatal error:  Uncaught mysqli_sql_exception: Table 'webgnis_db.station_activity_log' doesn't exist in C:\xampp\htdocs\WebGNIS Files\stations_log.php:12
Stack trace:
#0 C:\xampp\htdocs\WebGNIS Files\stations_log.php(12): mysqli->query('SELECT station_...')
#1 {main}
  thrown in C:\xampp\htdocs\WebGNIS Files\stations_log.php on line 12
[05-Jul-2025 08:10:04 Asia/Manila] PHP Fatal error:  Uncaught mysqli_sql_exception: Table 'webgnis_db.station_activity_log' doesn't exist in C:\xampp\htdocs\WebGNIS Files\stations_log.php:12
Stack trace:
#0 C:\xampp\htdocs\WebGNIS Files\stations_log.php(12): mysqli->query('SELECT station_...')
#1 {main}
  thrown in C:\xampp\htdocs\WebGNIS Files\stations_log.php on line 12
[05-Jul-2025 08:10:05 Asia/Manila] PHP Fatal error:  Uncaught mysqli_sql_exception: Table 'webgnis_db.station_activity_log' doesn't exist in C:\xampp\htdocs\WebGNIS Files\stations_log.php:12
Stack trace:
#0 C:\xampp\htdocs\WebGNIS Files\stations_log.php(12): mysqli->query('SELECT station_...')
#1 {main}
  thrown in C:\xampp\htdocs\WebGNIS Files\stations_log.php on line 12
[05-Jul-2025 08:10:06 Asia/Manila] PHP Fatal error:  Uncaught mysqli_sql_exception: Table 'webgnis_db.station_activity_log' doesn't exist in C:\xampp\htdocs\WebGNIS Files\stations_log.php:12
Stack trace:
#0 C:\xampp\htdocs\WebGNIS Files\stations_log.php(12): mysqli->query('SELECT station_...')
#1 {main}
  thrown in C:\xampp\htdocs\WebGNIS Files\stations_log.php on line 12
[05-Jul-2025 08:10:06 Asia/Manila] PHP Fatal error:  Uncaught mysqli_sql_exception: Table 'webgnis_db.station_activity_log' doesn't exist in C:\xampp\htdocs\WebGNIS Files\stations_log.php:12
Stack trace:
#0 C:\xampp\htdocs\WebGNIS Files\stations_log.php(12): mysqli->query('SELECT station_...')
#1 {main}
  thrown in C:\xampp\htdocs\WebGNIS Files\stations_log.php on line 12
[05-Jul-2025 08:10:06 Asia/Manila] PHP Fatal error:  Uncaught mysqli_sql_exception: Table 'webgnis_db.station_activity_log' doesn't exist in C:\xampp\htdocs\WebGNIS Files\stations_log.php:12
Stack trace:
#0 C:\xampp\htdocs\WebGNIS Files\stations_log.php(12): mysqli->query('SELECT station_...')
#1 {main}
  thrown in C:\xampp\htdocs\WebGNIS Files\stations_log.php on line 12
[05-Jul-2025 08:12:44 Asia/Manila] PHP Fatal error:  Uncaught mysqli_sql_exception: Table 'webgnis_db.station_activity_log' doesn't exist in C:\xampp\htdocs\WebGNIS Files\stations_log.php:12
Stack trace:
#0 C:\xampp\htdocs\WebGNIS Files\stations_log.php(12): mysqli->query('SELECT station_...')
#1 {main}
  thrown in C:\xampp\htdocs\WebGNIS Files\stations_log.php on line 12
[05-Jul-2025 08:13:41 Asia/Manila] PHP Fatal error:  Uncaught mysqli_sql_exception: Table 'webgnis_db.station_activity_log' doesn't exist in C:\xampp\htdocs\WebGNIS Files\stations_log.php:12
Stack trace:
#0 C:\xampp\htdocs\WebGNIS Files\stations_log.php(12): mysqli->query('SELECT station_...')
#1 {main}
  thrown in C:\xampp\htdocs\WebGNIS Files\stations_log.php on line 12
[05-Jul-2025 08:15:28 Asia/Manila] PHP Fatal error:  Uncaught mysqli_sql_exception: Table 'webgnis_db.station_activity_log' doesn't exist in C:\xampp\htdocs\WebGNIS Files\stations_log.php:12
Stack trace:
#0 C:\xampp\htdocs\WebGNIS Files\stations_log.php(12): mysqli->query('SELECT station_...')
#1 {main}
  thrown in C:\xampp\htdocs\WebGNIS Files\stations_log.php on line 12
[05-Jul-2025 08:16:00 Asia/Manila] PHP Fatal error:  Uncaught mysqli_sql_exception: Table 'webgnis_db.station_activity_log' doesn't exist in C:\xampp\htdocs\WebGNIS Files\stations_log.php:12
Stack trace:
#0 C:\xampp\htdocs\WebGNIS Files\stations_log.php(12): mysqli->query('SELECT station_...')
#1 {main}
  thrown in C:\xampp\htdocs\WebGNIS Files\stations_log.php on line 12
[05-Jul-2025 08:18:12 Asia/Manila] PHP Fatal error:  Uncaught mysqli_sql_exception: Table 'webgnis_db.station_activity_log' doesn't exist in C:\xampp\htdocs\WebGNIS Files\stations_log.php:12
Stack trace:
#0 C:\xampp\htdocs\WebGNIS Files\stations_log.php(12): mysqli->query('SELECT station_...')
#1 {main}
  thrown in C:\xampp\htdocs\WebGNIS Files\stations_log.php on line 12
[05-Jul-2025 08:18:34 Asia/Manila] PHP Fatal error:  Uncaught mysqli_sql_exception: Table 'webgnis_db.station_activity_log' doesn't exist in C:\xampp\htdocs\WebGNIS Files\stations_log.php:12
Stack trace:
#0 C:\xampp\htdocs\WebGNIS Files\stations_log.php(12): mysqli->query('SELECT station_...')
#1 {main}
  thrown in C:\xampp\htdocs\WebGNIS Files\stations_log.php on line 12
[05-Jul-2025 08:19:58 Asia/Manila] PHP Fatal error:  Uncaught mysqli_sql_exception: Table 'webgnis_db.station_activity_log' doesn't exist in C:\xampp\htdocs\WebGNIS Files\stations_log.php:12
Stack trace:
#0 C:\xampp\htdocs\WebGNIS Files\stations_log.php(12): mysqli->query('SELECT station_...')
#1 {main}
  thrown in C:\xampp\htdocs\WebGNIS Files\stations_log.php on line 12
[05-Jul-2025 08:21:16 Asia/Manila] PHP Fatal error:  Uncaught mysqli_sql_exception: Table 'webgnis_db.station_activity_log' doesn't exist in C:\xampp\htdocs\WebGNIS Files\stations_log.php:12
Stack trace:
#0 C:\xampp\htdocs\WebGNIS Files\stations_log.php(12): mysqli->query('SELECT station_...')
#1 {main}
  thrown in C:\xampp\htdocs\WebGNIS Files\stations_log.php on line 12
[05-Jul-2025 08:36:24 Asia/Manila] PHP Fatal error:  Uncaught mysqli_sql_exception: Table 'webgnis_db.station_activity_log' doesn't exist in C:\xampp\htdocs\WebGNIS Files\stations_viewer.php:10
Stack trace:
#0 C:\xampp\htdocs\WebGNIS Files\stations_viewer.php(10): mysqli->prepare('INSERT INTO sta...')
#1 C:\xampp\htdocs\WebGNIS Files\stations_viewer.php(71): log_station_activity(Object(mysqli), 'grav_stations', 10001, 'Unknown Admin', 'delete', '{"station_id":"...')
#2 {main}
  thrown in C:\xampp\htdocs\WebGNIS Files\stations_viewer.php on line 10
[05-Jul-2025 08:41:13 Asia/Manila] PHP Fatal error:  Uncaught mysqli_sql_exception: Table 'webgnis_db.station_activity_log' doesn't exist in C:\xampp\htdocs\WebGNIS Files\stations_viewer.php:10
Stack trace:
#0 C:\xampp\htdocs\WebGNIS Files\stations_viewer.php(10): mysqli->prepare('INSERT INTO sta...')
#1 C:\xampp\htdocs\WebGNIS Files\stations_viewer.php(169): log_station_activity(Object(mysqli), 'grav_stations', 10001, 'Unknown Admin', 'add', '{"station_id":1...')
#2 {main}
  thrown in C:\xampp\htdocs\WebGNIS Files\stations_viewer.php on line 10
[05-Jul-2025 08:41:33 Asia/Manila] PHP Fatal error:  Uncaught mysqli_sql_exception: Table 'webgnis_db.station_activity_log' doesn't exist in C:\xampp\htdocs\WebGNIS Files\stations_viewer.php:10
Stack trace:
#0 C:\xampp\htdocs\WebGNIS Files\stations_viewer.php(10): mysqli->prepare('INSERT INTO sta...')
#1 C:\xampp\htdocs\WebGNIS Files\stations_viewer.php(155): log_station_activity(Object(mysqli), 'grav_stations', '10001', 'Unknown Admin', 'update', '{"before":{"sta...')
#2 {main}
  thrown in C:\xampp\htdocs\WebGNIS Files\stations_viewer.php on line 10
[05-Jul-2025 08:42:03 Asia/Manila] PHP Fatal error:  Uncaught mysqli_sql_exception: Table 'webgnis_db.station_activity_log' doesn't exist in C:\xampp\htdocs\WebGNIS Files\stations_viewer.php:10
Stack trace:
#0 C:\xampp\htdocs\WebGNIS Files\stations_viewer.php(10): mysqli->prepare('INSERT INTO sta...')
#1 C:\xampp\htdocs\WebGNIS Files\stations_viewer.php(71): log_station_activity(Object(mysqli), 'grav_stations', 10001, 'Unknown Admin', 'delete', '{"station_id":"...')
#2 {main}
  thrown in C:\xampp\htdocs\WebGNIS Files\stations_viewer.php on line 10
[05-Jul-2025 08:44:02 Asia/Manila] PHP Fatal error:  Uncaught mysqli_sql_exception: Table 'webgnis_db.station_activity_log' doesn't exist in C:\xampp\htdocs\WebGNIS Files\stations_viewer.php:10
Stack trace:
#0 C:\xampp\htdocs\WebGNIS Files\stations_viewer.php(10): mysqli->prepare('INSERT INTO sta...')
#1 C:\xampp\htdocs\WebGNIS Files\stations_viewer.php(169): log_station_activity(Object(mysqli), 'grav_stations', 10001, 'Unknown Admin', 'add', '{"station_id":1...')
#2 {main}
  thrown in C:\xampp\htdocs\WebGNIS Files\stations_viewer.php on line 10
[05-Jul-2025 08:44:08 Asia/Manila] PHP Fatal error:  Uncaught mysqli_sql_exception: Table 'webgnis_db.station_activity_log' doesn't exist in C:\xampp\htdocs\WebGNIS Files\stations_viewer.php:10
Stack trace:
#0 C:\xampp\htdocs\WebGNIS Files\stations_viewer.php(10): mysqli->prepare('INSERT INTO sta...')
#1 C:\xampp\htdocs\WebGNIS Files\stations_viewer.php(155): log_station_activity(Object(mysqli), 'grav_stations', 10001, 'Unknown Admin', 'update', '{"before":{"sta...')
#2 {main}
  thrown in C:\xampp\htdocs\WebGNIS Files\stations_viewer.php on line 10
[05-Jul-2025 08:44:19 Asia/Manila] PHP Fatal error:  Uncaught mysqli_sql_exception: Table 'webgnis_db.station_activity_log' doesn't exist in C:\xampp\htdocs\WebGNIS Files\stations_viewer.php:10
Stack trace:
#0 C:\xampp\htdocs\WebGNIS Files\stations_viewer.php(10): mysqli->prepare('INSERT INTO sta...')
#1 C:\xampp\htdocs\WebGNIS Files\stations_viewer.php(155): log_station_activity(Object(mysqli), 'grav_stations', 10001, 'Unknown Admin', 'update', '{"before":{"sta...')
#2 {main}
  thrown in C:\xampp\htdocs\WebGNIS Files\stations_viewer.php on line 10
[05-Jul-2025 08:44:26 Asia/Manila] PHP Fatal error:  Uncaught mysqli_sql_exception: Table 'webgnis_db.station_activity_log' doesn't exist in C:\xampp\htdocs\WebGNIS Files\stations_viewer.php:10
Stack trace:
#0 C:\xampp\htdocs\WebGNIS Files\stations_viewer.php(10): mysqli->prepare('INSERT INTO sta...')
#1 C:\xampp\htdocs\WebGNIS Files\stations_viewer.php(155): log_station_activity(Object(mysqli), 'grav_stations', 10001, 'Unknown Admin', 'update', '{"before":{"sta...')
#2 {main}
  thrown in C:\xampp\htdocs\WebGNIS Files\stations_viewer.php on line 10
[05-Jul-2025 08:47:42 Asia/Manila] PHP Fatal error:  Uncaught mysqli_sql_exception: Table 'webgnis_db.station_activity_log' doesn't exist in C:\xampp\htdocs\WebGNIS Files\stations_viewer.php:10
Stack trace:
#0 C:\xampp\htdocs\WebGNIS Files\stations_viewer.php(10): mysqli->prepare('INSERT INTO sta...')
#1 C:\xampp\htdocs\WebGNIS Files\stations_viewer.php(140): log_station_activity(Object(mysqli), 'grav_stations', '10001', 'Unknown Admin', 'update', '{"changes":{"or...')
#2 {main}
  thrown in C:\xampp\htdocs\WebGNIS Files\stations_viewer.php on line 10
[05-Jul-2025 08:47:55 Asia/Manila] PHP Fatal error:  Uncaught mysqli_sql_exception: Table 'webgnis_db.station_activity_log' doesn't exist in C:\xampp\htdocs\WebGNIS Files\stations_viewer.php:10
Stack trace:
#0 C:\xampp\htdocs\WebGNIS Files\stations_viewer.php(10): mysqli->prepare('INSERT INTO sta...')
#1 C:\xampp\htdocs\WebGNIS Files\stations_viewer.php(140): log_station_activity(Object(mysqli), 'grav_stations', '10001', 'Unknown Admin', 'update', '{"changes":{"or...')
#2 {main}
  thrown in C:\xampp\htdocs\WebGNIS Files\stations_viewer.php on line 10
[05-Jul-2025 08:48:15 Asia/Manila] PHP Fatal error:  Uncaught mysqli_sql_exception: Table 'webgnis_db.station_activity_log' doesn't exist in C:\xampp\htdocs\WebGNIS Files\stations_viewer.php:10
Stack trace:
#0 C:\xampp\htdocs\WebGNIS Files\stations_viewer.php(10): mysqli->prepare('INSERT INTO sta...')
#1 C:\xampp\htdocs\WebGNIS Files\stations_viewer.php(67): log_station_activity(Object(mysqli), 'grav_stations', 10001, 'Unknown Admin', 'delete', '{"station_id":"...')
#2 {main}
  thrown in C:\xampp\htdocs\WebGNIS Files\stations_viewer.php on line 10
[05-Jul-2025 08:52:46 Asia/Manila] Error logging station activity: Unknown column 'table_name' in 'field list'
[05-Jul-2025 08:52:46 Asia/Manila] Error logging station activity: Unknown column 'table_name' in 'field list'
[05-Jul-2025 08:52:46 Asia/Manila] Error logging station activity: Unknown column 'table_name' in 'field list'
[05-Jul-2025 08:52:46 Asia/Manila] Error logging station activity: Unknown column 'table_name' in 'field list'
[05-Jul-2025 08:52:46 Asia/Manila] Error logging station activity: Unknown column 'table_name' in 'field list'
[05-Jul-2025 08:52:46 Asia/Manila] Error logging station activity: Unknown column 'table_name' in 'field list'
[05-Jul-2025 08:52:46 Asia/Manila] Error logging station activity: Unknown column 'table_name' in 'field list'
[05-Jul-2025 08:52:46 Asia/Manila] Error logging station activity: Unknown column 'table_name' in 'field list'
[05-Jul-2025 08:52:46 Asia/Manila] Error logging station activity: Unknown column 'table_name' in 'field list'
[05-Jul-2025 08:52:46 Asia/Manila] Error logging station activity: Unknown column 'table_name' in 'field list'
[05-Jul-2025 08:52:46 Asia/Manila] Error logging station activity: Unknown column 'table_name' in 'field list'
[05-Jul-2025 08:52:46 Asia/Manila] Error logging station activity: Unknown column 'table_name' in 'field list'
[05-Jul-2025 08:52:46 Asia/Manila] Error logging station activity: Unknown column 'table_name' in 'field list'
[05-Jul-2025 08:52:46 Asia/Manila] Error logging station activity: Unknown column 'table_name' in 'field list'
[05-Jul-2025 08:52:46 Asia/Manila] Error logging station activity: Unknown column 'table_name' in 'field list'
[05-Jul-2025 08:52:46 Asia/Manila] Error logging station activity: Unknown column 'table_name' in 'field list'
[05-Jul-2025 08:52:46 Asia/Manila] Error logging station activity: Unknown column 'table_name' in 'field list'
[05-Jul-2025 08:52:46 Asia/Manila] Error logging station activity: Unknown column 'table_name' in 'field list'
[05-Jul-2025 08:52:46 Asia/Manila] Error logging station activity: Unknown column 'table_name' in 'field list'
[05-Jul-2025 08:52:46 Asia/Manila] Error logging station activity: Unknown column 'table_name' in 'field list'
[05-Jul-2025 08:52:46 Asia/Manila] Error logging station activity: Unknown column 'table_name' in 'field list'
[05-Jul-2025 08:52:46 Asia/Manila] Error logging station activity: Unknown column 'table_name' in 'field list'
[05-Jul-2025 08:52:46 Asia/Manila] Error logging station activity: Unknown column 'table_name' in 'field list'
[05-Jul-2025 08:52:46 Asia/Manila] Error logging station activity: Unknown column 'table_name' in 'field list'
[05-Jul-2025 08:52:46 Asia/Manila] Error logging station activity: Unknown column 'table_name' in 'field list'
[05-Jul-2025 08:52:46 Asia/Manila] Error logging station activity: Unknown column 'table_name' in 'field list'
[05-Jul-2025 08:52:46 Asia/Manila] Error logging station activity: Unknown column 'table_name' in 'field list'
[05-Jul-2025 08:52:46 Asia/Manila] Error logging station activity: Unknown column 'table_name' in 'field list'
[05-Jul-2025 08:52:46 Asia/Manila] Error logging station activity: Unknown column 'table_name' in 'field list'
[05-Jul-2025 08:52:46 Asia/Manila] Error logging station activity: Unknown column 'table_name' in 'field list'
[05-Jul-2025 08:52:46 Asia/Manila] Error logging station activity: Unknown column 'table_name' in 'field list'
[05-Jul-2025 08:52:46 Asia/Manila] Error logging station activity: Unknown column 'table_name' in 'field list'
[05-Jul-2025 08:52:46 Asia/Manila] Error logging station activity: Unknown column 'table_name' in 'field list'
[05-Jul-2025 08:52:46 Asia/Manila] Error logging station activity: Unknown column 'table_name' in 'field list'
[05-Jul-2025 08:52:46 Asia/Manila] Error logging station activity: Unknown column 'table_name' in 'field list'
[05-Jul-2025 08:52:46 Asia/Manila] Error logging station activity: Unknown column 'table_name' in 'field list'
[05-Jul-2025 08:52:46 Asia/Manila] Error logging station activity: Unknown column 'table_name' in 'field list'
[05-Jul-2025 08:52:46 Asia/Manila] Error logging station activity: Unknown column 'table_name' in 'field list'
[05-Jul-2025 08:53:16 Asia/Manila] Error logging station activity: Unknown column 'table_name' in 'field list'
[05-Jul-2025 08:53:16 Asia/Manila] Error logging station activity: Unknown column 'table_name' in 'field list'
[05-Jul-2025 08:53:16 Asia/Manila] Error logging station activity: Unknown column 'table_name' in 'field list'
[05-Jul-2025 08:53:16 Asia/Manila] Error logging station activity: Unknown column 'table_name' in 'field list'
[05-Jul-2025 08:53:16 Asia/Manila] Error logging station activity: Unknown column 'table_name' in 'field list'
[05-Jul-2025 08:53:16 Asia/Manila] Error logging station activity: Unknown column 'table_name' in 'field list'
[05-Jul-2025 08:53:16 Asia/Manila] Error logging station activity: Unknown column 'table_name' in 'field list'
[05-Jul-2025 08:53:16 Asia/Manila] Error logging station activity: Unknown column 'table_name' in 'field list'
[05-Jul-2025 08:53:17 Asia/Manila] Error logging station activity: Unknown column 'table_name' in 'field list'
[05-Jul-2025 08:53:17 Asia/Manila] Error logging station activity: Unknown column 'table_name' in 'field list'
[05-Jul-2025 08:53:17 Asia/Manila] Error logging station activity: Unknown column 'table_name' in 'field list'
[05-Jul-2025 08:53:17 Asia/Manila] Error logging station activity: Unknown column 'table_name' in 'field list'
[05-Jul-2025 08:53:17 Asia/Manila] Error logging station activity: Unknown column 'table_name' in 'field list'
[05-Jul-2025 08:53:17 Asia/Manila] Error logging station activity: Unknown column 'table_name' in 'field list'
[05-Jul-2025 08:53:17 Asia/Manila] Error logging station activity: Unknown column 'table_name' in 'field list'
[05-Jul-2025 08:53:17 Asia/Manila] Error logging station activity: Unknown column 'table_name' in 'field list'
[05-Jul-2025 08:53:17 Asia/Manila] Error logging station activity: Unknown column 'table_name' in 'field list'
[05-Jul-2025 08:53:17 Asia/Manila] Error logging station activity: Unknown column 'table_name' in 'field list'
[05-Jul-2025 08:53:17 Asia/Manila] Error logging station activity: Unknown column 'table_name' in 'field list'
[05-Jul-2025 08:53:17 Asia/Manila] Error logging station activity: Unknown column 'table_name' in 'field list'
[05-Jul-2025 08:53:17 Asia/Manila] Error logging station activity: Unknown column 'table_name' in 'field list'
[05-Jul-2025 08:53:17 Asia/Manila] Error logging station activity: Unknown column 'table_name' in 'field list'
[05-Jul-2025 08:53:17 Asia/Manila] Error logging station activity: Unknown column 'table_name' in 'field list'
[05-Jul-2025 08:53:17 Asia/Manila] Error logging station activity: Unknown column 'table_name' in 'field list'
[05-Jul-2025 08:53:17 Asia/Manila] Error logging station activity: Unknown column 'table_name' in 'field list'
[05-Jul-2025 08:53:17 Asia/Manila] Error logging station activity: Unknown column 'table_name' in 'field list'
[05-Jul-2025 08:53:17 Asia/Manila] Error logging station activity: Unknown column 'table_name' in 'field list'
[05-Jul-2025 08:53:17 Asia/Manila] Error logging station activity: Unknown column 'table_name' in 'field list'
[05-Jul-2025 08:53:17 Asia/Manila] Error logging station activity: Unknown column 'table_name' in 'field list'
[05-Jul-2025 08:53:17 Asia/Manila] Error logging station activity: Unknown column 'table_name' in 'field list'
[05-Jul-2025 08:53:17 Asia/Manila] Error logging station activity: Unknown column 'table_name' in 'field list'
[05-Jul-2025 08:53:17 Asia/Manila] Error logging station activity: Unknown column 'table_name' in 'field list'
[05-Jul-2025 08:53:17 Asia/Manila] Error logging station activity: Unknown column 'table_name' in 'field list'
[05-Jul-2025 08:53:17 Asia/Manila] Error logging station activity: Unknown column 'table_name' in 'field list'
[05-Jul-2025 08:53:17 Asia/Manila] Error logging station activity: Unknown column 'table_name' in 'field list'
[05-Jul-2025 08:53:17 Asia/Manila] Error logging station activity: Unknown column 'table_name' in 'field list'
[05-Jul-2025 08:53:17 Asia/Manila] Error logging station activity: Unknown column 'table_name' in 'field list'
[05-Jul-2025 08:53:17 Asia/Manila] Error logging station activity: Unknown column 'table_name' in 'field list'
[05-Jul-2025 08:53:17 Asia/Manila] Error logging station activity: Unknown column 'table_name' in 'field list'
[05-Jul-2025 08:53:17 Asia/Manila] Error logging station activity: Unknown column 'table_name' in 'field list'
[05-Jul-2025 08:53:17 Asia/Manila] Error logging station activity: Unknown column 'table_name' in 'field list'
[05-Jul-2025 08:53:17 Asia/Manila] Error logging station activity: Unknown column 'table_name' in 'field list'
[05-Jul-2025 08:53:17 Asia/Manila] Error logging station activity: Unknown column 'table_name' in 'field list'
[05-Jul-2025 08:53:17 Asia/Manila] Error logging station activity: Unknown column 'table_name' in 'field list'
[05-Jul-2025 09:09:39 Asia/Manila] LOGGING UPDATE: 10001
[05-Jul-2025 09:09:39 Asia/Manila] UNCHANGED: 10002
[05-Jul-2025 09:09:39 Asia/Manila] UNCHANGED: 10005
[05-Jul-2025 09:09:39 Asia/Manila] UNCHANGED: 10086
[05-Jul-2025 09:09:39 Asia/Manila] UNCHANGED: 20032
[05-Jul-2025 09:09:39 Asia/Manila] UNCHANGED: 20033
[05-Jul-2025 09:09:39 Asia/Manila] UNCHANGED: 20034
[05-Jul-2025 09:09:39 Asia/Manila] UNCHANGED: 20035
[05-Jul-2025 09:09:39 Asia/Manila] UNCHANGED: 20036
[05-Jul-2025 09:09:39 Asia/Manila] UNCHANGED: 20037
[05-Jul-2025 09:09:39 Asia/Manila] UNCHANGED: 20038
[05-Jul-2025 09:09:39 Asia/Manila] UNCHANGED: 20039
[05-Jul-2025 09:09:39 Asia/Manila] UNCHANGED: 20045
[05-Jul-2025 09:09:39 Asia/Manila] UNCHANGED: 20046
[05-Jul-2025 09:09:39 Asia/Manila] UNCHANGED: 20047
[05-Jul-2025 09:09:39 Asia/Manila] UNCHANGED: 20048
[05-Jul-2025 09:09:39 Asia/Manila] UNCHANGED: 20049
[05-Jul-2025 09:09:39 Asia/Manila] UNCHANGED: 20050
[05-Jul-2025 09:09:39 Asia/Manila] UNCHANGED: 20051
[05-Jul-2025 09:09:39 Asia/Manila] UNCHANGED: 20052
[05-Jul-2025 09:09:39 Asia/Manila] UNCHANGED: 20053
[05-Jul-2025 09:09:39 Asia/Manila] UNCHANGED: 20054
[05-Jul-2025 09:09:39 Asia/Manila] UNCHANGED: 20055
[05-Jul-2025 09:09:39 Asia/Manila] UNCHANGED: 20056
[05-Jul-2025 09:09:39 Asia/Manila] UNCHANGED: 20057
[05-Jul-2025 09:09:39 Asia/Manila] UNCHANGED: 20058
[05-Jul-2025 09:09:39 Asia/Manila] UNCHANGED: 20059
[05-Jul-2025 09:09:39 Asia/Manila] UNCHANGED: 20060
[05-Jul-2025 09:09:39 Asia/Manila] UNCHANGED: 20061
[05-Jul-2025 09:09:39 Asia/Manila] UNCHANGED: 20062
[05-Jul-2025 09:09:39 Asia/Manila] UNCHANGED: 20063
[05-Jul-2025 09:09:39 Asia/Manila] UNCHANGED: 20064
[05-Jul-2025 09:09:39 Asia/Manila] UNCHANGED: 20065
[05-Jul-2025 09:09:39 Asia/Manila] UNCHANGED: 20066
[05-Jul-2025 09:09:39 Asia/Manila] UNCHANGED: 20067
[05-Jul-2025 09:09:39 Asia/Manila] UNCHANGED: 90001
[05-Jul-2025 09:09:39 Asia/Manila] UNCHANGED: 90002
[05-Jul-2025 09:09:39 Asia/Manila] UNCHANGED: 90003
[05-Jul-2025 09:09:39 Asia/Manila] UNCHANGED: 111
[05-Jul-2025 09:09:39 Asia/Manila] UNCHANGED: 222
[05-Jul-2025 09:09:39 Asia/Manila] UNCHANGED: 333
[05-Jul-2025 09:09:39 Asia/Manila] UNCHANGED: 444
[05-Jul-2025 09:09:39 Asia/Manila] UNCHANGED: 555
[05-Jul-2025 09:09:55 Asia/Manila] UNCHANGED: 10001
[05-Jul-2025 09:09:55 Asia/Manila] UNCHANGED: 10002
[05-Jul-2025 09:09:55 Asia/Manila] UNCHANGED: 10005
[05-Jul-2025 09:09:55 Asia/Manila] UNCHANGED: 10086
[05-Jul-2025 09:09:55 Asia/Manila] UNCHANGED: 20032
[05-Jul-2025 09:09:55 Asia/Manila] UNCHANGED: 20033
[05-Jul-2025 09:09:55 Asia/Manila] UNCHANGED: 20034
[05-Jul-2025 09:09:55 Asia/Manila] UNCHANGED: 20035
[05-Jul-2025 09:09:55 Asia/Manila] UNCHANGED: 20036
[05-Jul-2025 09:09:55 Asia/Manila] UNCHANGED: 20037
[05-Jul-2025 09:09:55 Asia/Manila] UNCHANGED: 20038
[05-Jul-2025 09:09:55 Asia/Manila] UNCHANGED: 20039
[05-Jul-2025 09:09:55 Asia/Manila] UNCHANGED: 20045
[05-Jul-2025 09:09:55 Asia/Manila] UNCHANGED: 20046
[05-Jul-2025 09:09:55 Asia/Manila] UNCHANGED: 20047
[05-Jul-2025 09:09:55 Asia/Manila] UNCHANGED: 20048
[05-Jul-2025 09:09:55 Asia/Manila] UNCHANGED: 20049
[05-Jul-2025 09:09:55 Asia/Manila] UNCHANGED: 20050
[05-Jul-2025 09:09:55 Asia/Manila] UNCHANGED: 20051
[05-Jul-2025 09:09:55 Asia/Manila] UNCHANGED: 20052
[05-Jul-2025 09:09:55 Asia/Manila] UNCHANGED: 20053
[05-Jul-2025 09:09:55 Asia/Manila] UNCHANGED: 20054
[05-Jul-2025 09:09:55 Asia/Manila] UNCHANGED: 20055
[05-Jul-2025 09:09:55 Asia/Manila] UNCHANGED: 20056
[05-Jul-2025 09:09:55 Asia/Manila] UNCHANGED: 20057
[05-Jul-2025 09:09:55 Asia/Manila] UNCHANGED: 20058
[05-Jul-2025 09:09:55 Asia/Manila] UNCHANGED: 20059
[05-Jul-2025 09:09:55 Asia/Manila] UNCHANGED: 20060
[05-Jul-2025 09:09:55 Asia/Manila] UNCHANGED: 20061
[05-Jul-2025 09:09:55 Asia/Manila] UNCHANGED: 20062
[05-Jul-2025 09:09:55 Asia/Manila] UNCHANGED: 20063
[05-Jul-2025 09:09:55 Asia/Manila] UNCHANGED: 20064
[05-Jul-2025 09:09:55 Asia/Manila] UNCHANGED: 20065
[05-Jul-2025 09:09:55 Asia/Manila] UNCHANGED: 20066
[05-Jul-2025 09:09:55 Asia/Manila] UNCHANGED: 20067
[05-Jul-2025 09:09:55 Asia/Manila] UNCHANGED: 90001
[05-Jul-2025 09:09:55 Asia/Manila] UNCHANGED: 90002
[05-Jul-2025 09:09:55 Asia/Manila] UNCHANGED: 90003
[05-Jul-2025 09:09:55 Asia/Manila] UNCHANGED: 111
[05-Jul-2025 09:09:55 Asia/Manila] UNCHANGED: 222
[05-Jul-2025 09:09:55 Asia/Manila] UNCHANGED: 333
[05-Jul-2025 09:09:55 Asia/Manila] UNCHANGED: 444
[05-Jul-2025 09:09:55 Asia/Manila] LOGGING DELETE: 555
[05-Jul-2025 12:02:35 Asia/Manila] UNCHANGED: 10001
[05-Jul-2025 12:02:35 Asia/Manila] UNCHANGED: 10002
[05-Jul-2025 12:02:35 Asia/Manila] UNCHANGED: 10005
[05-Jul-2025 12:02:35 Asia/Manila] UNCHANGED: 10086
[05-Jul-2025 12:02:35 Asia/Manila] UNCHANGED: 20032
[05-Jul-2025 12:02:35 Asia/Manila] UNCHANGED: 20033
[05-Jul-2025 12:02:35 Asia/Manila] UNCHANGED: 20034
[05-Jul-2025 12:02:35 Asia/Manila] UNCHANGED: 20035
[05-Jul-2025 12:02:35 Asia/Manila] UNCHANGED: 20036
[05-Jul-2025 12:02:35 Asia/Manila] UNCHANGED: 20037
[05-Jul-2025 12:02:35 Asia/Manila] UNCHANGED: 20038
[05-Jul-2025 12:02:35 Asia/Manila] UNCHANGED: 20039
[05-Jul-2025 12:02:35 Asia/Manila] UNCHANGED: 20045
[05-Jul-2025 12:02:35 Asia/Manila] UNCHANGED: 20046
[05-Jul-2025 12:02:35 Asia/Manila] UNCHANGED: 20047
[05-Jul-2025 12:02:35 Asia/Manila] UNCHANGED: 20048
[05-Jul-2025 12:02:35 Asia/Manila] UNCHANGED: 20049
[05-Jul-2025 12:02:35 Asia/Manila] UNCHANGED: 20050
[05-Jul-2025 12:02:35 Asia/Manila] UNCHANGED: 20051
[05-Jul-2025 12:02:35 Asia/Manila] UNCHANGED: 20052
[05-Jul-2025 12:02:35 Asia/Manila] UNCHANGED: 20053
[05-Jul-2025 12:02:35 Asia/Manila] UNCHANGED: 20054
[05-Jul-2025 12:02:35 Asia/Manila] UNCHANGED: 20055
[05-Jul-2025 12:02:35 Asia/Manila] UNCHANGED: 20056
[05-Jul-2025 12:02:35 Asia/Manila] UNCHANGED: 20057
[05-Jul-2025 12:02:35 Asia/Manila] UNCHANGED: 20058
[05-Jul-2025 12:02:35 Asia/Manila] UNCHANGED: 20059
[05-Jul-2025 12:02:35 Asia/Manila] UNCHANGED: 20060
[05-Jul-2025 12:02:35 Asia/Manila] UNCHANGED: 20061
[05-Jul-2025 12:02:35 Asia/Manila] UNCHANGED: 20062
[05-Jul-2025 12:02:35 Asia/Manila] UNCHANGED: 20063
[05-Jul-2025 12:02:35 Asia/Manila] UNCHANGED: 20064
[05-Jul-2025 12:02:35 Asia/Manila] UNCHANGED: 20065
[05-Jul-2025 12:02:35 Asia/Manila] UNCHANGED: 20066
[05-Jul-2025 12:02:35 Asia/Manila] UNCHANGED: 20067
[05-Jul-2025 12:02:35 Asia/Manila] UNCHANGED: 90001
[05-Jul-2025 12:02:35 Asia/Manila] UNCHANGED: 90002
[05-Jul-2025 12:02:35 Asia/Manila] UNCHANGED: 90003
[05-Jul-2025 12:02:35 Asia/Manila] UNCHANGED: 111
[05-Jul-2025 12:02:35 Asia/Manila] UNCHANGED: 222
[05-Jul-2025 12:02:35 Asia/Manila] LOGGING UPDATE: 333
[05-Jul-2025 12:02:35 Asia/Manila] UNCHANGED: 444
[05-Jul-2025 12:02:35 Asia/Manila] UNCHANGED: 555
[05-Jul-2025 12:02:35 Asia/Manila] UNCHANGED: 666
[05-Jul-2025 12:03:35 Asia/Manila] UNCHANGED: 10001
[05-Jul-2025 12:03:35 Asia/Manila] UNCHANGED: 10002
[05-Jul-2025 12:03:35 Asia/Manila] UNCHANGED: 10005
[05-Jul-2025 12:03:35 Asia/Manila] UNCHANGED: 10086
[05-Jul-2025 12:03:35 Asia/Manila] UNCHANGED: 20032
[05-Jul-2025 12:03:35 Asia/Manila] UNCHANGED: 20033
[05-Jul-2025 12:03:35 Asia/Manila] UNCHANGED: 20034
[05-Jul-2025 12:03:35 Asia/Manila] UNCHANGED: 20035
[05-Jul-2025 12:03:35 Asia/Manila] UNCHANGED: 20036
[05-Jul-2025 12:03:35 Asia/Manila] UNCHANGED: 20037
[05-Jul-2025 12:03:35 Asia/Manila] UNCHANGED: 20038
[05-Jul-2025 12:03:35 Asia/Manila] UNCHANGED: 20039
[05-Jul-2025 12:03:35 Asia/Manila] UNCHANGED: 20045
[05-Jul-2025 12:03:35 Asia/Manila] UNCHANGED: 20046
[05-Jul-2025 12:03:35 Asia/Manila] UNCHANGED: 20047
[05-Jul-2025 12:03:35 Asia/Manila] UNCHANGED: 20048
[05-Jul-2025 12:03:35 Asia/Manila] UNCHANGED: 20049
[05-Jul-2025 12:03:35 Asia/Manila] UNCHANGED: 20050
[05-Jul-2025 12:03:35 Asia/Manila] UNCHANGED: 20051
[05-Jul-2025 12:03:35 Asia/Manila] UNCHANGED: 20052
[05-Jul-2025 12:03:35 Asia/Manila] UNCHANGED: 20053
[05-Jul-2025 12:03:35 Asia/Manila] UNCHANGED: 20054
[05-Jul-2025 12:03:35 Asia/Manila] UNCHANGED: 20055
[05-Jul-2025 12:03:35 Asia/Manila] UNCHANGED: 20056
[05-Jul-2025 12:03:35 Asia/Manila] UNCHANGED: 20057
[05-Jul-2025 12:03:35 Asia/Manila] UNCHANGED: 20058
[05-Jul-2025 12:03:35 Asia/Manila] UNCHANGED: 20059
[05-Jul-2025 12:03:35 Asia/Manila] UNCHANGED: 20060
[05-Jul-2025 12:03:35 Asia/Manila] UNCHANGED: 20061
[05-Jul-2025 12:03:35 Asia/Manila] UNCHANGED: 20062
[05-Jul-2025 12:03:35 Asia/Manila] UNCHANGED: 20063
[05-Jul-2025 12:03:35 Asia/Manila] UNCHANGED: 20064
[05-Jul-2025 12:03:35 Asia/Manila] UNCHANGED: 20065
[05-Jul-2025 12:03:35 Asia/Manila] UNCHANGED: 20066
[05-Jul-2025 12:03:35 Asia/Manila] UNCHANGED: 20067
[05-Jul-2025 12:03:35 Asia/Manila] UNCHANGED: 90001
[05-Jul-2025 12:03:35 Asia/Manila] UNCHANGED: 90002
[05-Jul-2025 12:03:35 Asia/Manila] UNCHANGED: 90003
[05-Jul-2025 12:03:35 Asia/Manila] UNCHANGED: 222
[05-Jul-2025 12:03:35 Asia/Manila] UNCHANGED: 333
[05-Jul-2025 12:03:35 Asia/Manila] UNCHANGED: 666
[05-Jul-2025 12:03:35 Asia/Manila] LOGGING DELETE: 111
[05-Jul-2025 12:03:35 Asia/Manila] LOGGING DELETE: 444
[05-Jul-2025 12:03:35 Asia/Manila] LOGGING DELETE: 555
[05-Jul-2025 12:10:49 Asia/Manila] UNCHANGED: 10001
[05-Jul-2025 12:10:49 Asia/Manila] UNCHANGED: 10002
[05-Jul-2025 12:10:49 Asia/Manila] UNCHANGED: 10005
[05-Jul-2025 12:10:49 Asia/Manila] UNCHANGED: 10086
[05-Jul-2025 12:10:49 Asia/Manila] UNCHANGED: 20032
[05-Jul-2025 12:10:49 Asia/Manila] UNCHANGED: 20033
[05-Jul-2025 12:10:49 Asia/Manila] UNCHANGED: 20034
[05-Jul-2025 12:10:49 Asia/Manila] UNCHANGED: 20035
[05-Jul-2025 12:10:49 Asia/Manila] UNCHANGED: 20036
[05-Jul-2025 12:10:49 Asia/Manila] UNCHANGED: 20037
[05-Jul-2025 12:10:49 Asia/Manila] UNCHANGED: 20038
[05-Jul-2025 12:10:49 Asia/Manila] UNCHANGED: 20039
[05-Jul-2025 12:10:49 Asia/Manila] UNCHANGED: 20045
[05-Jul-2025 12:10:49 Asia/Manila] UNCHANGED: 20046
[05-Jul-2025 12:10:49 Asia/Manila] UNCHANGED: 20047
[05-Jul-2025 12:10:49 Asia/Manila] UNCHANGED: 20048
[05-Jul-2025 12:10:49 Asia/Manila] UNCHANGED: 20049
[05-Jul-2025 12:10:49 Asia/Manila] UNCHANGED: 20050
[05-Jul-2025 12:10:49 Asia/Manila] UNCHANGED: 20051
[05-Jul-2025 12:10:49 Asia/Manila] UNCHANGED: 20052
[05-Jul-2025 12:10:49 Asia/Manila] UNCHANGED: 20053
[05-Jul-2025 12:10:49 Asia/Manila] UNCHANGED: 20054
[05-Jul-2025 12:10:49 Asia/Manila] UNCHANGED: 20055
[05-Jul-2025 12:10:49 Asia/Manila] UNCHANGED: 20056
[05-Jul-2025 12:10:49 Asia/Manila] UNCHANGED: 20057
[05-Jul-2025 12:10:49 Asia/Manila] UNCHANGED: 20058
[05-Jul-2025 12:10:49 Asia/Manila] UNCHANGED: 20059
[05-Jul-2025 12:10:49 Asia/Manila] UNCHANGED: 20060
[05-Jul-2025 12:10:49 Asia/Manila] UNCHANGED: 20061
[05-Jul-2025 12:10:49 Asia/Manila] UNCHANGED: 20062
[05-Jul-2025 12:10:49 Asia/Manila] UNCHANGED: 20063
[05-Jul-2025 12:10:49 Asia/Manila] UNCHANGED: 20064
[05-Jul-2025 12:10:49 Asia/Manila] UNCHANGED: 20065
[05-Jul-2025 12:10:49 Asia/Manila] UNCHANGED: 20066
[05-Jul-2025 12:10:49 Asia/Manila] UNCHANGED: 20067
[05-Jul-2025 12:10:49 Asia/Manila] UNCHANGED: 90001
[05-Jul-2025 12:10:49 Asia/Manila] UNCHANGED: 90002
[05-Jul-2025 12:10:49 Asia/Manila] UNCHANGED: 90003
[05-Jul-2025 12:10:49 Asia/Manila] UNCHANGED: 222
[05-Jul-2025 12:10:49 Asia/Manila] UNCHANGED: 111
[05-Jul-2025 12:10:49 Asia/Manila] LOGGING DELETE: 333
[05-Jul-2025 12:10:49 Asia/Manila] LOGGING DELETE: 666
[05-Jul-2025 12:10:49 Asia/Manila] LOGGING DELETE: 444
[05-Jul-2025 12:10:49 Asia/Manila] LOGGING DELETE: 555
[05-Jul-2025 12:13:32 Asia/Manila] UNCHANGED: 10001
[05-Jul-2025 12:13:32 Asia/Manila] UNCHANGED: 10002
[05-Jul-2025 12:13:32 Asia/Manila] UNCHANGED: 10005
[05-Jul-2025 12:13:32 Asia/Manila] UNCHANGED: 10086
[05-Jul-2025 12:13:32 Asia/Manila] UNCHANGED: 20032
[05-Jul-2025 12:13:32 Asia/Manila] UNCHANGED: 20033
[05-Jul-2025 12:13:32 Asia/Manila] UNCHANGED: 20034
[05-Jul-2025 12:13:32 Asia/Manila] UNCHANGED: 20035
[05-Jul-2025 12:13:32 Asia/Manila] UNCHANGED: 20036
[05-Jul-2025 12:13:32 Asia/Manila] UNCHANGED: 20037
[05-Jul-2025 12:13:32 Asia/Manila] UNCHANGED: 20038
[05-Jul-2025 12:13:32 Asia/Manila] UNCHANGED: 20039
[05-Jul-2025 12:13:32 Asia/Manila] UNCHANGED: 20045
[05-Jul-2025 12:13:32 Asia/Manila] UNCHANGED: 20046
[05-Jul-2025 12:13:32 Asia/Manila] UNCHANGED: 20047
[05-Jul-2025 12:13:32 Asia/Manila] UNCHANGED: 20048
[05-Jul-2025 12:13:32 Asia/Manila] UNCHANGED: 20049
[05-Jul-2025 12:13:32 Asia/Manila] UNCHANGED: 20050
[05-Jul-2025 12:13:32 Asia/Manila] UNCHANGED: 20051
[05-Jul-2025 12:13:32 Asia/Manila] UNCHANGED: 20052
[05-Jul-2025 12:13:32 Asia/Manila] UNCHANGED: 20053
[05-Jul-2025 12:13:32 Asia/Manila] UNCHANGED: 20054
[05-Jul-2025 12:13:32 Asia/Manila] UNCHANGED: 20055
[05-Jul-2025 12:13:32 Asia/Manila] UNCHANGED: 20056
[05-Jul-2025 12:13:32 Asia/Manila] UNCHANGED: 20057
[05-Jul-2025 12:13:32 Asia/Manila] UNCHANGED: 20058
[05-Jul-2025 12:13:32 Asia/Manila] UNCHANGED: 20059
[05-Jul-2025 12:13:32 Asia/Manila] UNCHANGED: 20060
[05-Jul-2025 12:13:32 Asia/Manila] UNCHANGED: 20061
[05-Jul-2025 12:13:32 Asia/Manila] UNCHANGED: 20062
[05-Jul-2025 12:13:32 Asia/Manila] UNCHANGED: 20063
[05-Jul-2025 12:13:32 Asia/Manila] UNCHANGED: 20064
[05-Jul-2025 12:13:32 Asia/Manila] UNCHANGED: 20065
[05-Jul-2025 12:13:32 Asia/Manila] UNCHANGED: 20066
[05-Jul-2025 12:13:32 Asia/Manila] UNCHANGED: 20067
[05-Jul-2025 12:13:32 Asia/Manila] UNCHANGED: 90001
[05-Jul-2025 12:13:32 Asia/Manila] UNCHANGED: 90002
[05-Jul-2025 12:13:32 Asia/Manila] UNCHANGED: 90003
[05-Jul-2025 12:13:32 Asia/Manila] UNCHANGED: 111
[05-Jul-2025 12:13:32 Asia/Manila] UNCHANGED: 333
[05-Jul-2025 12:13:32 Asia/Manila] UNCHANGED: 444
[05-Jul-2025 12:13:32 Asia/Manila] UNCHANGED: 555
[05-Jul-2025 12:13:32 Asia/Manila] UNCHANGED: 666
[05-Jul-2025 12:13:32 Asia/Manila] LOGGING DELETE: 222
[05-Jul-2025 12:17:54 Asia/Manila] UNCHANGED: 10001
[05-Jul-2025 12:17:54 Asia/Manila] UNCHANGED: 10002
[05-Jul-2025 12:17:54 Asia/Manila] UNCHANGED: 10005
[05-Jul-2025 12:17:54 Asia/Manila] UNCHANGED: 10086
[05-Jul-2025 12:17:54 Asia/Manila] UNCHANGED: 20032
[05-Jul-2025 12:17:54 Asia/Manila] UNCHANGED: 20033
[05-Jul-2025 12:17:54 Asia/Manila] UNCHANGED: 20034
[05-Jul-2025 12:17:54 Asia/Manila] UNCHANGED: 20035
[05-Jul-2025 12:17:54 Asia/Manila] UNCHANGED: 20036
[05-Jul-2025 12:17:54 Asia/Manila] UNCHANGED: 20037
[05-Jul-2025 12:17:54 Asia/Manila] UNCHANGED: 20038
[05-Jul-2025 12:17:54 Asia/Manila] UNCHANGED: 20039
[05-Jul-2025 12:17:54 Asia/Manila] UNCHANGED: 20045
[05-Jul-2025 12:17:54 Asia/Manila] UNCHANGED: 20046
[05-Jul-2025 12:17:54 Asia/Manila] UNCHANGED: 20047
[05-Jul-2025 12:17:54 Asia/Manila] UNCHANGED: 20048
[05-Jul-2025 12:17:54 Asia/Manila] UNCHANGED: 20049
[05-Jul-2025 12:17:54 Asia/Manila] UNCHANGED: 20050
[05-Jul-2025 12:17:54 Asia/Manila] UNCHANGED: 20051
[05-Jul-2025 12:17:54 Asia/Manila] UNCHANGED: 20052
[05-Jul-2025 12:17:54 Asia/Manila] UNCHANGED: 20053
[05-Jul-2025 12:17:54 Asia/Manila] UNCHANGED: 20054
[05-Jul-2025 12:17:54 Asia/Manila] UNCHANGED: 20055
[05-Jul-2025 12:17:54 Asia/Manila] UNCHANGED: 20056
[05-Jul-2025 12:17:54 Asia/Manila] UNCHANGED: 20057
[05-Jul-2025 12:17:54 Asia/Manila] UNCHANGED: 20058
[05-Jul-2025 12:17:54 Asia/Manila] UNCHANGED: 20059
[05-Jul-2025 12:17:54 Asia/Manila] UNCHANGED: 20060
[05-Jul-2025 12:17:54 Asia/Manila] UNCHANGED: 20061
[05-Jul-2025 12:17:54 Asia/Manila] UNCHANGED: 20062
[05-Jul-2025 12:17:54 Asia/Manila] UNCHANGED: 20063
[05-Jul-2025 12:17:54 Asia/Manila] UNCHANGED: 20064
[05-Jul-2025 12:17:54 Asia/Manila] UNCHANGED: 20065
[05-Jul-2025 12:17:54 Asia/Manila] UNCHANGED: 20066
[05-Jul-2025 12:17:54 Asia/Manila] UNCHANGED: 20067
[05-Jul-2025 12:17:54 Asia/Manila] UNCHANGED: 90001
[05-Jul-2025 12:17:54 Asia/Manila] UNCHANGED: 90002
[05-Jul-2025 12:17:54 Asia/Manila] UNCHANGED: 90003
[05-Jul-2025 12:17:54 Asia/Manila] LOGGING UPDATE: 111
[05-Jul-2025 12:17:54 Asia/Manila] UNCHANGED: 333
[05-Jul-2025 12:17:54 Asia/Manila] UNCHANGED: 444
[05-Jul-2025 12:17:54 Asia/Manila] UNCHANGED: 555
[05-Jul-2025 12:17:54 Asia/Manila] UNCHANGED: 666
[07-Jul-2025 07:45:01 Europe/Berlin] No authentication token provided in request
[07-Jul-2025 13:45:01 Asia/Manila] API Request: /api/stations/horizontal
[07-Jul-2025 13:45:01 Asia/Manila] API Request: /api/stations/horizontal
[07-Jul-2025 07:45:54 Europe/Berlin] No authentication token provided in request
[07-Jul-2025 13:45:54 Asia/Manila] API Request: /api/stations/horizontal
[07-Jul-2025 13:45:55 Asia/Manila] API Request: /api/stations/horizontal
[07-Jul-2025 07:46:14 Europe/Berlin] Verifying token: eyJ0eXAiOi...
[07-Jul-2025 07:46:14 Europe/Berlin] Token belongs to user_id: 1
[07-Jul-2025 07:46:14 Europe/Berlin] getCartItems raw fetched items: Array
(
)

[07-Jul-2025 07:46:15 Europe/Berlin] Verifying token: eyJ0eXAiOi...
[07-Jul-2025 07:46:15 Europe/Berlin] Token belongs to user_id: 1
[07-Jul-2025 07:46:15 Europe/Berlin] getCartItems raw fetched items: Array
(
)

[07-Jul-2025 13:46:15 Asia/Manila] API Request: /api/stations/horizontal
[07-Jul-2025 13:46:15 Asia/Manila] API Request: /api/stations/horizontal
[07-Jul-2025 07:46:18 Europe/Berlin] Verifying token: eyJ0eXAiOi...
[07-Jul-2025 07:46:18 Europe/Berlin] Verifying token: eyJ0eXAiOi...
[07-Jul-2025 07:46:18 Europe/Berlin] Token belongs to user_id: 1
[07-Jul-2025 07:46:18 Europe/Berlin] Starting cart sync for user_id: 1
[07-Jul-2025 07:46:18 Europe/Berlin] Syncing from guest session: guest_1748692627518_inawyi6651j to user: 1
[07-Jul-2025 07:46:18 Europe/Berlin] No guest cart found for session_id: guest_1748692627518_inawyi6651j
[07-Jul-2025 07:46:18 Europe/Berlin] Token belongs to user_id: 1
[07-Jul-2025 07:46:18 Europe/Berlin] getCartItems raw fetched items: Array
(
)

[07-Jul-2025 07:46:18 Europe/Berlin] Verifying token: eyJ0eXAiOi...
[07-Jul-2025 07:46:18 Europe/Berlin] Token belongs to user_id: 1
[07-Jul-2025 07:46:18 Europe/Berlin] getCartItems raw fetched items: Array
(
)

[07-Jul-2025 14:22:32 Asia/Manila] LOGGING UPDATE: 10001
[07-Jul-2025 14:22:32 Asia/Manila] UNCHANGED: 10002
[07-Jul-2025 14:22:32 Asia/Manila] UNCHANGED: 10005
[07-Jul-2025 14:22:32 Asia/Manila] UNCHANGED: 10086
[07-Jul-2025 14:22:32 Asia/Manila] UNCHANGED: 20032
[07-Jul-2025 14:22:32 Asia/Manila] UNCHANGED: 20033
[07-Jul-2025 14:22:32 Asia/Manila] UNCHANGED: 20034
[07-Jul-2025 14:22:32 Asia/Manila] UNCHANGED: 20035
[07-Jul-2025 14:22:32 Asia/Manila] UNCHANGED: 20036
[07-Jul-2025 14:22:32 Asia/Manila] UNCHANGED: 20037
[07-Jul-2025 14:22:32 Asia/Manila] UNCHANGED: 20038
[07-Jul-2025 14:22:32 Asia/Manila] UNCHANGED: 20039
[07-Jul-2025 14:22:32 Asia/Manila] UNCHANGED: 20045
[07-Jul-2025 14:22:32 Asia/Manila] UNCHANGED: 20046
[07-Jul-2025 14:22:32 Asia/Manila] UNCHANGED: 20047
[07-Jul-2025 14:22:32 Asia/Manila] UNCHANGED: 20048
[07-Jul-2025 14:22:32 Asia/Manila] UNCHANGED: 20049
[07-Jul-2025 14:22:32 Asia/Manila] UNCHANGED: 20050
[07-Jul-2025 14:22:32 Asia/Manila] UNCHANGED: 20051
[07-Jul-2025 14:22:32 Asia/Manila] UNCHANGED: 20052
[07-Jul-2025 14:22:32 Asia/Manila] UNCHANGED: 20053
[07-Jul-2025 14:22:32 Asia/Manila] UNCHANGED: 20054
[07-Jul-2025 14:22:32 Asia/Manila] UNCHANGED: 20055
[07-Jul-2025 14:22:32 Asia/Manila] UNCHANGED: 20056
[07-Jul-2025 14:22:32 Asia/Manila] UNCHANGED: 20057
[07-Jul-2025 14:22:32 Asia/Manila] UNCHANGED: 20058
[07-Jul-2025 14:22:32 Asia/Manila] UNCHANGED: 20059
[07-Jul-2025 14:22:32 Asia/Manila] UNCHANGED: 20060
[07-Jul-2025 14:22:32 Asia/Manila] UNCHANGED: 20061
[07-Jul-2025 14:22:32 Asia/Manila] UNCHANGED: 20062
[07-Jul-2025 14:22:32 Asia/Manila] UNCHANGED: 20063
[07-Jul-2025 14:22:32 Asia/Manila] UNCHANGED: 20064
[07-Jul-2025 14:22:32 Asia/Manila] UNCHANGED: 20065
[07-Jul-2025 14:22:32 Asia/Manila] UNCHANGED: 20066
[07-Jul-2025 14:22:32 Asia/Manila] UNCHANGED: 20067
[07-Jul-2025 14:22:32 Asia/Manila] UNCHANGED: 90001
[07-Jul-2025 14:22:32 Asia/Manila] UNCHANGED: 90002
[07-Jul-2025 14:22:32 Asia/Manila] UNCHANGED: 90003
[07-Jul-2025 14:22:32 Asia/Manila] UNCHANGED: 111
[07-Jul-2025 14:22:32 Asia/Manila] UNCHANGED: 333
[07-Jul-2025 14:22:32 Asia/Manila] UNCHANGED: 444
[07-Jul-2025 14:22:32 Asia/Manila] UNCHANGED: 555
[07-Jul-2025 14:22:32 Asia/Manila] UNCHANGED: 666
[07-Jul-2025 14:23:40 Asia/Manila] UNCHANGED: 10001
[07-Jul-2025 14:23:40 Asia/Manila] UNCHANGED: 10002
[07-Jul-2025 14:23:40 Asia/Manila] UNCHANGED: 10005
[07-Jul-2025 14:23:40 Asia/Manila] UNCHANGED: 10086
[07-Jul-2025 14:23:40 Asia/Manila] UNCHANGED: 20032
[07-Jul-2025 14:23:40 Asia/Manila] UNCHANGED: 20033
[07-Jul-2025 14:23:40 Asia/Manila] UNCHANGED: 20034
[07-Jul-2025 14:23:40 Asia/Manila] UNCHANGED: 20035
[07-Jul-2025 14:23:40 Asia/Manila] UNCHANGED: 20036
[07-Jul-2025 14:23:40 Asia/Manila] UNCHANGED: 20037
[07-Jul-2025 14:23:40 Asia/Manila] UNCHANGED: 20038
[07-Jul-2025 14:23:40 Asia/Manila] UNCHANGED: 20039
[07-Jul-2025 14:23:40 Asia/Manila] UNCHANGED: 20045
[07-Jul-2025 14:23:40 Asia/Manila] UNCHANGED: 20046
[07-Jul-2025 14:23:40 Asia/Manila] UNCHANGED: 20047
[07-Jul-2025 14:23:40 Asia/Manila] UNCHANGED: 20048
[07-Jul-2025 14:23:40 Asia/Manila] UNCHANGED: 20049
[07-Jul-2025 14:23:40 Asia/Manila] UNCHANGED: 20050
[07-Jul-2025 14:23:40 Asia/Manila] UNCHANGED: 20051
[07-Jul-2025 14:23:40 Asia/Manila] UNCHANGED: 20052
[07-Jul-2025 14:23:40 Asia/Manila] UNCHANGED: 20053
[07-Jul-2025 14:23:40 Asia/Manila] UNCHANGED: 20054
[07-Jul-2025 14:23:40 Asia/Manila] UNCHANGED: 20055
[07-Jul-2025 14:23:40 Asia/Manila] UNCHANGED: 20056
[07-Jul-2025 14:23:40 Asia/Manila] UNCHANGED: 20057
[07-Jul-2025 14:23:40 Asia/Manila] UNCHANGED: 20058
[07-Jul-2025 14:23:40 Asia/Manila] UNCHANGED: 20059
[07-Jul-2025 14:23:40 Asia/Manila] UNCHANGED: 20060
[07-Jul-2025 14:23:40 Asia/Manila] UNCHANGED: 20061
[07-Jul-2025 14:23:40 Asia/Manila] UNCHANGED: 20062
[07-Jul-2025 14:23:40 Asia/Manila] UNCHANGED: 20063
[07-Jul-2025 14:23:40 Asia/Manila] UNCHANGED: 20064
[07-Jul-2025 14:23:40 Asia/Manila] UNCHANGED: 20065
[07-Jul-2025 14:23:40 Asia/Manila] UNCHANGED: 20066
[07-Jul-2025 14:23:40 Asia/Manila] UNCHANGED: 20067
[07-Jul-2025 14:23:40 Asia/Manila] UNCHANGED: 90001
[07-Jul-2025 14:23:40 Asia/Manila] UNCHANGED: 90002
[07-Jul-2025 14:23:40 Asia/Manila] UNCHANGED: 90003
[07-Jul-2025 14:23:40 Asia/Manila] UNCHANGED: 111
[07-Jul-2025 14:23:40 Asia/Manila] UNCHANGED: 333
[07-Jul-2025 14:23:40 Asia/Manila] LOGGING DELETE: 444
[07-Jul-2025 14:23:40 Asia/Manila] LOGGING DELETE: 555
[07-Jul-2025 14:23:40 Asia/Manila] LOGGING DELETE: 666
[10-Jul-2025 08:19:46 Europe/Berlin] No authentication token provided in request
[10-Jul-2025 14:19:46 Asia/Manila] API Request: /api/stations/horizontal
[10-Jul-2025 14:19:47 Asia/Manila] API Request: /api/stations/horizontal
[10-Jul-2025 08:20:12 Europe/Berlin] No authentication token provided in request
[10-Jul-2025 14:20:12 Asia/Manila] API Request: /api/stations/horizontal
[10-Jul-2025 14:20:12 Asia/Manila] API Request: /api/stations/horizontal
[10-Jul-2025 08:20:31 Europe/Berlin] No authentication token provided in request
[10-Jul-2025 14:20:31 Asia/Manila] API Request: /api/stations/horizontal
[10-Jul-2025 14:20:31 Asia/Manila] API Request: /api/stations/horizontal
[10-Jul-2025 08:21:01 Europe/Berlin] Verifying token: eyJ0eXAiOi...
[10-Jul-2025 08:21:01 Europe/Berlin] Token belongs to user_id: 1
[10-Jul-2025 08:21:01 Europe/Berlin] getCartItems raw fetched items: Array
(
)

[10-Jul-2025 08:21:02 Europe/Berlin] Verifying token: eyJ0eXAiOi...
[10-Jul-2025 08:21:02 Europe/Berlin] Token belongs to user_id: 1
[10-Jul-2025 08:21:02 Europe/Berlin] getCartItems raw fetched items: Array
(
)

[10-Jul-2025 14:21:02 Asia/Manila] API Request: /api/stations/horizontal
[10-Jul-2025 14:21:02 Asia/Manila] API Request: /api/stations/horizontal
[10-Jul-2025 08:21:03 Europe/Berlin] Verifying token: eyJ0eXAiOi...
[10-Jul-2025 08:21:03 Europe/Berlin] Token belongs to user_id: 1
[10-Jul-2025 08:21:03 Europe/Berlin] getCartItems raw fetched items: Array
(
)

[10-Jul-2025 08:21:03 Europe/Berlin] Verifying token: eyJ0eXAiOi...
[10-Jul-2025 08:21:03 Europe/Berlin] Token belongs to user_id: 1
[10-Jul-2025 08:21:03 Europe/Berlin] Starting cart sync for user_id: 1
[10-Jul-2025 08:21:03 Europe/Berlin] Syncing from guest session: guest_1748692627518_inawyi6651j to user: 1
[10-Jul-2025 08:21:03 Europe/Berlin] No guest cart found for session_id: guest_1748692627518_inawyi6651j
[10-Jul-2025 08:21:08 Europe/Berlin] Verifying token: eyJ0eXAiOi...
[10-Jul-2025 08:21:08 Europe/Berlin] Token belongs to user_id: 1
[10-Jul-2025 08:21:08 Europe/Berlin] getCartItems raw fetched items: Array
(
)

[16-Jul-2025 10:16:57 Europe/Berlin] No authentication token provided in request
[16-Jul-2025 16:16:57 Asia/Manila] API Request: /api/stations/horizontal
[16-Jul-2025 16:16:57 Asia/Manila] API Request: /api/stations/horizontal
[16-Jul-2025 10:17:11 Europe/Berlin] Verifying token: eyJ0eXAiOi...
[16-Jul-2025 10:17:11 Europe/Berlin] Token belongs to user_id: 1
[16-Jul-2025 10:17:11 Europe/Berlin] getCartItems raw fetched items: Array
(
)

[16-Jul-2025 16:17:11 Asia/Manila] API Request: /api/stations/horizontal
[16-Jul-2025 10:17:11 Europe/Berlin] Verifying token: eyJ0eXAiOi...
[16-Jul-2025 10:17:11 Europe/Berlin] Token belongs to user_id: 1
[16-Jul-2025 10:17:11 Europe/Berlin] getCartItems raw fetched items: Array
(
)

[16-Jul-2025 16:17:11 Asia/Manila] API Request: /api/stations/horizontal
[16-Jul-2025 10:17:12 Europe/Berlin] Verifying token: eyJ0eXAiOi...
[16-Jul-2025 10:17:12 Europe/Berlin] Token belongs to user_id: 1
[16-Jul-2025 10:17:12 Europe/Berlin] getCartItems raw fetched items: Array
(
)

[16-Jul-2025 10:17:17 Europe/Berlin] Verifying token: eyJ0eXAiOi...
[16-Jul-2025 10:17:17 Europe/Berlin] Token belongs to user_id: 1
[16-Jul-2025 10:17:17 Europe/Berlin] Starting cart sync for user_id: 1
[16-Jul-2025 10:17:17 Europe/Berlin] Syncing from guest session: guest_1748692627518_inawyi6651j to user: 1
[16-Jul-2025 10:17:17 Europe/Berlin] No guest cart found for session_id: guest_1748692627518_inawyi6651j
[22-Jul-2025 07:34:42 Europe/Berlin] Database connection failed: SQLSTATE[HY000] [2002] No connection could be made because the target machine actively refused it
[22-Jul-2025 07:34:44 Europe/Berlin] Database connection failed: SQLSTATE[HY000] [2002] No connection could be made because the target machine actively refused it
[22-Jul-2025 07:34:57 Europe/Berlin] Database connection failed: SQLSTATE[HY000] [2002] No connection could be made because the target machine actively refused it
[22-Jul-2025 07:34:57 Europe/Berlin] Database connection failed: SQLSTATE[HY000] [2002] No connection could be made because the target machine actively refused it
[22-Jul-2025 13:34:57 Asia/Manila] Database connection failed: SQLSTATE[HY000] [2002] No connection could be made because the target machine actively refused it
[22-Jul-2025 13:34:57 Asia/Manila] API Request: /api/stations/horizontal
[22-Jul-2025 13:34:59 Asia/Manila] Exception in API: No connection could be made because the target machine actively refused it in C:\xampp\htdocs\WebGNIS Files\api.php on line 53
Stack trace:
#0 C:\xampp\htdocs\WebGNIS Files\api.php(53): mysqli->__construct('127.0.0.1', 'root', Object(SensitiveParameterValue), 'webgnis_db')
#1 {main}
[22-Jul-2025 07:34:59 Europe/Berlin] Database connection failed: SQLSTATE[HY000] [2002] No connection could be made because the target machine actively refused it
[22-Jul-2025 13:35:01 Asia/Manila] API Request: /api/stations/horizontal
[22-Jul-2025 13:35:01 Asia/Manila] Stations API Request: , Type: horizontal
[22-Jul-2025 13:35:03 Asia/Manila] Exception in API: No connection could be made because the target machine actively refused it in C:\xampp\htdocs\WebGNIS Files\api.php on line 53
Stack trace:
#0 C:\xampp\htdocs\WebGNIS Files\api.php(53): mysqli->__construct('127.0.0.1', 'root', Object(SensitiveParameterValue), 'webgnis_db')
#1 {main}
[22-Jul-2025 13:35:03 Asia/Manila] Exception in stations-api: No connection could be made because the target machine actively refused it in C:\xampp\htdocs\WebGNIS Files\stations-api.php on line 68\nStack trace:\n#0 C:\xampp\htdocs\WebGNIS Files\stations-api.php(68): mysqli->__construct('127.0.0.1', 'root', Object(SensitiveParameterValue), 'webgnis_db')
#1 {main}
[22-Jul-2025 13:35:06 Asia/Manila] Stations API Request: , Type: horizontal
[22-Jul-2025 13:35:08 Asia/Manila] Exception in stations-api: No connection could be made because the target machine actively refused it in C:\xampp\htdocs\WebGNIS Files\stations-api.php on line 68\nStack trace:\n#0 C:\xampp\htdocs\WebGNIS Files\stations-api.php(68): mysqli->__construct('127.0.0.1', 'root', Object(SensitiveParameterValue), 'webgnis_db')
#1 {main}
[22-Jul-2025 07:35:13 Europe/Berlin] Database connection failed: SQLSTATE[HY000] [2002] No connection could be made because the target machine actively refused it
[22-Jul-2025 13:35:19 Asia/Manila] Database connection failed: SQLSTATE[HY000] [2002] No connection could be made because the target machine actively refused it
[22-Jul-2025 07:35:19 Europe/Berlin] Database connection failed: SQLSTATE[HY000] [2002] No connection could be made because the target machine actively refused it
[22-Jul-2025 13:35:19 Asia/Manila] API Request: /api/stations/horizontal
[22-Jul-2025 07:35:19 Europe/Berlin] Database connection failed: SQLSTATE[HY000] [2002] No connection could be made because the target machine actively refused it
[22-Jul-2025 13:35:21 Asia/Manila] Exception in API: No connection could be made because the target machine actively refused it in C:\xampp\htdocs\WebGNIS Files\api.php on line 53
Stack trace:
#0 C:\xampp\htdocs\WebGNIS Files\api.php(53): mysqli->__construct('127.0.0.1', 'root', Object(SensitiveParameterValue), 'webgnis_db')
#1 {main}
[22-Jul-2025 07:35:21 Europe/Berlin] Database connection failed: SQLSTATE[HY000] [2002] No connection could be made because the target machine actively refused it
[22-Jul-2025 13:35:23 Asia/Manila] API Request: /api/stations/horizontal
[22-Jul-2025 13:35:23 Asia/Manila] Stations API Request: , Type: horizontal
[22-Jul-2025 07:35:33 Europe/Berlin] Verifying token: eyJ0eXAiOi...
[22-Jul-2025 07:35:33 Europe/Berlin] Token belongs to user_id: 1
[22-Jul-2025 07:35:33 Europe/Berlin] getCartItems raw fetched items: Array
(
)

[22-Jul-2025 07:35:33 Europe/Berlin] Verifying token: eyJ0eXAiOi...
[22-Jul-2025 07:35:33 Europe/Berlin] Token belongs to user_id: 1
[22-Jul-2025 07:35:33 Europe/Berlin] getCartItems raw fetched items: Array
(
)

[22-Jul-2025 13:35:33 Asia/Manila] API Request: /api/stations/horizontal
[22-Jul-2025 13:35:33 Asia/Manila] API Request: /api/stations/horizontal
[22-Jul-2025 13:35:36 Asia/Manila] PHP Fatal error:  Uncaught mysqli_sql_exception: Unknown column 'id' in 'field list' in C:\xampp\htdocs\WebGNIS Files\users_management.php:56
Stack trace:
#0 C:\xampp\htdocs\WebGNIS Files\users_management.php(56): mysqli->query('SELECT id, user...')
#1 {main}
  thrown in C:\xampp\htdocs\WebGNIS Files\users_management.php on line 56
[22-Jul-2025 07:35:36 Europe/Berlin] Verifying token: eyJ0eXAiOi...
[22-Jul-2025 07:35:36 Europe/Berlin] Token belongs to user_id: 1
[22-Jul-2025 07:35:36 Europe/Berlin] Verifying token: eyJ0eXAiOi...
[22-Jul-2025 07:35:36 Europe/Berlin] Token belongs to user_id: 1
[22-Jul-2025 07:35:36 Europe/Berlin] Starting cart sync for user_id: 1
[22-Jul-2025 07:35:36 Europe/Berlin] getCartItems raw fetched items: Array
(
)

[22-Jul-2025 07:35:36 Europe/Berlin] Syncing from guest session: guest_1748692627518_inawyi6651j to user: 1
[22-Jul-2025 07:35:36 Europe/Berlin] No guest cart found for session_id: guest_1748692627518_inawyi6651j
[22-Jul-2025 07:35:36 Europe/Berlin] Verifying token: eyJ0eXAiOi...
[22-Jul-2025 07:35:36 Europe/Berlin] Token belongs to user_id: 1
[22-Jul-2025 07:35:36 Europe/Berlin] getCartItems raw fetched items: Array
(
)

[22-Jul-2025 13:35:54 Asia/Manila] PHP Fatal error:  Uncaught mysqli_sql_exception: Unknown column 'id' in 'field list' in C:\xampp\htdocs\WebGNIS Files\users_management.php:56
Stack trace:
#0 C:\xampp\htdocs\WebGNIS Files\users_management.php(56): mysqli->query('SELECT id, user...')
#1 {main}
  thrown in C:\xampp\htdocs\WebGNIS Files\users_management.php on line 56
[22-Jul-2025 13:35:56 Asia/Manila] PHP Fatal error:  Uncaught mysqli_sql_exception: Unknown column 'id' in 'field list' in C:\xampp\htdocs\WebGNIS Files\users_management.php:56
Stack trace:
#0 C:\xampp\htdocs\WebGNIS Files\users_management.php(56): mysqli->query('SELECT id, user...')
#1 {main}
  thrown in C:\xampp\htdocs\WebGNIS Files\users_management.php on line 56
[22-Jul-2025 13:35:57 Asia/Manila] PHP Fatal error:  Uncaught mysqli_sql_exception: Unknown column 'id' in 'field list' in C:\xampp\htdocs\WebGNIS Files\users_management.php:56
Stack trace:
#0 C:\xampp\htdocs\WebGNIS Files\users_management.php(56): mysqli->query('SELECT id, user...')
#1 {main}
  thrown in C:\xampp\htdocs\WebGNIS Files\users_management.php on line 56
[22-Jul-2025 13:35:57 Asia/Manila] PHP Fatal error:  Uncaught mysqli_sql_exception: Unknown column 'id' in 'field list' in C:\xampp\htdocs\WebGNIS Files\users_management.php:56
Stack trace:
#0 C:\xampp\htdocs\WebGNIS Files\users_management.php(56): mysqli->query('SELECT id, user...')
#1 {main}
  thrown in C:\xampp\htdocs\WebGNIS Files\users_management.php on line 56
[22-Jul-2025 13:35:58 Asia/Manila] PHP Fatal error:  Uncaught mysqli_sql_exception: Unknown column 'id' in 'field list' in C:\xampp\htdocs\WebGNIS Files\users_management.php:56
Stack trace:
#0 C:\xampp\htdocs\WebGNIS Files\users_management.php(56): mysqli->query('SELECT id, user...')
#1 {main}
  thrown in C:\xampp\htdocs\WebGNIS Files\users_management.php on line 56
[22-Jul-2025 13:35:58 Asia/Manila] PHP Fatal error:  Uncaught mysqli_sql_exception: Unknown column 'id' in 'field list' in C:\xampp\htdocs\WebGNIS Files\users_management.php:56
Stack trace:
#0 C:\xampp\htdocs\WebGNIS Files\users_management.php(56): mysqli->query('SELECT id, user...')
#1 {main}
  thrown in C:\xampp\htdocs\WebGNIS Files\users_management.php on line 56
[22-Jul-2025 13:35:58 Asia/Manila] PHP Fatal error:  Uncaught mysqli_sql_exception: Unknown column 'id' in 'field list' in C:\xampp\htdocs\WebGNIS Files\users_management.php:56
Stack trace:
#0 C:\xampp\htdocs\WebGNIS Files\users_management.php(56): mysqli->query('SELECT id, user...')
#1 {main}
  thrown in C:\xampp\htdocs\WebGNIS Files\users_management.php on line 56
[22-Jul-2025 13:35:59 Asia/Manila] PHP Fatal error:  Uncaught mysqli_sql_exception: Unknown column 'id' in 'field list' in C:\xampp\htdocs\WebGNIS Files\users_management.php:56
Stack trace:
#0 C:\xampp\htdocs\WebGNIS Files\users_management.php(56): mysqli->query('SELECT id, user...')
#1 {main}
  thrown in C:\xampp\htdocs\WebGNIS Files\users_management.php on line 56
[22-Jul-2025 13:35:59 Asia/Manila] PHP Fatal error:  Uncaught mysqli_sql_exception: Unknown column 'id' in 'field list' in C:\xampp\htdocs\WebGNIS Files\users_management.php:56
Stack trace:
#0 C:\xampp\htdocs\WebGNIS Files\users_management.php(56): mysqli->query('SELECT id, user...')
#1 {main}
  thrown in C:\xampp\htdocs\WebGNIS Files\users_management.php on line 56
[22-Jul-2025 13:36:17 Asia/Manila] PHP Fatal error:  Uncaught mysqli_sql_exception: Unknown column 'id' in 'field list' in C:\xampp\htdocs\WebGNIS Files\users_management.php:56
Stack trace:
#0 C:\xampp\htdocs\WebGNIS Files\users_management.php(56): mysqli->query('SELECT id, user...')
#1 {main}
  thrown in C:\xampp\htdocs\WebGNIS Files\users_management.php on line 56
[22-Jul-2025 13:36:17 Asia/Manila] PHP Fatal error:  Uncaught mysqli_sql_exception: Unknown column 'id' in 'field list' in C:\xampp\htdocs\WebGNIS Files\users_management.php:56
Stack trace:
#0 C:\xampp\htdocs\WebGNIS Files\users_management.php(56): mysqli->query('SELECT id, user...')
#1 {main}
  thrown in C:\xampp\htdocs\WebGNIS Files\users_management.php on line 56
[22-Jul-2025 13:36:18 Asia/Manila] PHP Fatal error:  Uncaught mysqli_sql_exception: Unknown column 'id' in 'field list' in C:\xampp\htdocs\WebGNIS Files\users_management.php:56
Stack trace:
#0 C:\xampp\htdocs\WebGNIS Files\users_management.php(56): mysqli->query('SELECT id, user...')
#1 {main}
  thrown in C:\xampp\htdocs\WebGNIS Files\users_management.php on line 56
[22-Jul-2025 13:36:19 Asia/Manila] PHP Fatal error:  Uncaught mysqli_sql_exception: Unknown column 'id' in 'field list' in C:\xampp\htdocs\WebGNIS Files\users_management.php:56
Stack trace:
#0 C:\xampp\htdocs\WebGNIS Files\users_management.php(56): mysqli->query('SELECT id, user...')
#1 {main}
  thrown in C:\xampp\htdocs\WebGNIS Files\users_management.php on line 56
[22-Jul-2025 13:36:19 Asia/Manila] PHP Fatal error:  Uncaught mysqli_sql_exception: Unknown column 'id' in 'field list' in C:\xampp\htdocs\WebGNIS Files\users_management.php:56
Stack trace:
#0 C:\xampp\htdocs\WebGNIS Files\users_management.php(56): mysqli->query('SELECT id, user...')
#1 {main}
  thrown in C:\xampp\htdocs\WebGNIS Files\users_management.php on line 56
[22-Jul-2025 13:36:19 Asia/Manila] PHP Fatal error:  Uncaught mysqli_sql_exception: Unknown column 'id' in 'field list' in C:\xampp\htdocs\WebGNIS Files\users_management.php:56
Stack trace:
#0 C:\xampp\htdocs\WebGNIS Files\users_management.php(56): mysqli->query('SELECT id, user...')
#1 {main}
  thrown in C:\xampp\htdocs\WebGNIS Files\users_management.php on line 56
[22-Jul-2025 13:36:19 Asia/Manila] PHP Fatal error:  Uncaught mysqli_sql_exception: Unknown column 'id' in 'field list' in C:\xampp\htdocs\WebGNIS Files\users_management.php:56
Stack trace:
#0 C:\xampp\htdocs\WebGNIS Files\users_management.php(56): mysqli->query('SELECT id, user...')
#1 {main}
  thrown in C:\xampp\htdocs\WebGNIS Files\users_management.php on line 56
[04-Aug-2025 07:23:07 Europe/Berlin] No authentication token provided in request
[04-Aug-2025 13:23:07 Asia/Manila] API Request: /api/stations/horizontal
[04-Aug-2025 13:23:08 Asia/Manila] API Request: /api/stations/horizontal
[04-Aug-2025 07:24:38 Europe/Berlin] Verifying token: eyJ0eXAiOi...
[04-Aug-2025 07:24:38 Europe/Berlin] Token belongs to user_id: 1
[04-Aug-2025 07:24:38 Europe/Berlin] getCartItems raw fetched items: Array
(
)

[04-Aug-2025 07:24:38 Europe/Berlin] Verifying token: eyJ0eXAiOi...
[04-Aug-2025 07:24:38 Europe/Berlin] Token belongs to user_id: 1
[04-Aug-2025 07:24:38 Europe/Berlin] getCartItems raw fetched items: Array
(
)

[04-Aug-2025 13:24:38 Asia/Manila] API Request: /api/stations/horizontal
[04-Aug-2025 13:24:38 Asia/Manila] API Request: /api/stations/horizontal
[04-Aug-2025 07:24:39 Europe/Berlin] Verifying token: eyJ0eXAiOi...
[04-Aug-2025 07:24:39 Europe/Berlin] Token belongs to user_id: 1
[04-Aug-2025 07:24:39 Europe/Berlin] getCartItems raw fetched items: Array
(
)

[04-Aug-2025 07:24:43 Europe/Berlin] Verifying token: eyJ0eXAiOi...
[04-Aug-2025 07:24:43 Europe/Berlin] Token belongs to user_id: 1
[04-Aug-2025 07:24:43 Europe/Berlin] Starting cart sync for user_id: 1
[04-Aug-2025 07:24:43 Europe/Berlin] Syncing from guest session: guest_1748692627518_inawyi6651j to user: 1
[04-Aug-2025 07:24:43 Europe/Berlin] No guest cart found for session_id: guest_1748692627518_inawyi6651j
[04-Aug-2025 07:24:44 Europe/Berlin] Verifying token: eyJ0eXAiOi...
[04-Aug-2025 07:24:44 Europe/Berlin] Token belongs to user_id: 1
[04-Aug-2025 07:24:44 Europe/Berlin] getCartItems raw fetched items: Array
(
)

[04-Aug-2025 14:10:44 Asia/Manila] Admin API Request received: GET /api/admin/stations/vertical
[04-Aug-2025 14:10:44 Asia/Manila] Query parameters: Array
(
)

[04-Aug-2025 14:10:44 Asia/Manila] Admin: Fetching stations for type: vertical
[04-Aug-2025 14:10:44 Asia/Manila] Admin API Request received: GET /api/admin/regions
[04-Aug-2025 14:10:44 Asia/Manila] Query parameters: Array
(
)

[04-Aug-2025 14:10:44 Asia/Manila] Admin: Fetching regions
[04-Aug-2025 14:10:44 Asia/Manila] Admin API Request received: GET /api/admin/provinces
[04-Aug-2025 14:10:44 Asia/Manila] Query parameters: Array
(
)

[04-Aug-2025 14:10:44 Asia/Manila] Admin: Fetching provinces for region: 
[04-Aug-2025 14:10:44 Asia/Manila] Admin API Request received: GET /api/admin/regions
[04-Aug-2025 14:10:44 Asia/Manila] Query parameters: Array
(
)

[04-Aug-2025 14:10:44 Asia/Manila] Admin: Fetching regions
[04-Aug-2025 14:10:45 Asia/Manila] Admin API Request received: GET /api/admin/cities
[04-Aug-2025 14:10:45 Asia/Manila] Query parameters: Array
(
)

[04-Aug-2025 14:10:45 Asia/Manila] Admin: Fetching cities for province: 
[04-Aug-2025 14:10:45 Asia/Manila] Admin API Request received: GET /api/admin/provinces
[04-Aug-2025 14:10:45 Asia/Manila] Query parameters: Array
(
)

[04-Aug-2025 14:10:45 Asia/Manila] Admin: Fetching provinces for region: 
[04-Aug-2025 14:10:45 Asia/Manila] Admin API Request received: GET /api/admin/cities
[04-Aug-2025 14:10:45 Asia/Manila] Query parameters: Array
(
)

[04-Aug-2025 14:10:45 Asia/Manila] Admin API Request received: GET /api/admin/barangays
[04-Aug-2025 14:10:45 Asia/Manila] Admin: Fetching cities for province: 
[04-Aug-2025 14:10:45 Asia/Manila] Query parameters: Array
(
)

[04-Aug-2025 14:10:45 Asia/Manila] Admin: Fetching barangays for city: 
[04-Aug-2025 14:10:45 Asia/Manila] Admin API Request received: GET /api/admin/barangays
[04-Aug-2025 14:10:45 Asia/Manila] Query parameters: Array
(
)

[04-Aug-2025 14:10:45 Asia/Manila] Admin: Fetching barangays for city: 
[05-Aug-2025 01:28:40 Europe/Berlin] Verifying token: eyJ0eXAiOi...
[05-Aug-2025 01:28:40 Europe/Berlin] Token belongs to user_id: 1
[05-Aug-2025 07:28:40 Asia/Manila] API Request: /api/stations/horizontal
[05-Aug-2025 01:28:40 Europe/Berlin] getCartItems raw fetched items: Array
(
)

[05-Aug-2025 07:28:40 Asia/Manila] API Request: /api/stations/horizontal
[05-Aug-2025 01:28:40 Europe/Berlin] Verifying token: eyJ0eXAiOi...
[05-Aug-2025 01:28:40 Europe/Berlin] Token belongs to user_id: 1
[05-Aug-2025 01:28:40 Europe/Berlin] getCartItems raw fetched items: Array
(
)

[05-Aug-2025 01:28:44 Europe/Berlin] Verifying token: eyJ0eXAiOi...
[05-Aug-2025 01:28:44 Europe/Berlin] Token belongs to user_id: 1
[05-Aug-2025 01:28:44 Europe/Berlin] Starting cart sync for user_id: 1
[05-Aug-2025 01:28:44 Europe/Berlin] Syncing from guest session: guest_1748692627518_inawyi6651j to user: 1
[05-Aug-2025 01:28:44 Europe/Berlin] No guest cart found for session_id: guest_1748692627518_inawyi6651j
[05-Aug-2025 01:28:44 Europe/Berlin] Verifying token: eyJ0eXAiOi...
[05-Aug-2025 01:28:44 Europe/Berlin] Token belongs to user_id: 1
[05-Aug-2025 01:28:44 Europe/Berlin] getCartItems raw fetched items: Array
(
)

[05-Aug-2025 04:27:45 Europe/Berlin] Verifying token: eyJ0eXAiOi...
[05-Aug-2025 04:27:45 Europe/Berlin] Token belongs to user_id: 1
[05-Aug-2025 10:27:46 Asia/Manila] API Request: /api/stations/horizontal
[05-Aug-2025 04:27:46 Europe/Berlin] getCartItems raw fetched items: Array
(
)

[05-Aug-2025 10:27:47 Asia/Manila] API Request: /api/stations/horizontal
[05-Aug-2025 04:27:47 Europe/Berlin] Verifying token: eyJ0eXAiOi...
[05-Aug-2025 04:27:47 Europe/Berlin] Token belongs to user_id: 1
[05-Aug-2025 04:27:47 Europe/Berlin] getCartItems raw fetched items: Array
(
)

[05-Aug-2025 04:27:47 Europe/Berlin] Verifying token: eyJ0eXAiOi...
[05-Aug-2025 04:27:47 Europe/Berlin] Token belongs to user_id: 1
[05-Aug-2025 04:27:47 Europe/Berlin] Starting cart sync for user_id: 1
[05-Aug-2025 04:27:47 Europe/Berlin] Syncing from guest session: guest_1748692627518_inawyi6651j to user: 1
[05-Aug-2025 04:27:47 Europe/Berlin] No guest cart found for session_id: guest_1748692627518_inawyi6651j
[05-Aug-2025 04:28:01 Europe/Berlin] Verifying token: eyJ0eXAiOi...
[05-Aug-2025 04:28:01 Europe/Berlin] Token belongs to user_id: 1
[05-Aug-2025 04:28:01 Europe/Berlin] getCartItems raw fetched items: Array
(
)

[06-Aug-2025 07:13:24 Europe/Berlin] No authentication token provided in request
[06-Aug-2025 13:13:24 Asia/Manila] API Request: /api/stations/horizontal
[06-Aug-2025 13:13:24 Asia/Manila] API Request: /api/stations/horizontal
[06-Aug-2025 07:13:37 Europe/Berlin] Verifying token: eyJ0eXAiOi...
[06-Aug-2025 07:13:37 Europe/Berlin] Token belongs to user_id: 1
[06-Aug-2025 07:13:37 Europe/Berlin] getCartItems raw fetched items: Array
(
)

[06-Aug-2025 07:13:37 Europe/Berlin] Verifying token: eyJ0eXAiOi...
[06-Aug-2025 07:13:37 Europe/Berlin] Token belongs to user_id: 1
[06-Aug-2025 07:13:37 Europe/Berlin] getCartItems raw fetched items: Array
(
)

[06-Aug-2025 13:13:37 Asia/Manila] API Request: /api/stations/horizontal
[06-Aug-2025 13:13:37 Asia/Manila] API Request: /api/stations/horizontal
[06-Aug-2025 07:13:41 Europe/Berlin] Verifying token: eyJ0eXAiOi...
[06-Aug-2025 07:13:41 Europe/Berlin] Verifying token: eyJ0eXAiOi...
[06-Aug-2025 07:13:41 Europe/Berlin] Token belongs to user_id: 1
[06-Aug-2025 07:13:41 Europe/Berlin] Token belongs to user_id: 1
[06-Aug-2025 07:13:41 Europe/Berlin] Starting cart sync for user_id: 1
[06-Aug-2025 07:13:41 Europe/Berlin] Syncing from guest session: guest_1748692627518_inawyi6651j to user: 1
[06-Aug-2025 07:13:41 Europe/Berlin] getCartItems raw fetched items: Array
(
)

[06-Aug-2025 07:13:41 Europe/Berlin] No guest cart found for session_id: guest_1748692627518_inawyi6651j
[06-Aug-2025 13:19:12 Asia/Manila] PHP Fatal error:  Uncaught mysqli_sql_exception: MySQL server has gone away in C:\xampp\htdocs\WebGNIS Files\users_management.php:99
Stack trace:
#0 C:\xampp\htdocs\WebGNIS Files\users_management.php(99): mysqli->query('UPDATE users SE...')
#1 {main}
  thrown in C:\xampp\htdocs\WebGNIS Files\users_management.php on line 99
[06-Aug-2025 13:19:14 Asia/Manila] PHP Fatal error:  Uncaught mysqli_sql_exception: No connection could be made because the target machine actively refused it in C:\xampp\htdocs\WebGNIS Files\users_management.php:27
Stack trace:
#0 C:\xampp\htdocs\WebGNIS Files\users_management.php(27): mysqli->__construct('127.0.0.1', 'root', Object(SensitiveParameterValue), 'webgnis_users')
#1 {main}
  thrown in C:\xampp\htdocs\WebGNIS Files\users_management.php on line 27
[06-Aug-2025 13:19:17 Asia/Manila] PHP Fatal error:  Uncaught mysqli_sql_exception: No connection could be made because the target machine actively refused it in C:\xampp\htdocs\WebGNIS Files\users_management.php:27
Stack trace:
#0 C:\xampp\htdocs\WebGNIS Files\users_management.php(27): mysqli->__construct('127.0.0.1', 'root', Object(SensitiveParameterValue), 'webgnis_users')
#1 {main}
  thrown in C:\xampp\htdocs\WebGNIS Files\users_management.php on line 27
[06-Aug-2025 07:19:17 Europe/Berlin] Database connection failed: SQLSTATE[HY000] [2002] No connection could be made because the target machine actively refused it
[06-Aug-2025 07:19:17 Europe/Berlin] Database connection failed: SQLSTATE[HY000] [2002] No connection could be made because the target machine actively refused it
[06-Aug-2025 07:19:19 Europe/Berlin] Database connection failed: SQLSTATE[HY000] [2002] No connection could be made because the target machine actively refused it
[06-Aug-2025 07:19:29 Europe/Berlin] Database connection failed: SQLSTATE[HY000] [2002] No connection could be made because the target machine actively refused it
[06-Aug-2025 07:19:33 Europe/Berlin] Database connection failed: SQLSTATE[HY000] [2002] No connection could be made because the target machine actively refused it
[06-Aug-2025 07:19:40 Europe/Berlin] Database connection failed: SQLSTATE[HY000] [2002] No connection could be made because the target machine actively refused it
[06-Aug-2025 07:20:16 Europe/Berlin] Database connection failed: SQLSTATE[HY000] [2002] No connection could be made because the target machine actively refused it
[06-Aug-2025 07:20:20 Europe/Berlin] Database connection failed: SQLSTATE[HY000] [2002] No connection could be made because the target machine actively refused it
[06-Aug-2025 07:20:22 Europe/Berlin] Database connection failed: SQLSTATE[HY000] [2002] No connection could be made because the target machine actively refused it
[06-Aug-2025 07:20:24 Europe/Berlin] Database connection failed: SQLSTATE[HY000] [2002] No connection could be made because the target machine actively refused it
[06-Aug-2025 07:20:30 Europe/Berlin] Database connection failed: SQLSTATE[HY000] [2002] No connection could be made because the target machine actively refused it
[06-Aug-2025 13:25:14 Asia/Manila] Admin API Request received: GET /api/admin/stations/vertical
[06-Aug-2025 13:25:14 Asia/Manila] Admin API Request received: GET /api/admin/regions
[06-Aug-2025 13:25:14 Asia/Manila] Query parameters: Array
(
)

[06-Aug-2025 13:25:14 Asia/Manila] Query parameters: Array
(
)

[06-Aug-2025 13:25:14 Asia/Manila] Admin: Fetching stations for type: vertical
[06-Aug-2025 13:25:14 Asia/Manila] Admin: Fetching regions
[06-Aug-2025 13:25:14 Asia/Manila] Admin API Request received: GET /api/admin/provinces
[06-Aug-2025 13:25:14 Asia/Manila] Query parameters: Array
(
)

[06-Aug-2025 13:25:14 Asia/Manila] Admin: Fetching provinces for region: 
[06-Aug-2025 13:25:14 Asia/Manila] Admin API Request received: GET /api/admin/cities
[06-Aug-2025 13:25:14 Asia/Manila] Query parameters: Array
(
)

[06-Aug-2025 13:25:14 Asia/Manila] Admin: Fetching cities for province: 
[06-Aug-2025 13:25:14 Asia/Manila] Admin API Request received: GET /api/admin/barangays
[06-Aug-2025 13:25:14 Asia/Manila] Query parameters: Array
(
)

[06-Aug-2025 13:25:14 Asia/Manila] Admin: Fetching barangays for city: 
[06-Aug-2025 13:25:14 Asia/Manila] Admin API Request received: GET /api/admin/regions
[06-Aug-2025 13:25:14 Asia/Manila] Query parameters: Array
(
)

[06-Aug-2025 13:25:14 Asia/Manila] Admin: Fetching regions
[06-Aug-2025 13:25:14 Asia/Manila] Admin API Request received: GET /api/admin/provinces
[06-Aug-2025 13:25:14 Asia/Manila] Query parameters: Array
(
)

[06-Aug-2025 13:25:14 Asia/Manila] Admin: Fetching provinces for region: 
[06-Aug-2025 13:25:14 Asia/Manila] Admin API Request received: GET /api/admin/cities
[06-Aug-2025 13:25:14 Asia/Manila] Query parameters: Array
(
)

[06-Aug-2025 13:25:14 Asia/Manila] Admin: Fetching cities for province: 
[06-Aug-2025 13:25:14 Asia/Manila] Admin API Request received: GET /api/admin/barangays
[06-Aug-2025 13:25:14 Asia/Manila] Query parameters: Array
(
)

[06-Aug-2025 13:25:14 Asia/Manila] Admin: Fetching barangays for city: 
[20-Aug-2025 04:58:53 Europe/Berlin] No authentication token provided in request
[20-Aug-2025 10:58:53 Asia/Manila] API Request: /api/stations/horizontal
[20-Aug-2025 10:58:53 Asia/Manila] API Request: /api/stations/horizontal
[20-Aug-2025 05:01:46 Europe/Berlin] Verifying token: eyJ0eXAiOi...
[20-Aug-2025 05:01:46 Europe/Berlin] Token belongs to user_id: 1
[20-Aug-2025 05:01:46 Europe/Berlin] getCartItems raw fetched items: Array
(
)

[20-Aug-2025 05:01:47 Europe/Berlin] Verifying token: eyJ0eXAiOi...
[20-Aug-2025 05:01:47 Europe/Berlin] Token belongs to user_id: 1
[20-Aug-2025 05:01:47 Europe/Berlin] getCartItems raw fetched items: Array
(
)

[20-Aug-2025 11:01:47 Asia/Manila] API Request: /api/stations/horizontal
[20-Aug-2025 11:01:47 Asia/Manila] API Request: /api/stations/horizontal
[20-Aug-2025 05:01:48 Europe/Berlin] Verifying token: eyJ0eXAiOi...
[20-Aug-2025 05:01:48 Europe/Berlin] Token belongs to user_id: 1
[20-Aug-2025 05:01:48 Europe/Berlin] getCartItems raw fetched items: Array
(
)

[20-Aug-2025 05:01:48 Europe/Berlin] Verifying token: eyJ0eXAiOi...
[20-Aug-2025 05:01:48 Europe/Berlin] Token belongs to user_id: 1
[20-Aug-2025 05:01:48 Europe/Berlin] Starting cart sync for user_id: 1
[20-Aug-2025 05:01:48 Europe/Berlin] Syncing from guest session: guest_1748692627518_inawyi6651j to user: 1
[20-Aug-2025 05:01:48 Europe/Berlin] No guest cart found for session_id: guest_1748692627518_inawyi6651j
[20-Aug-2025 11:04:56 Asia/Manila] Admin API Request received: GET /api/admin/regions
[20-Aug-2025 11:04:56 Asia/Manila] Query parameters: Array
(
)

[20-Aug-2025 11:04:56 Asia/Manila] Admin: Fetching regions
[20-Aug-2025 11:04:56 Asia/Manila] Admin API Request received: GET /api/admin/stations/vertical
[20-Aug-2025 11:04:56 Asia/Manila] Query parameters: Array
(
)

[20-Aug-2025 11:04:56 Asia/Manila] Admin: Fetching stations for type: vertical
[20-Aug-2025 11:04:56 Asia/Manila] Admin API Request received: GET /api/admin/provinces
[20-Aug-2025 11:04:56 Asia/Manila] Query parameters: Array
(
)

[20-Aug-2025 11:04:56 Asia/Manila] Admin: Fetching provinces for region: 
[20-Aug-2025 11:04:56 Asia/Manila] Admin API Request received: GET /api/admin/cities
[20-Aug-2025 11:04:56 Asia/Manila] Query parameters: Array
(
)

[20-Aug-2025 11:04:56 Asia/Manila] Admin: Fetching cities for province: 
[20-Aug-2025 11:04:56 Asia/Manila] Admin API Request received: GET /api/admin/regions
[20-Aug-2025 11:04:56 Asia/Manila] Query parameters: Array
(
)

[20-Aug-2025 11:04:56 Asia/Manila] Admin: Fetching regions
[20-Aug-2025 11:04:56 Asia/Manila] Admin API Request received: GET /api/admin/barangays
[20-Aug-2025 11:04:56 Asia/Manila] Query parameters: Array
(
)

[20-Aug-2025 11:04:56 Asia/Manila] Admin: Fetching barangays for city: 
[20-Aug-2025 11:04:56 Asia/Manila] Admin API Request received: GET /api/admin/provinces
[20-Aug-2025 11:04:56 Asia/Manila] Query parameters: Array
(
)

[20-Aug-2025 11:04:56 Asia/Manila] Admin: Fetching provinces for region: 
[20-Aug-2025 11:04:56 Asia/Manila] Admin API Request received: GET /api/admin/cities
[20-Aug-2025 11:04:56 Asia/Manila] Query parameters: Array
(
)

[20-Aug-2025 11:04:56 Asia/Manila] Admin: Fetching cities for province: 
[20-Aug-2025 11:04:56 Asia/Manila] Admin API Request received: GET /api/admin/barangays
[20-Aug-2025 11:04:56 Asia/Manila] Query parameters: Array
(
)

[20-Aug-2025 11:04:56 Asia/Manila] Admin: Fetching barangays for city: 
[20-Aug-2025 05:04:58 Europe/Berlin] Verifying token: eyJ0eXAiOi...
[20-Aug-2025 05:04:58 Europe/Berlin] Token belongs to user_id: 1
[20-Aug-2025 05:04:58 Europe/Berlin] getCartItems raw fetched items: Array
(
)

[20-Aug-2025 11:04:58 Asia/Manila] API Request: /api/stations/horizontal
[20-Aug-2025 11:04:59 Asia/Manila] API Request: /api/stations/horizontal
[20-Aug-2025 05:05:00 Europe/Berlin] Verifying token: eyJ0eXAiOi...
[20-Aug-2025 05:05:00 Europe/Berlin] Token belongs to user_id: 1
[20-Aug-2025 05:05:00 Europe/Berlin] getCartItems raw fetched items: Array
(
)

[20-Aug-2025 05:05:00 Europe/Berlin] Verifying token: eyJ0eXAiOi...
[20-Aug-2025 05:05:00 Europe/Berlin] Token belongs to user_id: 1
[20-Aug-2025 05:05:00 Europe/Berlin] Starting cart sync for user_id: 1
[20-Aug-2025 05:05:00 Europe/Berlin] Syncing from guest session: guest_1748692627518_inawyi6651j to user: 1
[20-Aug-2025 05:05:00 Europe/Berlin] No guest cart found for session_id: guest_1748692627518_inawyi6651j
[20-Aug-2025 05:05:12 Europe/Berlin] Verifying token: eyJ0eXAiOi...
[20-Aug-2025 05:05:12 Europe/Berlin] Token belongs to user_id: 1
[20-Aug-2025 05:05:12 Europe/Berlin] getCartItems raw fetched items: Array
(
)

[20-Aug-2025 05:10:05 Europe/Berlin] PHP Warning:  ini_set(): Session ini settings cannot be changed after headers have already been sent in C:\xampp\htdocs\WebGNIS Files\config.php on line 64
[20-Aug-2025 05:10:05 Europe/Berlin] PHP Warning:  ini_set(): Session ini settings cannot be changed after headers have already been sent in C:\xampp\htdocs\WebGNIS Files\config.php on line 65
[20-Aug-2025 11:10:05 Asia/Manila] PHP Warning:  Undefined array key "REQUEST_METHOD" in C:\xampp\htdocs\WebGNIS Files\stations_viewer.php on line 170
[20-Aug-2025 05:14:08 Europe/Berlin] PHP Warning:  ini_set(): Session ini settings cannot be changed after headers have already been sent in C:\xampp\htdocs\WebGNIS Files\config.php on line 64
[20-Aug-2025 05:14:08 Europe/Berlin] PHP Warning:  ini_set(): Session ini settings cannot be changed after headers have already been sent in C:\xampp\htdocs\WebGNIS Files\config.php on line 65
[20-Aug-2025 11:14:08 Asia/Manila] PHP Warning:  Undefined array key "REQUEST_METHOD" in C:\xampp\htdocs\WebGNIS Files\stations_viewer.php on line 170
[20-Aug-2025 06:04:29 Europe/Berlin] Verifying token: eyJ0eXAiOi...
[20-Aug-2025 06:04:29 Europe/Berlin] Token belongs to user_id: 1
[20-Aug-2025 06:04:30 Europe/Berlin] getCartItems raw fetched items: Array
(
)

[20-Aug-2025 12:04:30 Asia/Manila] API Request: /api/stations/horizontal
[20-Aug-2025 12:04:30 Asia/Manila] API Request: /api/stations/horizontal
[20-Aug-2025 06:04:30 Europe/Berlin] Verifying token: eyJ0eXAiOi...
[20-Aug-2025 06:04:30 Europe/Berlin] Token belongs to user_id: 1
[20-Aug-2025 06:04:30 Europe/Berlin] getCartItems raw fetched items: Array
(
)

[20-Aug-2025 06:04:33 Europe/Berlin] Verifying token: eyJ0eXAiOi...
[20-Aug-2025 06:04:33 Europe/Berlin] Token belongs to user_id: 1
[20-Aug-2025 06:04:33 Europe/Berlin] Starting cart sync for user_id: 1
[20-Aug-2025 06:04:33 Europe/Berlin] Syncing from guest session: guest_1748692627518_inawyi6651j to user: 1
[20-Aug-2025 06:04:33 Europe/Berlin] No guest cart found for session_id: guest_1748692627518_inawyi6651j
[20-Aug-2025 06:04:34 Europe/Berlin] Verifying token: eyJ0eXAiOi...
[20-Aug-2025 06:04:34 Europe/Berlin] Token belongs to user_id: 1
[20-Aug-2025 06:04:34 Europe/Berlin] getCartItems raw fetched items: Array
(
)

[20-Aug-2025 06:20:14 Europe/Berlin] Verifying token: eyJ0eXAiOi...
[20-Aug-2025 06:20:14 Europe/Berlin] Token belongs to user_id: 1
[20-Aug-2025 06:20:15 Europe/Berlin] getCartItems raw fetched items: Array
(
)

[20-Aug-2025 12:20:15 Asia/Manila] API Request: /api/stations/horizontal
[20-Aug-2025 12:20:15 Asia/Manila] API Request: /api/stations/horizontal
[20-Aug-2025 06:20:16 Europe/Berlin] Verifying token: eyJ0eXAiOi...
[20-Aug-2025 06:20:16 Europe/Berlin] Token belongs to user_id: 1
[20-Aug-2025 06:20:16 Europe/Berlin] Verifying token: eyJ0eXAiOi...
[20-Aug-2025 06:20:16 Europe/Berlin] Token belongs to user_id: 1
[20-Aug-2025 06:20:16 Europe/Berlin] Starting cart sync for user_id: 1
[20-Aug-2025 06:20:16 Europe/Berlin] Syncing from guest session: guest_1748692627518_inawyi6651j to user: 1
[20-Aug-2025 06:20:16 Europe/Berlin] getCartItems raw fetched items: Array
(
)

[20-Aug-2025 06:20:16 Europe/Berlin] No guest cart found for session_id: guest_1748692627518_inawyi6651j
[20-Aug-2025 06:20:18 Europe/Berlin] Verifying token: eyJ0eXAiOi...
[20-Aug-2025 06:20:18 Europe/Berlin] Token belongs to user_id: 1
[20-Aug-2025 06:20:18 Europe/Berlin] getCartItems raw fetched items: Array
(
)

[20-Aug-2025 08:07:03 Europe/Berlin] Verifying token: eyJ0eXAiOi...
[20-Aug-2025 14:07:03 Asia/Manila] API Request: /api/stations/horizontal
[20-Aug-2025 08:07:03 Europe/Berlin] Token belongs to user_id: 1
[20-Aug-2025 08:07:04 Europe/Berlin] getCartItems raw fetched items: Array
(
)

[20-Aug-2025 14:07:04 Asia/Manila] API Request: /api/stations/horizontal
[20-Aug-2025 08:07:05 Europe/Berlin] Verifying token: eyJ0eXAiOi...
[20-Aug-2025 08:07:05 Europe/Berlin] Token belongs to user_id: 1
[20-Aug-2025 08:07:05 Europe/Berlin] getCartItems raw fetched items: Array
(
)

[20-Aug-2025 08:07:12 Europe/Berlin] Verifying token: eyJ0eXAiOi...
[20-Aug-2025 08:07:12 Europe/Berlin] Token belongs to user_id: 1
[20-Aug-2025 08:07:12 Europe/Berlin] Starting cart sync for user_id: 1
[20-Aug-2025 08:07:12 Europe/Berlin] Syncing from guest session: guest_1748692627518_inawyi6651j to user: 1
[20-Aug-2025 08:07:12 Europe/Berlin] No guest cart found for session_id: guest_1748692627518_inawyi6651j
[20-Aug-2025 08:07:12 Europe/Berlin] Verifying token: eyJ0eXAiOi...
[20-Aug-2025 08:07:12 Europe/Berlin] Token belongs to user_id: 1
[20-Aug-2025 08:07:12 Europe/Berlin] getCartItems raw fetched items: Array
(
)

[20-Aug-2025 14:11:05 Asia/Manila] PHP Fatal error:  Uncaught mysqli_sql_exception: MySQL server has gone away in C:\xampp\htdocs\WebGNIS Files\users_management.php:79
Stack trace:
#0 C:\xampp\htdocs\WebGNIS Files\users_management.php(79): mysqli_stmt->execute()
#1 {main}
  thrown in C:\xampp\htdocs\WebGNIS Files\users_management.php on line 79
[20-Aug-2025 14:11:08 Asia/Manila] PHP Fatal error:  Uncaught mysqli_sql_exception: No connection could be made because the target machine actively refused it in C:\xampp\htdocs\WebGNIS Files\users_management.php:27
Stack trace:
#0 C:\xampp\htdocs\WebGNIS Files\users_management.php(27): mysqli->__construct('127.0.0.1', 'root', Object(SensitiveParameterValue), 'webgnis_users')
#1 {main}
  thrown in C:\xampp\htdocs\WebGNIS Files\users_management.php on line 27
[20-Aug-2025 14:11:10 Asia/Manila] PHP Fatal error:  Uncaught mysqli_sql_exception: No connection could be made because the target machine actively refused it in C:\xampp\htdocs\WebGNIS Files\users_management.php:27
Stack trace:
#0 C:\xampp\htdocs\WebGNIS Files\users_management.php(27): mysqli->__construct('127.0.0.1', 'root', Object(SensitiveParameterValue), 'webgnis_users')
#1 {main}
  thrown in C:\xampp\htdocs\WebGNIS Files\users_management.php on line 27
[20-Aug-2025 14:11:12 Asia/Manila] PHP Fatal error:  Uncaught mysqli_sql_exception: No connection could be made because the target machine actively refused it in C:\xampp\htdocs\WebGNIS Files\users_management.php:27
Stack trace:
#0 C:\xampp\htdocs\WebGNIS Files\users_management.php(27): mysqli->__construct('127.0.0.1', 'root', Object(SensitiveParameterValue), 'webgnis_users')
#1 {main}
  thrown in C:\xampp\htdocs\WebGNIS Files\users_management.php on line 27
[20-Aug-2025 14:11:31 Asia/Manila] PHP Fatal error:  Uncaught mysqli_sql_exception: No connection could be made because the target machine actively refused it in C:\xampp\htdocs\WebGNIS Files\users_management.php:27
Stack trace:
#0 C:\xampp\htdocs\WebGNIS Files\users_management.php(27): mysqli->__construct('127.0.0.1', 'root', Object(SensitiveParameterValue), 'webgnis_users')
#1 {main}
  thrown in C:\xampp\htdocs\WebGNIS Files\users_management.php on line 27
[20-Aug-2025 14:11:33 Asia/Manila] PHP Fatal error:  Uncaught mysqli_sql_exception: No connection could be made because the target machine actively refused it in C:\xampp\htdocs\WebGNIS Files\users_management.php:27
Stack trace:
#0 C:\xampp\htdocs\WebGNIS Files\users_management.php(27): mysqli->__construct('127.0.0.1', 'root', Object(SensitiveParameterValue), 'webgnis_users')
#1 {main}
  thrown in C:\xampp\htdocs\WebGNIS Files\users_management.php on line 27
[20-Aug-2025 14:11:35 Asia/Manila] PHP Fatal error:  Uncaught mysqli_sql_exception: No connection could be made because the target machine actively refused it in C:\xampp\htdocs\WebGNIS Files\users_management.php:27
Stack trace:
#0 C:\xampp\htdocs\WebGNIS Files\users_management.php(27): mysqli->__construct('127.0.0.1', 'root', Object(SensitiveParameterValue), 'webgnis_users')
#1 {main}
  thrown in C:\xampp\htdocs\WebGNIS Files\users_management.php on line 27
[20-Aug-2025 14:11:37 Asia/Manila] PHP Fatal error:  Uncaught mysqli_sql_exception: No connection could be made because the target machine actively refused it in C:\xampp\htdocs\WebGNIS Files\users_management.php:27
Stack trace:
#0 C:\xampp\htdocs\WebGNIS Files\users_management.php(27): mysqli->__construct('127.0.0.1', 'root', Object(SensitiveParameterValue), 'webgnis_users')
#1 {main}
  thrown in C:\xampp\htdocs\WebGNIS Files\users_management.php on line 27
[20-Aug-2025 14:11:47 Asia/Manila] PHP Fatal error:  Uncaught mysqli_sql_exception: No connection could be made because the target machine actively refused it in C:\xampp\htdocs\WebGNIS Files\users_management.php:27
Stack trace:
#0 C:\xampp\htdocs\WebGNIS Files\users_management.php(27): mysqli->__construct('127.0.0.1', 'root', Object(SensitiveParameterValue), 'webgnis_users')
#1 {main}
  thrown in C:\xampp\htdocs\WebGNIS Files\users_management.php on line 27
[20-Aug-2025 14:11:49 Asia/Manila] PHP Fatal error:  Uncaught mysqli_sql_exception: No connection could be made because the target machine actively refused it in C:\xampp\htdocs\WebGNIS Files\users_management.php:27
Stack trace:
#0 C:\xampp\htdocs\WebGNIS Files\users_management.php(27): mysqli->__construct('127.0.0.1', 'root', Object(SensitiveParameterValue), 'webgnis_users')
#1 {main}
  thrown in C:\xampp\htdocs\WebGNIS Files\users_management.php on line 27
[20-Aug-2025 14:11:51 Asia/Manila] PHP Fatal error:  Uncaught mysqli_sql_exception: No connection could be made because the target machine actively refused it in C:\xampp\htdocs\WebGNIS Files\users_management.php:27
Stack trace:
#0 C:\xampp\htdocs\WebGNIS Files\users_management.php(27): mysqli->__construct('127.0.0.1', 'root', Object(SensitiveParameterValue), 'webgnis_users')
#1 {main}
  thrown in C:\xampp\htdocs\WebGNIS Files\users_management.php on line 27
[20-Aug-2025 14:11:53 Asia/Manila] PHP Fatal error:  Uncaught mysqli_sql_exception: No connection could be made because the target machine actively refused it in C:\xampp\htdocs\WebGNIS Files\users_management.php:27
Stack trace:
#0 C:\xampp\htdocs\WebGNIS Files\users_management.php(27): mysqli->__construct('127.0.0.1', 'root', Object(SensitiveParameterValue), 'webgnis_users')
#1 {main}
  thrown in C:\xampp\htdocs\WebGNIS Files\users_management.php on line 27
[20-Aug-2025 14:11:55 Asia/Manila] PHP Fatal error:  Uncaught mysqli_sql_exception: No connection could be made because the target machine actively refused it in C:\xampp\htdocs\WebGNIS Files\users_management.php:27
Stack trace:
#0 C:\xampp\htdocs\WebGNIS Files\users_management.php(27): mysqli->__construct('127.0.0.1', 'root', Object(SensitiveParameterValue), 'webgnis_users')
#1 {main}
  thrown in C:\xampp\htdocs\WebGNIS Files\users_management.php on line 27
[20-Aug-2025 14:11:57 Asia/Manila] PHP Fatal error:  Uncaught mysqli_sql_exception: No connection could be made because the target machine actively refused it in C:\xampp\htdocs\WebGNIS Files\users_management.php:27
Stack trace:
#0 C:\xampp\htdocs\WebGNIS Files\users_management.php(27): mysqli->__construct('127.0.0.1', 'root', Object(SensitiveParameterValue), 'webgnis_users')
#1 {main}
  thrown in C:\xampp\htdocs\WebGNIS Files\users_management.php on line 27
[20-Aug-2025 14:17:34 Asia/Manila] PHP Fatal error:  Uncaught mysqli_sql_exception: No connection could be made because the target machine actively refused it in C:\xampp\htdocs\WebGNIS Files\users_management.php:27
Stack trace:
#0 C:\xampp\htdocs\WebGNIS Files\users_management.php(27): mysqli->__construct('127.0.0.1', 'root', Object(SensitiveParameterValue), 'webgnis_users')
#1 {main}
  thrown in C:\xampp\htdocs\WebGNIS Files\users_management.php on line 27
[20-Aug-2025 14:17:36 Asia/Manila] PHP Fatal error:  Uncaught mysqli_sql_exception: No connection could be made because the target machine actively refused it in C:\xampp\htdocs\WebGNIS Files\users_management.php:27
Stack trace:
#0 C:\xampp\htdocs\WebGNIS Files\users_management.php(27): mysqli->__construct('127.0.0.1', 'root', Object(SensitiveParameterValue), 'webgnis_users')
#1 {main}
  thrown in C:\xampp\htdocs\WebGNIS Files\users_management.php on line 27
[20-Aug-2025 14:17:38 Asia/Manila] PHP Fatal error:  Uncaught mysqli_sql_exception: No connection could be made because the target machine actively refused it in C:\xampp\htdocs\WebGNIS Files\users_management.php:27
Stack trace:
#0 C:\xampp\htdocs\WebGNIS Files\users_management.php(27): mysqli->__construct('127.0.0.1', 'root', Object(SensitiveParameterValue), 'webgnis_users')
#1 {main}
  thrown in C:\xampp\htdocs\WebGNIS Files\users_management.php on line 27
[20-Aug-2025 14:17:41 Asia/Manila] PHP Fatal error:  Uncaught mysqli_sql_exception: No connection could be made because the target machine actively refused it in C:\xampp\htdocs\WebGNIS Files\users_management.php:27
Stack trace:
#0 C:\xampp\htdocs\WebGNIS Files\users_management.php(27): mysqli->__construct('127.0.0.1', 'root', Object(SensitiveParameterValue), 'webgnis_users')
#1 {main}
  thrown in C:\xampp\htdocs\WebGNIS Files\users_management.php on line 27
[20-Aug-2025 14:17:43 Asia/Manila] PHP Fatal error:  Uncaught mysqli_sql_exception: No connection could be made because the target machine actively refused it in C:\xampp\htdocs\WebGNIS Files\users_management.php:27
Stack trace:
#0 C:\xampp\htdocs\WebGNIS Files\users_management.php(27): mysqli->__construct('127.0.0.1', 'root', Object(SensitiveParameterValue), 'webgnis_users')
#1 {main}
  thrown in C:\xampp\htdocs\WebGNIS Files\users_management.php on line 27
[20-Aug-2025 14:17:45 Asia/Manila] PHP Fatal error:  Uncaught mysqli_sql_exception: No connection could be made because the target machine actively refused it in C:\xampp\htdocs\WebGNIS Files\users_management.php:27
Stack trace:
#0 C:\xampp\htdocs\WebGNIS Files\users_management.php(27): mysqli->__construct('127.0.0.1', 'root', Object(SensitiveParameterValue), 'webgnis_users')
#1 {main}
  thrown in C:\xampp\htdocs\WebGNIS Files\users_management.php on line 27
[20-Aug-2025 14:17:47 Asia/Manila] PHP Fatal error:  Uncaught mysqli_sql_exception: No connection could be made because the target machine actively refused it in C:\xampp\htdocs\WebGNIS Files\users_management.php:27
Stack trace:
#0 C:\xampp\htdocs\WebGNIS Files\users_management.php(27): mysqli->__construct('127.0.0.1', 'root', Object(SensitiveParameterValue), 'webgnis_users')
#1 {main}
  thrown in C:\xampp\htdocs\WebGNIS Files\users_management.php on line 27
[20-Aug-2025 14:17:49 Asia/Manila] PHP Fatal error:  Uncaught mysqli_sql_exception: No connection could be made because the target machine actively refused it in C:\xampp\htdocs\WebGNIS Files\users_management.php:27
Stack trace:
#0 C:\xampp\htdocs\WebGNIS Files\users_management.php(27): mysqli->__construct('127.0.0.1', 'root', Object(SensitiveParameterValue), 'webgnis_users')
#1 {main}
  thrown in C:\xampp\htdocs\WebGNIS Files\users_management.php on line 27
[20-Aug-2025 14:17:51 Asia/Manila] PHP Fatal error:  Uncaught mysqli_sql_exception: No connection could be made because the target machine actively refused it in C:\xampp\htdocs\WebGNIS Files\users_management.php:27
Stack trace:
#0 C:\xampp\htdocs\WebGNIS Files\users_management.php(27): mysqli->__construct('127.0.0.1', 'root', Object(SensitiveParameterValue), 'webgnis_users')
#1 {main}
  thrown in C:\xampp\htdocs\WebGNIS Files\users_management.php on line 27
[20-Aug-2025 14:17:53 Asia/Manila] PHP Fatal error:  Uncaught mysqli_sql_exception: No connection could be made because the target machine actively refused it in C:\xampp\htdocs\WebGNIS Files\users_management.php:27
Stack trace:
#0 C:\xampp\htdocs\WebGNIS Files\users_management.php(27): mysqli->__construct('127.0.0.1', 'root', Object(SensitiveParameterValue), 'webgnis_users')
#1 {main}
  thrown in C:\xampp\htdocs\WebGNIS Files\users_management.php on line 27
[20-Aug-2025 14:17:55 Asia/Manila] PHP Fatal error:  Uncaught mysqli_sql_exception: No connection could be made because the target machine actively refused it in C:\xampp\htdocs\WebGNIS Files\users_management.php:27
Stack trace:
#0 C:\xampp\htdocs\WebGNIS Files\users_management.php(27): mysqli->__construct('127.0.0.1', 'root', Object(SensitiveParameterValue), 'webgnis_users')
#1 {main}
  thrown in C:\xampp\htdocs\WebGNIS Files\users_management.php on line 27
[20-Aug-2025 14:17:57 Asia/Manila] PHP Fatal error:  Uncaught mysqli_sql_exception: No connection could be made because the target machine actively refused it in C:\xampp\htdocs\WebGNIS Files\users_management.php:27
Stack trace:
#0 C:\xampp\htdocs\WebGNIS Files\users_management.php(27): mysqli->__construct('127.0.0.1', 'root', Object(SensitiveParameterValue), 'webgnis_users')
#1 {main}
  thrown in C:\xampp\htdocs\WebGNIS Files\users_management.php on line 27
[20-Aug-2025 08:55:25 Europe/Berlin] Verifying token: eyJ0eXAiOi...
[20-Aug-2025 08:55:25 Europe/Berlin] Token belongs to user_id: 1
[20-Aug-2025 14:55:25 Asia/Manila] API Request: /api/stations/horizontal
[20-Aug-2025 08:55:25 Europe/Berlin] getCartItems raw fetched items: Array
(
)

[20-Aug-2025 14:55:25 Asia/Manila] API Request: /api/stations/horizontal
[20-Aug-2025 08:55:27 Europe/Berlin] Verifying token: eyJ0eXAiOi...
[20-Aug-2025 08:55:27 Europe/Berlin] Verifying token: eyJ0eXAiOi...
[20-Aug-2025 08:55:27 Europe/Berlin] Token belongs to user_id: 1
[20-Aug-2025 08:55:27 Europe/Berlin] Token belongs to user_id: 1
[20-Aug-2025 08:55:27 Europe/Berlin] Starting cart sync for user_id: 1
[20-Aug-2025 08:55:27 Europe/Berlin] Syncing from guest session: guest_1748692627518_inawyi6651j to user: 1
[20-Aug-2025 08:55:27 Europe/Berlin] getCartItems raw fetched items: Array
(
)

[20-Aug-2025 08:55:27 Europe/Berlin] No guest cart found for session_id: guest_1748692627518_inawyi6651j
[20-Aug-2025 08:55:29 Europe/Berlin] Verifying token: eyJ0eXAiOi...
[20-Aug-2025 08:55:29 Europe/Berlin] Token belongs to user_id: 1
[20-Aug-2025 08:55:29 Europe/Berlin] getCartItems raw fetched items: Array
(
)

